2026-05-31 18:10:12,660 INFO o.a.j.u.JMeterUtils: Setting Locale to zh_CN
2026-05-31 18:10:12,681 INFO o.a.j.JMeter: Loading user properties from: D:\professional\apache-jmeter-5.6.3\bin\user.properties
2026-05-31 18:10:12,681 INFO o.a.j.JMeter: Loading system properties from: D:\professional\apache-jmeter-5.6.3\bin\system.properties
2026-05-31 18:10:12,685 INFO o.a.j.JMeter: Copyright (c) 1998-2024 The Apache Software Foundation
2026-05-31 18:10:12,685 INFO o.a.j.JMeter: Version 5.6.3
2026-05-31 18:10:12,685 INFO o.a.j.JMeter: java.version=21.0.8
2026-05-31 18:10:12,685 INFO o.a.j.JMeter: java.vm.name=Java HotSpot(TM) 64-Bit Server VM
2026-05-31 18:10:12,685 INFO o.a.j.JMeter: os.name=Windows 11
2026-05-31 18:10:12,685 INFO o.a.j.JMeter: os.arch=amd64
2026-05-31 18:10:12,685 INFO o.a.j.JMeter: os.version=10.0
2026-05-31 18:10:12,685 INFO o.a.j.JMeter: file.encoding=UTF-8
2026-05-31 18:10:12,685 INFO o.a.j.JMeter: java.awt.headless=true
2026-05-31 18:10:12,685 INFO o.a.j.JMeter: Max memory     =1073741824
2026-05-31 18:10:12,685 INFO o.a.j.JMeter: Available Processors =14
2026-05-31 18:10:12,691 INFO o.a.j.JMeter: Default Locale=English (EN)
2026-05-31 18:10:12,691 INFO o.a.j.JMeter: JMeter  Locale=Chinese (China)
2026-05-31 18:10:12,691 INFO o.a.j.JMeter: JMeterHome=D:\professional\apache-jmeter-5.6.3
2026-05-31 18:10:12,691 INFO o.a.j.JMeter: user.dir  =D:\ruanchuang\MedicalAssistant
2026-05-31 18:10:12,692 INFO o.a.j.JMeter: PWD       =D:\ruanchuang\MedicalAssistant
2026-05-31 18:10:12,693 INFO o.a.j.JMeter: IP: 10.133.135.15 Name: LAPTOP-B00TMNH4 FullName: LAPTOP-B00TMNH4
2026-05-31 18:10:12,704 INFO o.a.j.s.FileServer: Default base='D:\ruanchuang\MedicalAssistant'
2026-05-31 18:10:12,706 INFO o.a.j.s.FileServer: Set new base='D:\ruanchuang'
2026-05-31 18:10:12,871 INFO o.a.j.s.SaveService: Testplan (JMX) version: 2.2. Testlog (JTL) version: 2.2
2026-05-31 18:10:12,896 INFO o.a.j.s.SaveService: Using SaveService properties version 5.0
2026-05-31 18:10:12,899 INFO o.a.j.s.SaveService: Using SaveService properties file encoding UTF-8
2026-05-31 18:10:12,901 INFO o.a.j.s.SaveService: Loading file: D:\ruanchuang\comprehensive_api_test.jmx
2026-05-31 18:10:12,950 INFO o.a.j.p.h.s.HTTPSamplerBase: Parser for text/html is org.apache.jmeter.protocol.http.parser.LagartoBasedHtmlParser
2026-05-31 18:10:12,950 INFO o.a.j.p.h.s.HTTPSamplerBase: Parser for application/xhtml+xml is org.apache.jmeter.protocol.http.parser.LagartoBasedHtmlParser
2026-05-31 18:10:12,950 INFO o.a.j.p.h.s.HTTPSamplerBase: Parser for application/xml is org.apache.jmeter.protocol.http.parser.LagartoBasedHtmlParser
2026-05-31 18:10:12,950 INFO o.a.j.p.h.s.HTTPSamplerBase: Parser for text/xml is org.apache.jmeter.protocol.http.parser.LagartoBasedHtmlParser
2026-05-31 18:10:12,950 INFO o.a.j.p.h.s.HTTPSamplerBase: Parser for text/vnd.wap.wml is org.apache.jmeter.protocol.http.parser.RegexpHTMLParser
2026-05-31 18:10:12,950 INFO o.a.j.p.h.s.HTTPSamplerBase: Parser for text/css is org.apache.jmeter.protocol.http.parser.CssParser
2026-05-31 18:10:13,004 INFO o.a.j.JMeter: Creating summariser <summary>
2026-05-31 18:10:13,034 INFO o.a.j.e.StandardJMeterEngine: Running the test!
2026-05-31 18:10:13,035 INFO o.a.j.s.SampleEvent: List of sample_variables: []
2026-05-31 18:10:13,035 INFO o.a.j.s.SampleEvent: List of sample_variables: []
2026-05-31 18:10:13,038 INFO o.a.j.e.u.CompoundVariable: Note: Function class names must contain the string: '.functions.'
2026-05-31 18:10:13,038 INFO o.a.j.e.u.CompoundVariable: Note: Function class names must not contain the string: '.gui.'
2026-05-31 18:10:13,271 INFO o.a.j.JMeter: 正在运行的测试 (1780222213271)
2026-05-31 18:10:13,286 INFO o.a.j.e.StandardJMeterEngine: Starting ThreadGroup: 1 : S1 Baseline (100t)
2026-05-31 18:10:13,286 INFO o.a.j.e.StandardJMeterEngine: Starting 100 threads for group S1 Baseline (100t).
2026-05-31 18:10:13,286 INFO o.a.j.e.StandardJMeterEngine: Thread will continue on error
2026-05-31 18:10:13,286 INFO o.a.j.t.ThreadGroup: Starting thread group... number=1 threads=100 ramp-up=30 delayedStart=false
2026-05-31 18:10:13,293 INFO o.a.j.t.JMeterThread: Thread started: S1 Baseline (100t) 1-1
2026-05-31 18:10:13,337 INFO o.a.j.t.ThreadGroup: Started thread group number 1
2026-05-31 18:10:13,337 INFO o.a.j.e.StandardJMeterEngine: Waiting for thread group: S1 Baseline (100t) to finish before starting next group
2026-05-31 18:10:13,590 INFO o.a.j.t.JMeterThread: Thread started: S1 Baseline (100t) 1-2
2026-05-31 18:10:13,890 INFO o.a.j.t.JMeterThread: Thread started: S1 Baseline (100t) 1-3
2026-05-31 18:10:14,003 INFO o.a.j.p.h.s.HTTPHCAbstractImpl: Local host = LAPTOP-B00TMNH4
2026-05-31 18:10:14,008 INFO o.a.j.p.h.s.HTTPHC4Impl: HTTP request retry count = 0
2026-05-31 18:10:14,010 INFO o.a.j.s.SampleResult: Note: Sample TimeStamps are START times
2026-05-31 18:10:14,010 INFO o.a.j.s.SampleResult: sampleresult.default.encoding is set to UTF-8
2026-05-31 18:10:14,010 INFO o.a.j.s.SampleResult: sampleresult.useNanoTime=true
2026-05-31 18:10:14,010 INFO o.a.j.s.SampleResult: sampleresult.nanoThreadSleep=5000
2026-05-31 18:10:14,189 INFO o.a.j.t.JMeterThread: Thread started: S1 Baseline (100t) 1-4
2026-05-31 18:10:14,488 INFO o.a.j.t.JMeterThread: Thread started: S1 Baseline (100t) 1-5
2026-05-31 18:10:14,787 INFO o.a.j.t.JMeterThread: Thread started: S1 Baseline (100t) 1-6
2026-05-31 18:10:15,088 INFO o.a.j.t.JMeterThread: Thread started: S1 Baseline (100t) 1-7
2026-05-31 18:10:15,389 INFO o.a.j.t.JMeterThread: Thread started: S1 Baseline (100t) 1-8
2026-05-31 18:10:15,688 INFO o.a.j.t.JMeterThread: Thread started: S1 Baseline (100t) 1-9
2026-05-31 18:10:15,989 INFO o.a.j.t.JMeterThread: Thread started: S1 Baseline (100t) 1-10
2026-05-31 18:10:16,289 INFO o.a.j.t.JMeterThread: Thread started: S1 Baseline (100t) 1-11
2026-05-31 18:10:16,588 INFO o.a.j.t.JMeterThread: Thread started: S1 Baseline (100t) 1-12
2026-05-31 18:10:16,888 INFO o.a.j.t.JMeterThread: Thread started: S1 Baseline (100t) 1-13
2026-05-31 18:10:17,187 INFO o.a.j.t.JMeterThread: Thread started: S1 Baseline (100t) 1-14
2026-05-31 18:10:17,488 INFO o.a.j.t.JMeterThread: Thread started: S1 Baseline (100t) 1-15
2026-05-31 18:10:17,789 INFO o.a.j.t.JMeterThread: Thread started: S1 Baseline (100t) 1-16
2026-05-31 18:10:18,086 INFO o.a.j.t.JMeterThread: Thread started: S1 Baseline (100t) 1-17
2026-05-31 18:10:18,388 INFO o.a.j.t.JMeterThread: Thread started: S1 Baseline (100t) 1-18
2026-05-31 18:10:18,689 INFO o.a.j.t.JMeterThread: Thread started: S1 Baseline (100t) 1-19
2026-05-31 18:10:18,990 INFO o.a.j.t.JMeterThread: Thread started: S1 Baseline (100t) 1-20
2026-05-31 18:10:19,289 INFO o.a.j.t.JMeterThread: Thread started: S1 Baseline (100t) 1-21
2026-05-31 18:10:19,587 INFO o.a.j.t.JMeterThread: Thread started: S1 Baseline (100t) 1-22
2026-05-31 18:10:19,887 INFO o.a.j.t.JMeterThread: Thread started: S1 Baseline (100t) 1-23
2026-05-31 18:10:20,187 INFO o.a.j.t.JMeterThread: Thread started: S1 Baseline (100t) 1-24
2026-05-31 18:10:20,488 INFO o.a.j.t.JMeterThread: Thread started: S1 Baseline (100t) 1-25
2026-05-31 18:10:20,786 INFO o.a.j.t.JMeterThread: Thread started: S1 Baseline (100t) 1-26
2026-05-31 18:10:21,086 INFO o.a.j.t.JMeterThread: Thread started: S1 Baseline (100t) 1-27
2026-05-31 18:10:21,388 INFO o.a.j.t.JMeterThread: Thread started: S1 Baseline (100t) 1-28
2026-05-31 18:10:21,686 INFO o.a.j.t.JMeterThread: Thread started: S1 Baseline (100t) 1-29
2026-05-31 18:10:21,987 INFO o.a.j.t.JMeterThread: Thread started: S1 Baseline (100t) 1-30
2026-05-31 18:10:22,287 INFO o.a.j.t.JMeterThread: Thread started: S1 Baseline (100t) 1-31
2026-05-31 18:10:22,586 INFO o.a.j.t.JMeterThread: Thread started: S1 Baseline (100t) 1-32
2026-05-31 18:10:22,888 INFO o.a.j.t.JMeterThread: Thread started: S1 Baseline (100t) 1-33
2026-05-31 18:10:23,188 INFO o.a.j.t.JMeterThread: Thread started: S1 Baseline (100t) 1-34
2026-05-31 18:10:23,273 INFO o.a.j.u.JsseSSLManager: Using default SSL protocol: TLS
2026-05-31 18:10:23,273 INFO o.a.j.u.JsseSSLManager: SSL session context: per-thread
2026-05-31 18:10:23,486 INFO o.a.j.t.JMeterThread: Thread started: S1 Baseline (100t) 1-35
2026-05-31 18:10:23,787 INFO o.a.j.t.JMeterThread: Thread started: S1 Baseline (100t) 1-36
2026-05-31 18:10:24,087 INFO o.a.j.t.JMeterThread: Thread started: S1 Baseline (100t) 1-37
2026-05-31 18:10:24,388 INFO o.a.j.t.JMeterThread: Thread started: S1 Baseline (100t) 1-38
2026-05-31 18:10:24,686 INFO o.a.j.t.JMeterThread: Thread started: S1 Baseline (100t) 1-39
2026-05-31 18:10:24,987 INFO o.a.j.t.JMeterThread: Thread started: S1 Baseline (100t) 1-40
2026-05-31 18:10:25,287 INFO o.a.j.t.JMeterThread: Thread started: S1 Baseline (100t) 1-41
2026-05-31 18:10:25,587 INFO o.a.j.t.JMeterThread: Thread started: S1 Baseline (100t) 1-42
2026-05-31 18:10:25,887 INFO o.a.j.t.JMeterThread: Thread started: S1 Baseline (100t) 1-43
2026-05-31 18:10:26,188 INFO o.a.j.t.JMeterThread: Thread started: S1 Baseline (100t) 1-44
2026-05-31 18:10:26,487 INFO o.a.j.t.JMeterThread: Thread started: S1 Baseline (100t) 1-45
2026-05-31 18:10:26,791 INFO o.a.j.t.JMeterThread: Thread started: S1 Baseline (100t) 1-46
2026-05-31 18:10:27,099 INFO o.a.j.t.JMeterThread: Thread started: S1 Baseline (100t) 1-47
2026-05-31 18:10:27,388 INFO o.a.j.t.JMeterThread: Thread started: S1 Baseline (100t) 1-48
2026-05-31 18:10:27,690 INFO o.a.j.t.JMeterThread: Thread started: S1 Baseline (100t) 1-49
2026-05-31 18:10:27,990 INFO o.a.j.t.JMeterThread: Thread started: S1 Baseline (100t) 1-50
2026-05-31 18:10:28,287 INFO o.a.j.t.JMeterThread: Thread started: S1 Baseline (100t) 1-51
2026-05-31 18:10:28,587 INFO o.a.j.t.JMeterThread: Thread started: S1 Baseline (100t) 1-52
2026-05-31 18:10:28,886 INFO o.a.j.t.JMeterThread: Thread started: S1 Baseline (100t) 1-53
2026-05-31 18:10:29,187 INFO o.a.j.t.JMeterThread: Thread started: S1 Baseline (100t) 1-54
2026-05-31 18:10:29,487 INFO o.a.j.t.JMeterThread: Thread started: S1 Baseline (100t) 1-55
2026-05-31 18:10:29,787 INFO o.a.j.t.JMeterThread: Thread started: S1 Baseline (100t) 1-56
2026-05-31 18:10:30,088 INFO o.a.j.t.JMeterThread: Thread started: S1 Baseline (100t) 1-57
2026-05-31 18:10:30,100 INFO o.a.j.r.Summariser: summary +    181 in 00:00:17 =   10.8/s Avg:  1556 Min:     5 Max: 12135 Err:     0 (0.00%) Active: 57 Started: 57 Finished: 0
2026-05-31 18:10:30,387 INFO o.a.j.t.JMeterThread: Thread started: S1 Baseline (100t) 1-58
2026-05-31 18:10:30,687 INFO o.a.j.t.JMeterThread: Thread started: S1 Baseline (100t) 1-59
2026-05-31 18:10:30,986 INFO o.a.j.t.JMeterThread: Thread started: S1 Baseline (100t) 1-60
2026-05-31 18:10:31,288 INFO o.a.j.t.JMeterThread: Thread started: S1 Baseline (100t) 1-61
2026-05-31 18:10:31,589 INFO o.a.j.t.JMeterThread: Thread started: S1 Baseline (100t) 1-62
2026-05-31 18:10:31,886 INFO o.a.j.t.JMeterThread: Thread started: S1 Baseline (100t) 1-63
2026-05-31 18:10:32,188 INFO o.a.j.t.JMeterThread: Thread started: S1 Baseline (100t) 1-64
2026-05-31 18:10:32,489 INFO o.a.j.t.JMeterThread: Thread started: S1 Baseline (100t) 1-65
2026-05-31 18:10:32,787 INFO o.a.j.t.JMeterThread: Thread started: S1 Baseline (100t) 1-66
2026-05-31 18:10:33,087 INFO o.a.j.t.JMeterThread: Thread started: S1 Baseline (100t) 1-67
2026-05-31 18:10:33,387 INFO o.a.j.t.JMeterThread: Thread started: S1 Baseline (100t) 1-68
2026-05-31 18:10:33,687 INFO o.a.j.t.JMeterThread: Thread started: S1 Baseline (100t) 1-69
2026-05-31 18:10:33,986 INFO o.a.j.t.JMeterThread: Thread started: S1 Baseline (100t) 1-70
2026-05-31 18:10:34,286 INFO o.a.j.t.JMeterThread: Thread started: S1 Baseline (100t) 1-71
2026-05-31 18:10:34,588 INFO o.a.j.t.JMeterThread: Thread started: S1 Baseline (100t) 1-72
2026-05-31 18:10:34,887 INFO o.a.j.t.JMeterThread: Thread started: S1 Baseline (100t) 1-73
2026-05-31 18:10:35,187 INFO o.a.j.t.JMeterThread: Thread started: S1 Baseline (100t) 1-74
2026-05-31 18:10:35,487 INFO o.a.j.t.JMeterThread: Thread started: S1 Baseline (100t) 1-75
2026-05-31 18:10:35,787 INFO o.a.j.t.JMeterThread: Thread started: S1 Baseline (100t) 1-76
2026-05-31 18:10:36,088 INFO o.a.j.t.JMeterThread: Thread started: S1 Baseline (100t) 1-77
2026-05-31 18:10:36,387 INFO o.a.j.t.JMeterThread: Thread started: S1 Baseline (100t) 1-78
2026-05-31 18:10:36,688 INFO o.a.j.t.JMeterThread: Thread started: S1 Baseline (100t) 1-79
2026-05-31 18:10:36,988 INFO o.a.j.t.JMeterThread: Thread started: S1 Baseline (100t) 1-80
2026-05-31 18:10:37,287 INFO o.a.j.t.JMeterThread: Thread started: S1 Baseline (100t) 1-81
2026-05-31 18:10:37,586 INFO o.a.j.t.JMeterThread: Thread started: S1 Baseline (100t) 1-82
2026-05-31 18:10:37,886 INFO o.a.j.t.JMeterThread: Thread started: S1 Baseline (100t) 1-83
2026-05-31 18:10:38,186 INFO o.a.j.t.JMeterThread: Thread started: S1 Baseline (100t) 1-84
2026-05-31 18:10:38,488 INFO o.a.j.t.JMeterThread: Thread started: S1 Baseline (100t) 1-85
2026-05-31 18:10:38,788 INFO o.a.j.t.JMeterThread: Thread started: S1 Baseline (100t) 1-86
2026-05-31 18:10:39,087 INFO o.a.j.t.JMeterThread: Thread started: S1 Baseline (100t) 1-87
2026-05-31 18:10:39,388 INFO o.a.j.t.JMeterThread: Thread started: S1 Baseline (100t) 1-88
2026-05-31 18:10:39,688 INFO o.a.j.t.JMeterThread: Thread started: S1 Baseline (100t) 1-89
2026-05-31 18:10:39,986 INFO o.a.j.t.JMeterThread: Thread started: S1 Baseline (100t) 1-90
2026-05-31 18:10:40,287 INFO o.a.j.t.JMeterThread: Thread started: S1 Baseline (100t) 1-91
2026-05-31 18:10:40,588 INFO o.a.j.t.JMeterThread: Thread started: S1 Baseline (100t) 1-92
2026-05-31 18:10:40,886 INFO o.a.j.t.JMeterThread: Thread started: S1 Baseline (100t) 1-93
2026-05-31 18:10:41,192 INFO o.a.j.t.JMeterThread: Thread started: S1 Baseline (100t) 1-94
2026-05-31 18:10:41,489 INFO o.a.j.t.JMeterThread: Thread started: S1 Baseline (100t) 1-95
2026-05-31 18:10:41,787 INFO o.a.j.t.JMeterThread: Thread started: S1 Baseline (100t) 1-96
2026-05-31 18:10:42,096 INFO o.a.j.t.JMeterThread: Thread started: S1 Baseline (100t) 1-97
2026-05-31 18:10:42,398 INFO o.a.j.t.JMeterThread: Thread started: S1 Baseline (100t) 1-98
2026-05-31 18:10:42,696 INFO o.a.j.t.JMeterThread: Thread started: S1 Baseline (100t) 1-99
2026-05-31 18:10:42,990 INFO o.a.j.t.JMeterThread: Thread started: S1 Baseline (100t) 1-100
2026-05-31 18:11:00,000 INFO o.a.j.r.Summariser: summary +    366 in 00:00:30 =   12.2/s Avg:  5422 Min:     5 Max: 19528 Err:     0 (0.00%) Active: 100 Started: 100 Finished: 0
2026-05-31 18:11:00,001 INFO o.a.j.r.Summariser: summary =    547 in 00:00:47 =   11.7/s Avg:  4143 Min:     5 Max: 19528 Err:     0 (0.00%)
2026-05-31 18:11:30,057 INFO o.a.j.r.Summariser: summary +    325 in 00:00:30 =   10.8/s Avg:  8976 Min:     4 Max: 24344 Err:     0 (0.00%) Active: 100 Started: 100 Finished: 0
2026-05-31 18:11:30,058 INFO o.a.j.r.Summariser: summary =    872 in 00:01:17 =   11.4/s Avg:  5944 Min:     4 Max: 24344 Err:     0 (0.00%)
2026-05-31 18:12:00,082 INFO o.a.j.r.Summariser: summary +    326 in 00:00:30 =   10.9/s Avg:  9164 Min:     4 Max: 28190 Err:     0 (0.00%) Active: 100 Started: 100 Finished: 0
2026-05-31 18:12:00,083 INFO o.a.j.r.Summariser: summary =   1198 in 00:01:47 =   11.2/s Avg:  6820 Min:     4 Max: 28190 Err:     0 (0.00%)
2026-05-31 18:12:30,078 INFO o.a.j.r.Summariser: summary +    341 in 00:00:30 =   11.4/s Avg:  9338 Min:     4 Max: 24892 Err:     0 (0.00%) Active: 100 Started: 100 Finished: 0
2026-05-31 18:12:30,079 INFO o.a.j.r.Summariser: summary =   1539 in 00:02:17 =   11.2/s Avg:  7378 Min:     4 Max: 28190 Err:     0 (0.00%)
2026-05-31 18:13:00,073 INFO o.a.j.r.Summariser: summary +    303 in 00:00:30 =   10.1/s Avg:  9684 Min:     4 Max: 27351 Err:     0 (0.00%) Active: 100 Started: 100 Finished: 0
2026-05-31 18:13:00,073 INFO o.a.j.r.Summariser: summary =   1842 in 00:02:47 =   11.0/s Avg:  7757 Min:     4 Max: 28190 Err:     0 (0.00%)
2026-05-31 18:13:13,416 INFO o.a.j.t.JMeterThread: Stopping because end time detected by thread: S1 Baseline (100t) 1-70
2026-05-31 18:13:13,416 INFO o.a.j.t.JMeterThread: Thread finished: S1 Baseline (100t) 1-70
2026-05-31 18:13:14,057 INFO o.a.j.t.JMeterThread: Stopping because end time detected by thread: S1 Baseline (100t) 1-19
2026-05-31 18:13:14,057 INFO o.a.j.t.JMeterThread: Thread finished: S1 Baseline (100t) 1-19
2026-05-31 18:13:14,308 INFO o.a.j.t.JMeterThread: Stopping because end time detected by thread: S1 Baseline (100t) 1-100
2026-05-31 18:13:14,309 INFO o.a.j.t.JMeterThread: Thread finished: S1 Baseline (100t) 1-100
2026-05-31 18:13:14,336 INFO o.a.j.t.JMeterThread: Stopping because end time detected by thread: S1 Baseline (100t) 1-26
2026-05-31 18:13:14,336 INFO o.a.j.t.JMeterThread: Thread finished: S1 Baseline (100t) 1-26
2026-05-31 18:13:14,396 INFO o.a.j.t.JMeterThread: Stopping because end time detected by thread: S1 Baseline (100t) 1-17
2026-05-31 18:13:14,397 INFO o.a.j.t.JMeterThread: Thread finished: S1 Baseline (100t) 1-17
2026-05-31 18:13:14,591 INFO o.a.j.t.JMeterThread: Stopping because end time detected by thread: S1 Baseline (100t) 1-66
2026-05-31 18:13:14,592 INFO o.a.j.t.JMeterThread: Thread finished: S1 Baseline (100t) 1-66
2026-05-31 18:13:14,664 INFO o.a.j.t.JMeterThread: Stopping because end time detected by thread: S1 Baseline (100t) 1-87
2026-05-31 18:13:14,664 INFO o.a.j.t.JMeterThread: Thread finished: S1 Baseline (100t) 1-87
2026-05-31 18:13:15,025 INFO o.a.j.t.JMeterThread: Stopping because end time detected by thread: S1 Baseline (100t) 1-13
2026-05-31 18:13:15,025 INFO o.a.j.t.JMeterThread: Thread finished: S1 Baseline (100t) 1-13
2026-05-31 18:13:15,050 INFO o.a.j.t.JMeterThread: Stopping because end time detected by thread: S1 Baseline (100t) 1-2
2026-05-31 18:13:15,050 INFO o.a.j.t.JMeterThread: Thread finished: S1 Baseline (100t) 1-2
2026-05-31 18:13:15,080 INFO o.a.j.t.JMeterThread: Stopping because end time detected by thread: S1 Baseline (100t) 1-83
2026-05-31 18:13:15,080 INFO o.a.j.t.JMeterThread: Thread finished: S1 Baseline (100t) 1-83
2026-05-31 18:13:15,212 INFO o.a.j.t.JMeterThread: Stopping because end time detected by thread: S1 Baseline (100t) 1-44
2026-05-31 18:13:15,212 INFO o.a.j.t.JMeterThread: Thread finished: S1 Baseline (100t) 1-44
2026-05-31 18:13:15,247 INFO o.a.j.t.JMeterThread: Stopping because end time detected by thread: S1 Baseline (100t) 1-63
2026-05-31 18:13:15,248 INFO o.a.j.t.JMeterThread: Thread finished: S1 Baseline (100t) 1-63
2026-05-31 18:13:15,629 INFO o.a.j.t.JMeterThread: Stopping because end time detected by thread: S1 Baseline (100t) 1-23
2026-05-31 18:13:15,629 INFO o.a.j.t.JMeterThread: Thread finished: S1 Baseline (100t) 1-23
2026-05-31 18:13:15,790 INFO o.a.j.t.JMeterThread: Stopping because end time detected by thread: S1 Baseline (100t) 1-32
2026-05-31 18:13:15,791 INFO o.a.j.t.JMeterThread: Thread finished: S1 Baseline (100t) 1-32
2026-05-31 18:13:15,937 INFO o.a.j.t.JMeterThread: Stopping because end time detected by thread: S1 Baseline (100t) 1-34
2026-05-31 18:13:15,937 INFO o.a.j.t.JMeterThread: Thread finished: S1 Baseline (100t) 1-34
2026-05-31 18:13:15,990 INFO o.a.j.t.JMeterThread: Stopping because end time detected by thread: S1 Baseline (100t) 1-55
2026-05-31 18:13:15,991 INFO o.a.j.t.JMeterThread: Thread finished: S1 Baseline (100t) 1-55
2026-05-31 18:13:16,381 INFO o.a.j.t.JMeterThread: Stopping because end time detected by thread: S1 Baseline (100t) 1-43
2026-05-31 18:13:16,381 INFO o.a.j.t.JMeterThread: Thread finished: S1 Baseline (100t) 1-43
2026-05-31 18:13:16,419 INFO o.a.j.t.JMeterThread: Stopping because end time detected by thread: S1 Baseline (100t) 1-39
2026-05-31 18:13:16,420 INFO o.a.j.t.JMeterThread: Thread finished: S1 Baseline (100t) 1-39
2026-05-31 18:13:16,912 INFO o.a.j.t.JMeterThread: Stopping because end time detected by thread: S1 Baseline (100t) 1-59
2026-05-31 18:13:16,912 INFO o.a.j.t.JMeterThread: Thread finished: S1 Baseline (100t) 1-59
2026-05-31 18:13:16,985 INFO o.a.j.t.JMeterThread: Stopping because end time detected by thread: S1 Baseline (100t) 1-94
2026-05-31 18:13:16,985 INFO o.a.j.t.JMeterThread: Thread finished: S1 Baseline (100t) 1-94
2026-05-31 18:13:17,324 INFO o.a.j.t.JMeterThread: Stopping because end time detected by thread: S1 Baseline (100t) 1-78
2026-05-31 18:13:17,324 INFO o.a.j.t.JMeterThread: Thread finished: S1 Baseline (100t) 1-78
2026-05-31 18:13:17,431 INFO o.a.j.t.JMeterThread: Stopping because end time detected by thread: S1 Baseline (100t) 1-69
2026-05-31 18:13:17,431 INFO o.a.j.t.JMeterThread: Thread finished: S1 Baseline (100t) 1-69
2026-05-31 18:13:17,639 INFO o.a.j.t.JMeterThread: Stopping because end time detected by thread: S1 Baseline (100t) 1-58
2026-05-31 18:13:17,639 INFO o.a.j.t.JMeterThread: Thread finished: S1 Baseline (100t) 1-58
2026-05-31 18:13:17,683 INFO o.a.j.t.JMeterThread: Stopping because end time detected by thread: S1 Baseline (100t) 1-77
2026-05-31 18:13:17,683 INFO o.a.j.t.JMeterThread: Thread finished: S1 Baseline (100t) 1-77
2026-05-31 18:13:17,840 INFO o.a.j.t.JMeterThread: Stopping because end time detected by thread: S1 Baseline (100t) 1-62
2026-05-31 18:13:17,840 INFO o.a.j.t.JMeterThread: Thread finished: S1 Baseline (100t) 1-62
2026-05-31 18:13:18,563 INFO o.a.j.t.JMeterThread: Stopping because end time detected by thread: S1 Baseline (100t) 1-8
2026-05-31 18:13:18,563 INFO o.a.j.t.JMeterThread: Thread finished: S1 Baseline (100t) 1-8
2026-05-31 18:13:18,729 INFO o.a.j.t.JMeterThread: Stopping because end time detected by thread: S1 Baseline (100t) 1-49
2026-05-31 18:13:18,729 INFO o.a.j.t.JMeterThread: Thread finished: S1 Baseline (100t) 1-49
2026-05-31 18:13:18,960 INFO o.a.j.t.JMeterThread: Stopping because end time detected by thread: S1 Baseline (100t) 1-41
2026-05-31 18:13:18,960 INFO o.a.j.t.JMeterThread: Thread finished: S1 Baseline (100t) 1-41
2026-05-31 18:13:19,199 INFO o.a.j.t.JMeterThread: Stopping because end time detected by thread: S1 Baseline (100t) 1-47
2026-05-31 18:13:19,200 INFO o.a.j.t.JMeterThread: Thread finished: S1 Baseline (100t) 1-47
2026-05-31 18:13:19,392 INFO o.a.j.t.JMeterThread: Stopping because end time detected by thread: S1 Baseline (100t) 1-72
2026-05-31 18:13:19,392 INFO o.a.j.t.JMeterThread: Thread finished: S1 Baseline (100t) 1-72
2026-05-31 18:13:19,399 INFO o.a.j.t.JMeterThread: Stopping because end time detected by thread: S1 Baseline (100t) 1-54
2026-05-31 18:13:19,399 INFO o.a.j.t.JMeterThread: Thread finished: S1 Baseline (100t) 1-54
2026-05-31 18:13:19,456 INFO o.a.j.t.JMeterThread: Stopping because end time detected by thread: S1 Baseline (100t) 1-15
2026-05-31 18:13:19,456 INFO o.a.j.t.JMeterThread: Thread finished: S1 Baseline (100t) 1-15
2026-05-31 18:13:19,472 INFO o.a.j.t.JMeterThread: Stopping because end time detected by thread: S1 Baseline (100t) 1-90
2026-05-31 18:13:19,472 INFO o.a.j.t.JMeterThread: Thread finished: S1 Baseline (100t) 1-90
2026-05-31 18:13:19,898 INFO o.a.j.t.JMeterThread: Stopping because end time detected by thread: S1 Baseline (100t) 1-10
2026-05-31 18:13:19,899 INFO o.a.j.t.JMeterThread: Thread finished: S1 Baseline (100t) 1-10
2026-05-31 18:13:20,228 INFO o.a.j.t.JMeterThread: Stopping because end time detected by thread: S1 Baseline (100t) 1-76
2026-05-31 18:13:20,229 INFO o.a.j.t.JMeterThread: Thread finished: S1 Baseline (100t) 1-76
2026-05-31 18:13:20,346 INFO o.a.j.t.JMeterThread: Stopping because end time detected by thread: S1 Baseline (100t) 1-75
2026-05-31 18:13:20,347 INFO o.a.j.t.JMeterThread: Thread finished: S1 Baseline (100t) 1-75
2026-05-31 18:13:20,391 INFO o.a.j.t.JMeterThread: Stopping because end time detected by thread: S1 Baseline (100t) 1-98
2026-05-31 18:13:20,391 INFO o.a.j.t.JMeterThread: Thread finished: S1 Baseline (100t) 1-98
2026-05-31 18:13:20,398 INFO o.a.j.t.JMeterThread: Stopping because end time detected by thread: S1 Baseline (100t) 1-60
2026-05-31 18:13:20,398 INFO o.a.j.t.JMeterThread: Thread finished: S1 Baseline (100t) 1-60
2026-05-31 18:13:20,676 INFO o.a.j.t.JMeterThread: Stopping because end time detected by thread: S1 Baseline (100t) 1-95
2026-05-31 18:13:20,676 INFO o.a.j.t.JMeterThread: Thread finished: S1 Baseline (100t) 1-95
2026-05-31 18:13:20,973 INFO o.a.j.t.JMeterThread: Stopping because end time detected by thread: S1 Baseline (100t) 1-99
2026-05-31 18:13:20,975 INFO o.a.j.t.JMeterThread: Thread finished: S1 Baseline (100t) 1-99
2026-05-31 18:13:20,978 INFO o.a.j.t.JMeterThread: Stopping because end time detected by thread: S1 Baseline (100t) 1-4
2026-05-31 18:13:20,978 INFO o.a.j.t.JMeterThread: Thread finished: S1 Baseline (100t) 1-4
2026-05-31 18:13:21,648 INFO o.a.j.t.JMeterThread: Stopping because end time detected by thread: S1 Baseline (100t) 1-35
2026-05-31 18:13:21,648 INFO o.a.j.t.JMeterThread: Thread finished: S1 Baseline (100t) 1-35
2026-05-31 18:13:22,270 INFO o.a.j.t.JMeterThread: Stopping because end time detected by thread: S1 Baseline (100t) 1-21
2026-05-31 18:13:22,270 INFO o.a.j.t.JMeterThread: Thread finished: S1 Baseline (100t) 1-21
2026-05-31 18:13:22,272 INFO o.a.j.t.JMeterThread: Stopping because end time detected by thread: S1 Baseline (100t) 1-31
2026-05-31 18:13:22,272 INFO o.a.j.t.JMeterThread: Thread finished: S1 Baseline (100t) 1-31
2026-05-31 18:13:22,346 INFO o.a.j.t.JMeterThread: Stopping because end time detected by thread: S1 Baseline (100t) 1-22
2026-05-31 18:13:22,347 INFO o.a.j.t.JMeterThread: Thread finished: S1 Baseline (100t) 1-22
2026-05-31 18:13:22,419 INFO o.a.j.t.JMeterThread: Stopping because end time detected by thread: S1 Baseline (100t) 1-74
2026-05-31 18:13:22,420 INFO o.a.j.t.JMeterThread: Thread finished: S1 Baseline (100t) 1-74
2026-05-31 18:13:22,473 INFO o.a.j.t.JMeterThread: Stopping because end time detected by thread: S1 Baseline (100t) 1-28
2026-05-31 18:13:22,474 INFO o.a.j.t.JMeterThread: Thread finished: S1 Baseline (100t) 1-28
2026-05-31 18:13:22,537 INFO o.a.j.t.JMeterThread: Stopping because end time detected by thread: S1 Baseline (100t) 1-50
2026-05-31 18:13:22,537 INFO o.a.j.t.JMeterThread: Thread finished: S1 Baseline (100t) 1-50
2026-05-31 18:13:22,603 INFO o.a.j.t.JMeterThread: Stopping because end time detected by thread: S1 Baseline (100t) 1-42
2026-05-31 18:13:22,603 INFO o.a.j.t.JMeterThread: Thread finished: S1 Baseline (100t) 1-42
2026-05-31 18:13:22,835 INFO o.a.j.t.JMeterThread: Stopping because end time detected by thread: S1 Baseline (100t) 1-9
2026-05-31 18:13:22,836 INFO o.a.j.t.JMeterThread: Thread finished: S1 Baseline (100t) 1-9
2026-05-31 18:13:23,083 INFO o.a.j.t.JMeterThread: Stopping because end time detected by thread: S1 Baseline (100t) 1-88
2026-05-31 18:13:23,083 INFO o.a.j.t.JMeterThread: Thread finished: S1 Baseline (100t) 1-88
2026-05-31 18:13:23,583 INFO o.a.j.t.JMeterThread: Stopping because end time detected by thread: S1 Baseline (100t) 1-81
2026-05-31 18:13:23,583 INFO o.a.j.t.JMeterThread: Thread finished: S1 Baseline (100t) 1-81
2026-05-31 18:13:23,591 INFO o.a.j.t.JMeterThread: Stopping because end time detected by thread: S1 Baseline (100t) 1-18
2026-05-31 18:13:23,591 INFO o.a.j.t.JMeterThread: Thread finished: S1 Baseline (100t) 1-18
2026-05-31 18:13:23,935 INFO o.a.j.t.JMeterThread: Stopping because end time detected by thread: S1 Baseline (100t) 1-85
2026-05-31 18:13:23,935 INFO o.a.j.t.JMeterThread: Thread finished: S1 Baseline (100t) 1-85
2026-05-31 18:13:24,449 INFO o.a.j.t.JMeterThread: Stopping because end time detected by thread: S1 Baseline (100t) 1-37
2026-05-31 18:13:24,449 INFO o.a.j.t.JMeterThread: Thread finished: S1 Baseline (100t) 1-37
2026-05-31 18:13:24,484 INFO o.a.j.t.JMeterThread: Stopping because end time detected by thread: S1 Baseline (100t) 1-36
2026-05-31 18:13:24,484 INFO o.a.j.t.JMeterThread: Thread finished: S1 Baseline (100t) 1-36
2026-05-31 18:13:24,523 INFO o.a.j.t.JMeterThread: Stopping because end time detected by thread: S1 Baseline (100t) 1-82
2026-05-31 18:13:24,523 INFO o.a.j.t.JMeterThread: Thread finished: S1 Baseline (100t) 1-82
2026-05-31 18:13:24,782 INFO o.a.j.t.JMeterThread: Stopping because end time detected by thread: S1 Baseline (100t) 1-71
2026-05-31 18:13:24,782 INFO o.a.j.t.JMeterThread: Thread finished: S1 Baseline (100t) 1-71
2026-05-31 18:13:24,863 INFO o.a.j.t.JMeterThread: Stopping because end time detected by thread: S1 Baseline (100t) 1-64
2026-05-31 18:13:24,863 INFO o.a.j.t.JMeterThread: Thread finished: S1 Baseline (100t) 1-64
2026-05-31 18:13:24,886 INFO o.a.j.t.JMeterThread: Stopping because end time detected by thread: S1 Baseline (100t) 1-27
2026-05-31 18:13:24,887 INFO o.a.j.t.JMeterThread: Thread finished: S1 Baseline (100t) 1-27
2026-05-31 18:13:25,036 INFO o.a.j.t.JMeterThread: Stopping because end time detected by thread: S1 Baseline (100t) 1-79
2026-05-31 18:13:25,036 INFO o.a.j.t.JMeterThread: Thread finished: S1 Baseline (100t) 1-79
2026-05-31 18:13:25,076 INFO o.a.j.t.JMeterThread: Stopping because end time detected by thread: S1 Baseline (100t) 1-53
2026-05-31 18:13:25,076 INFO o.a.j.t.JMeterThread: Thread finished: S1 Baseline (100t) 1-53
2026-05-31 18:13:25,220 INFO o.a.j.t.JMeterThread: Stopping because end time detected by thread: S1 Baseline (100t) 1-24
2026-05-31 18:13:25,220 INFO o.a.j.t.JMeterThread: Thread finished: S1 Baseline (100t) 1-24
2026-05-31 18:13:25,308 INFO o.a.j.t.JMeterThread: Stopping because end time detected by thread: S1 Baseline (100t) 1-73
2026-05-31 18:13:25,308 INFO o.a.j.t.JMeterThread: Thread finished: S1 Baseline (100t) 1-73
2026-05-31 18:13:25,544 INFO o.a.j.t.JMeterThread: Stopping because end time detected by thread: S1 Baseline (100t) 1-11
2026-05-31 18:13:25,544 INFO o.a.j.t.JMeterThread: Thread finished: S1 Baseline (100t) 1-11
2026-05-31 18:13:25,913 INFO o.a.j.t.JMeterThread: Stopping because end time detected by thread: S1 Baseline (100t) 1-33
2026-05-31 18:13:25,913 INFO o.a.j.t.JMeterThread: Thread finished: S1 Baseline (100t) 1-33
2026-05-31 18:13:25,919 INFO o.a.j.t.JMeterThread: Stopping because end time detected by thread: S1 Baseline (100t) 1-80
2026-05-31 18:13:25,920 INFO o.a.j.t.JMeterThread: Thread finished: S1 Baseline (100t) 1-80
2026-05-31 18:13:25,993 INFO o.a.j.t.JMeterThread: Stopping because end time detected by thread: S1 Baseline (100t) 1-45
2026-05-31 18:13:25,993 INFO o.a.j.t.JMeterThread: Thread finished: S1 Baseline (100t) 1-45
2026-05-31 18:13:26,207 INFO o.a.j.t.JMeterThread: Stopping because end time detected by thread: S1 Baseline (100t) 1-5
2026-05-31 18:13:26,208 INFO o.a.j.t.JMeterThread: Thread finished: S1 Baseline (100t) 1-5
2026-05-31 18:13:26,643 INFO o.a.j.t.JMeterThread: Stopping because end time detected by thread: S1 Baseline (100t) 1-93
2026-05-31 18:13:26,644 INFO o.a.j.t.JMeterThread: Thread finished: S1 Baseline (100t) 1-93
2026-05-31 18:13:26,664 INFO o.a.j.t.JMeterThread: Stopping because end time detected by thread: S1 Baseline (100t) 1-46
2026-05-31 18:13:26,664 INFO o.a.j.t.JMeterThread: Thread finished: S1 Baseline (100t) 1-46
2026-05-31 18:13:27,083 INFO o.a.j.t.JMeterThread: Stopping because end time detected by thread: S1 Baseline (100t) 1-96
2026-05-31 18:13:27,083 INFO o.a.j.t.JMeterThread: Thread finished: S1 Baseline (100t) 1-96
2026-05-31 18:13:27,109 INFO o.a.j.t.JMeterThread: Stopping because end time detected by thread: S1 Baseline (100t) 1-16
2026-05-31 18:13:27,109 INFO o.a.j.t.JMeterThread: Thread finished: S1 Baseline (100t) 1-16
2026-05-31 18:13:27,176 INFO o.a.j.t.JMeterThread: Stopping because end time detected by thread: S1 Baseline (100t) 1-89
2026-05-31 18:13:27,176 INFO o.a.j.t.JMeterThread: Thread finished: S1 Baseline (100t) 1-89
2026-05-31 18:13:27,460 INFO o.a.j.t.JMeterThread: Stopping because end time detected by thread: S1 Baseline (100t) 1-1
2026-05-31 18:13:27,461 INFO o.a.j.t.JMeterThread: Thread finished: S1 Baseline (100t) 1-1
2026-05-31 18:13:27,735 INFO o.a.j.t.JMeterThread: Stopping because end time detected by thread: S1 Baseline (100t) 1-67
2026-05-31 18:13:27,735 INFO o.a.j.t.JMeterThread: Thread finished: S1 Baseline (100t) 1-67
2026-05-31 18:13:27,839 INFO o.a.j.t.JMeterThread: Stopping because end time detected by thread: S1 Baseline (100t) 1-68
2026-05-31 18:13:27,840 INFO o.a.j.t.JMeterThread: Thread finished: S1 Baseline (100t) 1-68
2026-05-31 18:13:27,895 INFO o.a.j.t.JMeterThread: Stopping because end time detected by thread: S1 Baseline (100t) 1-14
2026-05-31 18:13:27,895 INFO o.a.j.t.JMeterThread: Thread finished: S1 Baseline (100t) 1-14
2026-05-31 18:13:28,251 INFO o.a.j.t.JMeterThread: Stopping because end time detected by thread: S1 Baseline (100t) 1-25
2026-05-31 18:13:28,252 INFO o.a.j.t.JMeterThread: Thread finished: S1 Baseline (100t) 1-25
2026-05-31 18:13:28,440 INFO o.a.j.t.JMeterThread: Stopping because end time detected by thread: S1 Baseline (100t) 1-20
2026-05-31 18:13:28,440 INFO o.a.j.t.JMeterThread: Thread finished: S1 Baseline (100t) 1-20
2026-05-31 18:13:28,457 INFO o.a.j.t.JMeterThread: Stopping because end time detected by thread: S1 Baseline (100t) 1-57
2026-05-31 18:13:28,457 INFO o.a.j.t.JMeterThread: Thread finished: S1 Baseline (100t) 1-57
2026-05-31 18:13:28,493 INFO o.a.j.t.JMeterThread: Stopping because end time detected by thread: S1 Baseline (100t) 1-40
2026-05-31 18:13:28,494 INFO o.a.j.t.JMeterThread: Thread finished: S1 Baseline (100t) 1-40
2026-05-31 18:13:28,543 INFO o.a.j.t.JMeterThread: Stopping because end time detected by thread: S1 Baseline (100t) 1-12
2026-05-31 18:13:28,543 INFO o.a.j.t.JMeterThread: Thread finished: S1 Baseline (100t) 1-12
2026-05-31 18:13:28,769 INFO o.a.j.t.JMeterThread: Stopping because end time detected by thread: S1 Baseline (100t) 1-86
2026-05-31 18:13:28,770 INFO o.a.j.t.JMeterThread: Thread finished: S1 Baseline (100t) 1-86
2026-05-31 18:13:29,160 INFO o.a.j.t.JMeterThread: Stopping because end time detected by thread: S1 Baseline (100t) 1-56
2026-05-31 18:13:29,160 INFO o.a.j.t.JMeterThread: Thread finished: S1 Baseline (100t) 1-56
2026-05-31 18:13:29,173 INFO o.a.j.t.JMeterThread: Stopping because end time detected by thread: S1 Baseline (100t) 1-51
2026-05-31 18:13:29,173 INFO o.a.j.t.JMeterThread: Thread finished: S1 Baseline (100t) 1-51
2026-05-31 18:13:29,680 INFO o.a.j.t.JMeterThread: Stopping because end time detected by thread: S1 Baseline (100t) 1-7
2026-05-31 18:13:29,680 INFO o.a.j.t.JMeterThread: Thread finished: S1 Baseline (100t) 1-7
2026-05-31 18:13:29,706 INFO o.a.j.t.JMeterThread: Stopping because end time detected by thread: S1 Baseline (100t) 1-92
2026-05-31 18:13:29,706 INFO o.a.j.t.JMeterThread: Thread finished: S1 Baseline (100t) 1-92
2026-05-31 18:13:29,850 INFO o.a.j.t.JMeterThread: Stopping because end time detected by thread: S1 Baseline (100t) 1-38
2026-05-31 18:13:29,850 INFO o.a.j.t.JMeterThread: Thread finished: S1 Baseline (100t) 1-38
2026-05-31 18:13:29,936 INFO o.a.j.t.JMeterThread: Stopping because end time detected by thread: S1 Baseline (100t) 1-61
2026-05-31 18:13:29,937 INFO o.a.j.t.JMeterThread: Thread finished: S1 Baseline (100t) 1-61
2026-05-31 18:13:30,179 INFO o.a.j.r.Summariser: summary +    239 in 00:00:30 =    7.9/s Avg: 12576 Min:     4 Max: 27796 Err:     0 (0.00%) Active: 10 Started: 100 Finished: 90
2026-05-31 18:13:30,180 INFO o.a.j.r.Summariser: summary =   2081 in 00:03:17 =   10.6/s Avg:  8311 Min:     4 Max: 28190 Err:     0 (0.00%)
2026-05-31 18:13:30,180 INFO o.a.j.t.JMeterThread: Stopping because end time detected by thread: S1 Baseline (100t) 1-29
2026-05-31 18:13:30,180 INFO o.a.j.t.JMeterThread: Thread finished: S1 Baseline (100t) 1-29
2026-05-31 18:13:30,229 INFO o.a.j.t.JMeterThread: Stopping because end time detected by thread: S1 Baseline (100t) 1-48
2026-05-31 18:13:30,229 INFO o.a.j.t.JMeterThread: Thread finished: S1 Baseline (100t) 1-48
2026-05-31 18:13:30,897 INFO o.a.j.t.JMeterThread: Stopping because end time detected by thread: S1 Baseline (100t) 1-91
2026-05-31 18:13:30,897 INFO o.a.j.t.JMeterThread: Thread finished: S1 Baseline (100t) 1-91
2026-05-31 18:13:30,965 INFO o.a.j.t.JMeterThread: Stopping because end time detected by thread: S1 Baseline (100t) 1-65
2026-05-31 18:13:30,965 INFO o.a.j.t.JMeterThread: Thread finished: S1 Baseline (100t) 1-65
2026-05-31 18:13:31,479 INFO o.a.j.t.JMeterThread: Stopping because end time detected by thread: S1 Baseline (100t) 1-52
2026-05-31 18:13:31,480 INFO o.a.j.t.JMeterThread: Thread finished: S1 Baseline (100t) 1-52
2026-05-31 18:13:31,797 INFO o.a.j.t.JMeterThread: Stopping because end time detected by thread: S1 Baseline (100t) 1-84
2026-05-31 18:13:31,797 INFO o.a.j.t.JMeterThread: Thread finished: S1 Baseline (100t) 1-84
2026-05-31 18:13:31,889 INFO o.a.j.t.JMeterThread: Stopping because end time detected by thread: S1 Baseline (100t) 1-3
2026-05-31 18:13:31,890 INFO o.a.j.t.JMeterThread: Thread finished: S1 Baseline (100t) 1-3
2026-05-31 18:13:32,076 INFO o.a.j.t.JMeterThread: Stopping because end time detected by thread: S1 Baseline (100t) 1-30
2026-05-31 18:13:32,076 INFO o.a.j.t.JMeterThread: Thread finished: S1 Baseline (100t) 1-30
2026-05-31 18:13:33,408 INFO o.a.j.t.JMeterThread: Stopping because end time detected by thread: S1 Baseline (100t) 1-97
2026-05-31 18:13:33,408 INFO o.a.j.t.JMeterThread: Thread finished: S1 Baseline (100t) 1-97
2026-05-31 18:13:33,937 INFO o.a.j.t.JMeterThread: Stopping because end time detected by thread: S1 Baseline (100t) 1-6
2026-05-31 18:13:33,937 INFO o.a.j.t.JMeterThread: Thread finished: S1 Baseline (100t) 1-6
2026-05-31 18:13:33,937 INFO o.a.j.e.StandardJMeterEngine: Starting ThreadGroup: 2 : S2 HighConcurrency (200t)
2026-05-31 18:13:33,938 INFO o.a.j.e.StandardJMeterEngine: Starting 200 threads for group S2 HighConcurrency (200t).
2026-05-31 18:13:33,938 INFO o.a.j.e.StandardJMeterEngine: Thread will continue on error
2026-05-31 18:13:33,938 INFO o.a.j.t.ThreadGroup: Starting thread group... number=2 threads=200 ramp-up=30 delayedStart=false
2026-05-31 18:13:33,947 INFO o.a.j.t.JMeterThread: Thread started: S2 HighConcurrency (200t) 2-1
2026-05-31 18:13:33,978 INFO o.a.j.t.ThreadGroup: Started thread group number 2
2026-05-31 18:13:33,978 INFO o.a.j.e.StandardJMeterEngine: Waiting for thread group: S2 HighConcurrency (200t) to finish before starting next group
2026-05-31 18:13:34,097 INFO o.a.j.t.JMeterThread: Thread started: S2 HighConcurrency (200t) 2-2
2026-05-31 18:13:34,246 INFO o.a.j.t.JMeterThread: Thread started: S2 HighConcurrency (200t) 2-3
2026-05-31 18:13:34,397 INFO o.a.j.t.JMeterThread: Thread started: S2 HighConcurrency (200t) 2-4
2026-05-31 18:13:34,548 INFO o.a.j.t.JMeterThread: Thread started: S2 HighConcurrency (200t) 2-5
2026-05-31 18:13:34,697 INFO o.a.j.t.JMeterThread: Thread started: S2 HighConcurrency (200t) 2-6
2026-05-31 18:13:34,847 INFO o.a.j.t.JMeterThread: Thread started: S2 HighConcurrency (200t) 2-7
2026-05-31 18:13:34,989 INFO o.a.j.t.JMeterThread: Thread started: S2 HighConcurrency (200t) 2-8
2026-05-31 18:13:35,139 INFO o.a.j.t.JMeterThread: Thread started: S2 HighConcurrency (200t) 2-9
2026-05-31 18:13:35,290 INFO o.a.j.t.JMeterThread: Thread started: S2 HighConcurrency (200t) 2-10
2026-05-31 18:13:35,440 INFO o.a.j.t.JMeterThread: Thread started: S2 HighConcurrency (200t) 2-11
2026-05-31 18:13:35,590 INFO o.a.j.t.JMeterThread: Thread started: S2 HighConcurrency (200t) 2-12
2026-05-31 18:13:35,740 INFO o.a.j.t.JMeterThread: Thread started: S2 HighConcurrency (200t) 2-13
2026-05-31 18:13:35,890 INFO o.a.j.t.JMeterThread: Thread started: S2 HighConcurrency (200t) 2-14
2026-05-31 18:13:36,041 INFO o.a.j.t.JMeterThread: Thread started: S2 HighConcurrency (200t) 2-15
2026-05-31 18:13:36,190 INFO o.a.j.t.JMeterThread: Thread started: S2 HighConcurrency (200t) 2-16
2026-05-31 18:13:36,340 INFO o.a.j.t.JMeterThread: Thread started: S2 HighConcurrency (200t) 2-17
2026-05-31 18:13:36,490 INFO o.a.j.t.JMeterThread: Thread started: S2 HighConcurrency (200t) 2-18
2026-05-31 18:13:36,639 INFO o.a.j.t.JMeterThread: Thread started: S2 HighConcurrency (200t) 2-19
2026-05-31 18:13:36,790 INFO o.a.j.t.JMeterThread: Thread started: S2 HighConcurrency (200t) 2-20
2026-05-31 18:13:36,940 INFO o.a.j.t.JMeterThread: Thread started: S2 HighConcurrency (200t) 2-21
2026-05-31 18:13:37,089 INFO o.a.j.t.JMeterThread: Thread started: S2 HighConcurrency (200t) 2-22
2026-05-31 18:13:37,238 INFO o.a.j.t.JMeterThread: Thread started: S2 HighConcurrency (200t) 2-23
2026-05-31 18:13:37,388 INFO o.a.j.t.JMeterThread: Thread started: S2 HighConcurrency (200t) 2-24
2026-05-31 18:13:37,538 INFO o.a.j.t.JMeterThread: Thread started: S2 HighConcurrency (200t) 2-25
2026-05-31 18:13:37,689 INFO o.a.j.t.JMeterThread: Thread started: S2 HighConcurrency (200t) 2-26
2026-05-31 18:13:37,839 INFO o.a.j.t.JMeterThread: Thread started: S2 HighConcurrency (200t) 2-27
2026-05-31 18:13:37,998 INFO o.a.j.t.JMeterThread: Thread started: S2 HighConcurrency (200t) 2-28
2026-05-31 18:13:38,138 INFO o.a.j.t.JMeterThread: Thread started: S2 HighConcurrency (200t) 2-29
2026-05-31 18:13:38,290 INFO o.a.j.t.JMeterThread: Thread started: S2 HighConcurrency (200t) 2-30
2026-05-31 18:13:38,451 INFO o.a.j.t.JMeterThread: Thread started: S2 HighConcurrency (200t) 2-31
2026-05-31 18:13:38,591 INFO o.a.j.t.JMeterThread: Thread started: S2 HighConcurrency (200t) 2-32
2026-05-31 18:13:38,739 INFO o.a.j.t.JMeterThread: Thread started: S2 HighConcurrency (200t) 2-33
2026-05-31 18:13:38,903 INFO o.a.j.t.JMeterThread: Thread started: S2 HighConcurrency (200t) 2-34
2026-05-31 18:13:39,039 INFO o.a.j.t.JMeterThread: Thread started: S2 HighConcurrency (200t) 2-35
2026-05-31 18:13:39,190 INFO o.a.j.t.JMeterThread: Thread started: S2 HighConcurrency (200t) 2-36
2026-05-31 18:13:39,340 INFO o.a.j.t.JMeterThread: Thread started: S2 HighConcurrency (200t) 2-37
2026-05-31 18:13:39,490 INFO o.a.j.t.JMeterThread: Thread started: S2 HighConcurrency (200t) 2-38
2026-05-31 18:13:39,638 INFO o.a.j.t.JMeterThread: Thread started: S2 HighConcurrency (200t) 2-39
2026-05-31 18:13:39,788 INFO o.a.j.t.JMeterThread: Thread started: S2 HighConcurrency (200t) 2-40
2026-05-31 18:13:39,939 INFO o.a.j.t.JMeterThread: Thread started: S2 HighConcurrency (200t) 2-41
2026-05-31 18:13:40,090 INFO o.a.j.t.JMeterThread: Thread started: S2 HighConcurrency (200t) 2-42
2026-05-31 18:13:40,240 INFO o.a.j.t.JMeterThread: Thread started: S2 HighConcurrency (200t) 2-43
2026-05-31 18:13:40,389 INFO o.a.j.t.JMeterThread: Thread started: S2 HighConcurrency (200t) 2-44
2026-05-31 18:13:40,540 INFO o.a.j.t.JMeterThread: Thread started: S2 HighConcurrency (200t) 2-45
2026-05-31 18:13:40,689 INFO o.a.j.t.JMeterThread: Thread started: S2 HighConcurrency (200t) 2-46
2026-05-31 18:13:40,838 INFO o.a.j.t.JMeterThread: Thread started: S2 HighConcurrency (200t) 2-47
2026-05-31 18:13:40,989 INFO o.a.j.t.JMeterThread: Thread started: S2 HighConcurrency (200t) 2-48
2026-05-31 18:13:41,140 INFO o.a.j.t.JMeterThread: Thread started: S2 HighConcurrency (200t) 2-49
2026-05-31 18:13:41,288 INFO o.a.j.t.JMeterThread: Thread started: S2 HighConcurrency (200t) 2-50
2026-05-31 18:13:41,439 INFO o.a.j.t.JMeterThread: Thread started: S2 HighConcurrency (200t) 2-51
2026-05-31 18:13:41,590 INFO o.a.j.t.JMeterThread: Thread started: S2 HighConcurrency (200t) 2-52
2026-05-31 18:13:41,740 INFO o.a.j.t.JMeterThread: Thread started: S2 HighConcurrency (200t) 2-53
2026-05-31 18:13:41,890 INFO o.a.j.t.JMeterThread: Thread started: S2 HighConcurrency (200t) 2-54
2026-05-31 18:13:42,040 INFO o.a.j.t.JMeterThread: Thread started: S2 HighConcurrency (200t) 2-55
2026-05-31 18:13:42,190 INFO o.a.j.t.JMeterThread: Thread started: S2 HighConcurrency (200t) 2-56
2026-05-31 18:13:42,340 INFO o.a.j.t.JMeterThread: Thread started: S2 HighConcurrency (200t) 2-57
2026-05-31 18:13:42,489 INFO o.a.j.t.JMeterThread: Thread started: S2 HighConcurrency (200t) 2-58
2026-05-31 18:13:42,639 INFO o.a.j.t.JMeterThread: Thread started: S2 HighConcurrency (200t) 2-59
2026-05-31 18:13:42,789 INFO o.a.j.t.JMeterThread: Thread started: S2 HighConcurrency (200t) 2-60
2026-05-31 18:13:42,938 INFO o.a.j.t.JMeterThread: Thread started: S2 HighConcurrency (200t) 2-61
2026-05-31 18:13:43,090 INFO o.a.j.t.JMeterThread: Thread started: S2 HighConcurrency (200t) 2-62
2026-05-31 18:13:43,240 INFO o.a.j.t.JMeterThread: Thread started: S2 HighConcurrency (200t) 2-63
2026-05-31 18:13:43,389 INFO o.a.j.t.JMeterThread: Thread started: S2 HighConcurrency (200t) 2-64
2026-05-31 18:13:43,540 INFO o.a.j.t.JMeterThread: Thread started: S2 HighConcurrency (200t) 2-65
2026-05-31 18:13:43,690 INFO o.a.j.t.JMeterThread: Thread started: S2 HighConcurrency (200t) 2-66
2026-05-31 18:13:43,840 INFO o.a.j.t.JMeterThread: Thread started: S2 HighConcurrency (200t) 2-67
2026-05-31 18:13:43,988 INFO o.a.j.t.JMeterThread: Thread started: S2 HighConcurrency (200t) 2-68
2026-05-31 18:13:44,139 INFO o.a.j.t.JMeterThread: Thread started: S2 HighConcurrency (200t) 2-69
2026-05-31 18:13:44,288 INFO o.a.j.t.JMeterThread: Thread started: S2 HighConcurrency (200t) 2-70
2026-05-31 18:13:44,438 INFO o.a.j.t.JMeterThread: Thread started: S2 HighConcurrency (200t) 2-71
2026-05-31 18:13:44,590 INFO o.a.j.t.JMeterThread: Thread started: S2 HighConcurrency (200t) 2-72
2026-05-31 18:13:44,739 INFO o.a.j.t.JMeterThread: Thread started: S2 HighConcurrency (200t) 2-73
2026-05-31 18:13:44,889 INFO o.a.j.t.JMeterThread: Thread started: S2 HighConcurrency (200t) 2-74
2026-05-31 18:13:45,041 INFO o.a.j.t.JMeterThread: Thread started: S2 HighConcurrency (200t) 2-75
2026-05-31 18:13:45,189 INFO o.a.j.t.JMeterThread: Thread started: S2 HighConcurrency (200t) 2-76
2026-05-31 18:13:45,340 INFO o.a.j.t.JMeterThread: Thread started: S2 HighConcurrency (200t) 2-77
2026-05-31 18:13:45,488 INFO o.a.j.t.JMeterThread: Thread started: S2 HighConcurrency (200t) 2-78
2026-05-31 18:13:45,639 INFO o.a.j.t.JMeterThread: Thread started: S2 HighConcurrency (200t) 2-79
2026-05-31 18:13:45,790 INFO o.a.j.t.JMeterThread: Thread started: S2 HighConcurrency (200t) 2-80
2026-05-31 18:13:45,941 INFO o.a.j.t.JMeterThread: Thread started: S2 HighConcurrency (200t) 2-81
2026-05-31 18:13:46,090 INFO o.a.j.t.JMeterThread: Thread started: S2 HighConcurrency (200t) 2-82
2026-05-31 18:13:46,239 INFO o.a.j.t.JMeterThread: Thread started: S2 HighConcurrency (200t) 2-83
2026-05-31 18:13:46,389 INFO o.a.j.t.JMeterThread: Thread started: S2 HighConcurrency (200t) 2-84
2026-05-31 18:13:46,538 INFO o.a.j.t.JMeterThread: Thread started: S2 HighConcurrency (200t) 2-85
2026-05-31 18:13:46,688 INFO o.a.j.t.JMeterThread: Thread started: S2 HighConcurrency (200t) 2-86
2026-05-31 18:13:46,838 INFO o.a.j.t.JMeterThread: Thread started: S2 HighConcurrency (200t) 2-87
2026-05-31 18:13:46,989 INFO o.a.j.t.JMeterThread: Thread started: S2 HighConcurrency (200t) 2-88
2026-05-31 18:13:47,140 INFO o.a.j.t.JMeterThread: Thread started: S2 HighConcurrency (200t) 2-89
2026-05-31 18:13:47,289 INFO o.a.j.t.JMeterThread: Thread started: S2 HighConcurrency (200t) 2-90
2026-05-31 18:13:47,438 INFO o.a.j.t.JMeterThread: Thread started: S2 HighConcurrency (200t) 2-91
2026-05-31 18:13:47,589 INFO o.a.j.t.JMeterThread: Thread started: S2 HighConcurrency (200t) 2-92
2026-05-31 18:13:47,739 INFO o.a.j.t.JMeterThread: Thread started: S2 HighConcurrency (200t) 2-93
2026-05-31 18:13:47,889 INFO o.a.j.t.JMeterThread: Thread started: S2 HighConcurrency (200t) 2-94
2026-05-31 18:13:48,038 INFO o.a.j.t.JMeterThread: Thread started: S2 HighConcurrency (200t) 2-95
2026-05-31 18:13:48,188 INFO o.a.j.t.JMeterThread: Thread started: S2 HighConcurrency (200t) 2-96
2026-05-31 18:13:48,339 INFO o.a.j.t.JMeterThread: Thread started: S2 HighConcurrency (200t) 2-97
2026-05-31 18:13:48,490 INFO o.a.j.t.JMeterThread: Thread started: S2 HighConcurrency (200t) 2-98
2026-05-31 18:13:48,639 INFO o.a.j.t.JMeterThread: Thread started: S2 HighConcurrency (200t) 2-99
2026-05-31 18:13:48,789 INFO o.a.j.t.JMeterThread: Thread started: S2 HighConcurrency (200t) 2-100
2026-05-31 18:13:48,939 INFO o.a.j.t.JMeterThread: Thread started: S2 HighConcurrency (200t) 2-101
2026-05-31 18:13:49,089 INFO o.a.j.t.JMeterThread: Thread started: S2 HighConcurrency (200t) 2-102
2026-05-31 18:13:49,239 INFO o.a.j.t.JMeterThread: Thread started: S2 HighConcurrency (200t) 2-103
2026-05-31 18:13:49,388 INFO o.a.j.t.JMeterThread: Thread started: S2 HighConcurrency (200t) 2-104
2026-05-31 18:13:49,539 INFO o.a.j.t.JMeterThread: Thread started: S2 HighConcurrency (200t) 2-105
2026-05-31 18:13:49,695 INFO o.a.j.t.JMeterThread: Thread started: S2 HighConcurrency (200t) 2-106
2026-05-31 18:13:49,838 INFO o.a.j.t.JMeterThread: Thread started: S2 HighConcurrency (200t) 2-107
2026-05-31 18:13:49,988 INFO o.a.j.t.JMeterThread: Thread started: S2 HighConcurrency (200t) 2-108
2026-05-31 18:13:50,139 INFO o.a.j.t.JMeterThread: Thread started: S2 HighConcurrency (200t) 2-109
2026-05-31 18:13:50,289 INFO o.a.j.t.JMeterThread: Thread started: S2 HighConcurrency (200t) 2-110
2026-05-31 18:13:50,439 INFO o.a.j.t.JMeterThread: Thread started: S2 HighConcurrency (200t) 2-111
2026-05-31 18:13:50,589 INFO o.a.j.t.JMeterThread: Thread started: S2 HighConcurrency (200t) 2-112
2026-05-31 18:13:50,740 INFO o.a.j.t.JMeterThread: Thread started: S2 HighConcurrency (200t) 2-113
2026-05-31 18:13:50,889 INFO o.a.j.t.JMeterThread: Thread started: S2 HighConcurrency (200t) 2-114
2026-05-31 18:13:51,039 INFO o.a.j.t.JMeterThread: Thread started: S2 HighConcurrency (200t) 2-115
2026-05-31 18:13:51,189 INFO o.a.j.t.JMeterThread: Thread started: S2 HighConcurrency (200t) 2-116
2026-05-31 18:13:51,340 INFO o.a.j.t.JMeterThread: Thread started: S2 HighConcurrency (200t) 2-117
2026-05-31 18:13:51,488 INFO o.a.j.t.JMeterThread: Thread started: S2 HighConcurrency (200t) 2-118
2026-05-31 18:13:51,638 INFO o.a.j.t.JMeterThread: Thread started: S2 HighConcurrency (200t) 2-119
2026-05-31 18:13:51,788 INFO o.a.j.t.JMeterThread: Thread started: S2 HighConcurrency (200t) 2-120
2026-05-31 18:13:51,938 INFO o.a.j.t.JMeterThread: Thread started: S2 HighConcurrency (200t) 2-121
2026-05-31 18:13:52,088 INFO o.a.j.t.JMeterThread: Thread started: S2 HighConcurrency (200t) 2-122
2026-05-31 18:13:52,241 INFO o.a.j.t.JMeterThread: Thread started: S2 HighConcurrency (200t) 2-123
2026-05-31 18:13:52,391 INFO o.a.j.t.JMeterThread: Thread started: S2 HighConcurrency (200t) 2-124
2026-05-31 18:13:52,541 INFO o.a.j.t.JMeterThread: Thread started: S2 HighConcurrency (200t) 2-125
2026-05-31 18:13:52,690 INFO o.a.j.t.JMeterThread: Thread started: S2 HighConcurrency (200t) 2-126
2026-05-31 18:13:52,840 INFO o.a.j.t.JMeterThread: Thread started: S2 HighConcurrency (200t) 2-127
2026-05-31 18:13:52,990 INFO o.a.j.t.JMeterThread: Thread started: S2 HighConcurrency (200t) 2-128
2026-05-31 18:13:53,141 INFO o.a.j.t.JMeterThread: Thread started: S2 HighConcurrency (200t) 2-129
2026-05-31 18:13:53,291 INFO o.a.j.t.JMeterThread: Thread started: S2 HighConcurrency (200t) 2-130
2026-05-31 18:13:53,438 INFO o.a.j.t.JMeterThread: Thread started: S2 HighConcurrency (200t) 2-131
2026-05-31 18:13:53,589 INFO o.a.j.t.JMeterThread: Thread started: S2 HighConcurrency (200t) 2-132
2026-05-31 18:13:53,739 INFO o.a.j.t.JMeterThread: Thread started: S2 HighConcurrency (200t) 2-133
2026-05-31 18:13:53,888 INFO o.a.j.t.JMeterThread: Thread started: S2 HighConcurrency (200t) 2-134
2026-05-31 18:13:54,039 INFO o.a.j.t.JMeterThread: Thread started: S2 HighConcurrency (200t) 2-135
2026-05-31 18:13:54,188 INFO o.a.j.t.JMeterThread: Thread started: S2 HighConcurrency (200t) 2-136
2026-05-31 18:13:54,340 INFO o.a.j.t.JMeterThread: Thread started: S2 HighConcurrency (200t) 2-137
2026-05-31 18:13:54,488 INFO o.a.j.t.JMeterThread: Thread started: S2 HighConcurrency (200t) 2-138
2026-05-31 18:13:54,640 INFO o.a.j.t.JMeterThread: Thread started: S2 HighConcurrency (200t) 2-139
2026-05-31 18:13:54,789 INFO o.a.j.t.JMeterThread: Thread started: S2 HighConcurrency (200t) 2-140
2026-05-31 18:13:54,939 INFO o.a.j.t.JMeterThread: Thread started: S2 HighConcurrency (200t) 2-141
2026-05-31 18:13:55,088 INFO o.a.j.t.JMeterThread: Thread started: S2 HighConcurrency (200t) 2-142
2026-05-31 18:13:55,239 INFO o.a.j.t.JMeterThread: Thread started: S2 HighConcurrency (200t) 2-143
2026-05-31 18:13:55,389 INFO o.a.j.t.JMeterThread: Thread started: S2 HighConcurrency (200t) 2-144
2026-05-31 18:13:55,538 INFO o.a.j.t.JMeterThread: Thread started: S2 HighConcurrency (200t) 2-145
2026-05-31 18:13:55,688 INFO o.a.j.t.JMeterThread: Thread started: S2 HighConcurrency (200t) 2-146
2026-05-31 18:13:55,838 INFO o.a.j.t.JMeterThread: Thread started: S2 HighConcurrency (200t) 2-147
2026-05-31 18:13:56,002 INFO o.a.j.t.JMeterThread: Thread started: S2 HighConcurrency (200t) 2-148
2026-05-31 18:13:56,140 INFO o.a.j.t.JMeterThread: Thread started: S2 HighConcurrency (200t) 2-149
2026-05-31 18:13:56,289 INFO o.a.j.t.JMeterThread: Thread started: S2 HighConcurrency (200t) 2-150
2026-05-31 18:13:56,439 INFO o.a.j.t.JMeterThread: Thread started: S2 HighConcurrency (200t) 2-151
2026-05-31 18:13:56,590 INFO o.a.j.t.JMeterThread: Thread started: S2 HighConcurrency (200t) 2-152
2026-05-31 18:13:56,740 INFO o.a.j.t.JMeterThread: Thread started: S2 HighConcurrency (200t) 2-153
2026-05-31 18:13:56,889 INFO o.a.j.t.JMeterThread: Thread started: S2 HighConcurrency (200t) 2-154
2026-05-31 18:13:57,039 INFO o.a.j.t.JMeterThread: Thread started: S2 HighConcurrency (200t) 2-155
2026-05-31 18:13:57,189 INFO o.a.j.t.JMeterThread: Thread started: S2 HighConcurrency (200t) 2-156
2026-05-31 18:13:57,339 INFO o.a.j.t.JMeterThread: Thread started: S2 HighConcurrency (200t) 2-157
2026-05-31 18:13:57,488 INFO o.a.j.t.JMeterThread: Thread started: S2 HighConcurrency (200t) 2-158
2026-05-31 18:13:57,639 INFO o.a.j.t.JMeterThread: Thread started: S2 HighConcurrency (200t) 2-159
2026-05-31 18:13:57,788 INFO o.a.j.t.JMeterThread: Thread started: S2 HighConcurrency (200t) 2-160
2026-05-31 18:13:57,938 INFO o.a.j.t.JMeterThread: Thread started: S2 HighConcurrency (200t) 2-161
2026-05-31 18:13:58,089 INFO o.a.j.t.JMeterThread: Thread started: S2 HighConcurrency (200t) 2-162
2026-05-31 18:13:58,239 INFO o.a.j.t.JMeterThread: Thread started: S2 HighConcurrency (200t) 2-163
2026-05-31 18:13:58,389 INFO o.a.j.t.JMeterThread: Thread started: S2 HighConcurrency (200t) 2-164
2026-05-31 18:13:58,538 INFO o.a.j.t.JMeterThread: Thread started: S2 HighConcurrency (200t) 2-165
2026-05-31 18:13:58,688 INFO o.a.j.t.JMeterThread: Thread started: S2 HighConcurrency (200t) 2-166
2026-05-31 18:13:58,838 INFO o.a.j.t.JMeterThread: Thread started: S2 HighConcurrency (200t) 2-167
2026-05-31 18:13:58,988 INFO o.a.j.t.JMeterThread: Thread started: S2 HighConcurrency (200t) 2-168
2026-05-31 18:13:59,140 INFO o.a.j.t.JMeterThread: Thread started: S2 HighConcurrency (200t) 2-169
2026-05-31 18:13:59,290 INFO o.a.j.t.JMeterThread: Thread started: S2 HighConcurrency (200t) 2-170
2026-05-31 18:13:59,439 INFO o.a.j.t.JMeterThread: Thread started: S2 HighConcurrency (200t) 2-171
2026-05-31 18:13:59,589 INFO o.a.j.t.JMeterThread: Thread started: S2 HighConcurrency (200t) 2-172
2026-05-31 18:13:59,739 INFO o.a.j.t.JMeterThread: Thread started: S2 HighConcurrency (200t) 2-173
2026-05-31 18:13:59,889 INFO o.a.j.t.JMeterThread: Thread started: S2 HighConcurrency (200t) 2-174
2026-05-31 18:14:00,038 INFO o.a.j.t.JMeterThread: Thread started: S2 HighConcurrency (200t) 2-175
2026-05-31 18:14:00,048 INFO o.a.j.r.Summariser: summary +    533 in 00:00:30 =   17.8/s Avg:  2257 Min:     3 Max: 22860 Err:     0 (0.00%) Active: 175 Started: 275 Finished: 100
2026-05-31 18:14:00,049 INFO o.a.j.r.Summariser: summary =   2614 in 00:03:47 =   11.5/s Avg:  7076 Min:     3 Max: 28190 Err:     0 (0.00%)
2026-05-31 18:14:00,188 INFO o.a.j.t.JMeterThread: Thread started: S2 HighConcurrency (200t) 2-176
2026-05-31 18:14:00,338 INFO o.a.j.t.JMeterThread: Thread started: S2 HighConcurrency (200t) 2-177
2026-05-31 18:14:00,488 INFO o.a.j.t.JMeterThread: Thread started: S2 HighConcurrency (200t) 2-178
2026-05-31 18:14:00,638 INFO o.a.j.t.JMeterThread: Thread started: S2 HighConcurrency (200t) 2-179
2026-05-31 18:14:00,789 INFO o.a.j.t.JMeterThread: Thread started: S2 HighConcurrency (200t) 2-180
2026-05-31 18:14:00,939 INFO o.a.j.t.JMeterThread: Thread started: S2 HighConcurrency (200t) 2-181
2026-05-31 18:14:01,089 INFO o.a.j.t.JMeterThread: Thread started: S2 HighConcurrency (200t) 2-182
2026-05-31 18:14:01,240 INFO o.a.j.t.JMeterThread: Thread started: S2 HighConcurrency (200t) 2-183
2026-05-31 18:14:01,390 INFO o.a.j.t.JMeterThread: Thread started: S2 HighConcurrency (200t) 2-184
2026-05-31 18:14:01,540 INFO o.a.j.t.JMeterThread: Thread started: S2 HighConcurrency (200t) 2-185
2026-05-31 18:14:01,688 INFO o.a.j.t.JMeterThread: Thread started: S2 HighConcurrency (200t) 2-186
2026-05-31 18:14:01,839 INFO o.a.j.t.JMeterThread: Thread started: S2 HighConcurrency (200t) 2-187
2026-05-31 18:14:01,988 INFO o.a.j.t.JMeterThread: Thread started: S2 HighConcurrency (200t) 2-188
2026-05-31 18:14:02,141 INFO o.a.j.t.JMeterThread: Thread started: S2 HighConcurrency (200t) 2-189
2026-05-31 18:14:02,291 INFO o.a.j.t.JMeterThread: Thread started: S2 HighConcurrency (200t) 2-190
2026-05-31 18:14:02,440 INFO o.a.j.t.JMeterThread: Thread started: S2 HighConcurrency (200t) 2-191
2026-05-31 18:14:02,590 INFO o.a.j.t.JMeterThread: Thread started: S2 HighConcurrency (200t) 2-192
2026-05-31 18:14:02,742 INFO o.a.j.t.JMeterThread: Thread started: S2 HighConcurrency (200t) 2-193
2026-05-31 18:14:02,891 INFO o.a.j.t.JMeterThread: Thread started: S2 HighConcurrency (200t) 2-194
2026-05-31 18:14:03,040 INFO o.a.j.t.JMeterThread: Thread started: S2 HighConcurrency (200t) 2-195
2026-05-31 18:14:03,189 INFO o.a.j.t.JMeterThread: Thread started: S2 HighConcurrency (200t) 2-196
2026-05-31 18:14:03,339 INFO o.a.j.t.JMeterThread: Thread started: S2 HighConcurrency (200t) 2-197
2026-05-31 18:14:03,488 INFO o.a.j.t.JMeterThread: Thread started: S2 HighConcurrency (200t) 2-198
2026-05-31 18:14:03,638 INFO o.a.j.t.JMeterThread: Thread started: S2 HighConcurrency (200t) 2-199
2026-05-31 18:14:03,789 INFO o.a.j.t.JMeterThread: Thread started: S2 HighConcurrency (200t) 2-200
2026-05-31 18:14:30,078 INFO o.a.j.r.Summariser: summary +    302 in 00:00:30 =   10.1/s Avg: 13352 Min:     4 Max: 30291 Err:     0 (0.00%) Active: 200 Started: 300 Finished: 100
2026-05-31 18:14:30,078 INFO o.a.j.r.Summariser: summary =   2916 in 00:04:17 =   11.4/s Avg:  7726 Min:     3 Max: 30291 Err:     0 (0.00%)
2026-05-31 18:15:00,017 INFO o.a.j.r.Summariser: summary +    409 in 00:00:30 =   13.7/s Avg: 14122 Min:     3 Max: 37891 Err:     0 (0.00%) Active: 200 Started: 300 Finished: 100
2026-05-31 18:15:00,017 INFO o.a.j.r.Summariser: summary =   3325 in 00:04:47 =   11.6/s Avg:  8513 Min:     3 Max: 37891 Err:     0 (0.00%)
2026-05-31 18:15:30,054 INFO o.a.j.r.Summariser: summary +    357 in 00:00:30 =   11.9/s Avg: 17255 Min:     3 Max: 37843 Err:     0 (0.00%) Active: 200 Started: 300 Finished: 100
2026-05-31 18:15:30,054 INFO o.a.j.r.Summariser: summary =   3682 in 00:05:17 =   11.6/s Avg:  9361 Min:     3 Max: 37891 Err:     0 (0.00%)
2026-05-31 18:16:00,059 INFO o.a.j.r.Summariser: summary +    417 in 00:00:30 =   13.9/s Avg: 14606 Min:     4 Max: 40582 Err:     0 (0.00%) Active: 200 Started: 300 Finished: 100
2026-05-31 18:16:00,060 INFO o.a.j.r.Summariser: summary =   4099 in 00:05:47 =   11.8/s Avg:  9894 Min:     3 Max: 40582 Err:     0 (0.00%)
2026-05-31 18:16:30,097 INFO o.a.j.r.Summariser: summary +    364 in 00:00:30 =   12.1/s Avg: 16549 Min:     4 Max: 38148 Err:     0 (0.00%) Active: 200 Started: 300 Finished: 100
2026-05-31 18:16:30,097 INFO o.a.j.r.Summariser: summary =   4463 in 00:06:17 =   11.8/s Avg: 10437 Min:     3 Max: 40582 Err:     0 (0.00%)
2026-05-31 18:16:34,350 INFO o.a.j.t.JMeterThread: Stopping because end time detected by thread: S2 HighConcurrency (200t) 2-171
2026-05-31 18:16:34,350 INFO o.a.j.t.JMeterThread: Thread finished: S2 HighConcurrency (200t) 2-171
2026-05-31 18:16:34,400 INFO o.a.j.t.JMeterThread: Stopping because end time detected by thread: S2 HighConcurrency (200t) 2-42
2026-05-31 18:16:34,400 INFO o.a.j.t.JMeterThread: Thread finished: S2 HighConcurrency (200t) 2-42
2026-05-31 18:16:34,502 INFO o.a.j.t.JMeterThread: Stopping because end time detected by thread: S2 HighConcurrency (200t) 2-180
2026-05-31 18:16:34,503 INFO o.a.j.t.JMeterThread: Thread finished: S2 HighConcurrency (200t) 2-180
2026-05-31 18:16:34,657 INFO o.a.j.t.JMeterThread: Stopping because end time detected by thread: S2 HighConcurrency (200t) 2-58
2026-05-31 18:16:34,657 INFO o.a.j.t.JMeterThread: Thread finished: S2 HighConcurrency (200t) 2-58
2026-05-31 18:16:34,754 INFO o.a.j.t.JMeterThread: Stopping because end time detected by thread: S2 HighConcurrency (200t) 2-175
2026-05-31 18:16:34,755 INFO o.a.j.t.JMeterThread: Thread finished: S2 HighConcurrency (200t) 2-175
2026-05-31 18:16:35,186 INFO o.a.j.t.JMeterThread: Stopping because end time detected by thread: S2 HighConcurrency (200t) 2-169
2026-05-31 18:16:35,186 INFO o.a.j.t.JMeterThread: Thread finished: S2 HighConcurrency (200t) 2-169
2026-05-31 18:16:35,341 INFO o.a.j.t.JMeterThread: Stopping because end time detected by thread: S2 HighConcurrency (200t) 2-185
2026-05-31 18:16:35,341 INFO o.a.j.t.JMeterThread: Thread finished: S2 HighConcurrency (200t) 2-185
2026-05-31 18:16:35,417 INFO o.a.j.t.JMeterThread: Stopping because end time detected by thread: S2 HighConcurrency (200t) 2-184
2026-05-31 18:16:35,417 INFO o.a.j.t.JMeterThread: Thread finished: S2 HighConcurrency (200t) 2-184
2026-05-31 18:16:35,585 INFO o.a.j.t.JMeterThread: Stopping because end time detected by thread: S2 HighConcurrency (200t) 2-69
2026-05-31 18:16:35,585 INFO o.a.j.t.JMeterThread: Thread finished: S2 HighConcurrency (200t) 2-69
2026-05-31 18:16:35,686 INFO o.a.j.t.JMeterThread: Stopping because end time detected by thread: S2 HighConcurrency (200t) 2-22
2026-05-31 18:16:35,686 INFO o.a.j.t.JMeterThread: Thread finished: S2 HighConcurrency (200t) 2-22
2026-05-31 18:16:36,112 INFO o.a.j.t.JMeterThread: Stopping because end time detected by thread: S2 HighConcurrency (200t) 2-177
2026-05-31 18:16:36,112 INFO o.a.j.t.JMeterThread: Thread finished: S2 HighConcurrency (200t) 2-177
2026-05-31 18:16:36,135 INFO o.a.j.t.JMeterThread: Stopping because end time detected by thread: S2 HighConcurrency (200t) 2-190
2026-05-31 18:16:36,135 INFO o.a.j.t.JMeterThread: Thread finished: S2 HighConcurrency (200t) 2-190
2026-05-31 18:16:36,271 INFO o.a.j.t.JMeterThread: Stopping because end time detected by thread: S2 HighConcurrency (200t) 2-181
2026-05-31 18:16:36,271 INFO o.a.j.t.JMeterThread: Thread finished: S2 HighConcurrency (200t) 2-181
2026-05-31 18:16:36,280 INFO o.a.j.t.JMeterThread: Stopping because end time detected by thread: S2 HighConcurrency (200t) 2-161
2026-05-31 18:16:36,280 INFO o.a.j.t.JMeterThread: Thread finished: S2 HighConcurrency (200t) 2-161
2026-05-31 18:16:36,362 INFO o.a.j.t.JMeterThread: Stopping because end time detected by thread: S2 HighConcurrency (200t) 2-54
2026-05-31 18:16:36,362 INFO o.a.j.t.JMeterThread: Thread finished: S2 HighConcurrency (200t) 2-54
2026-05-31 18:16:36,376 INFO o.a.j.t.JMeterThread: Stopping because end time detected by thread: S2 HighConcurrency (200t) 2-17
2026-05-31 18:16:36,376 INFO o.a.j.t.JMeterThread: Thread finished: S2 HighConcurrency (200t) 2-17
2026-05-31 18:16:36,552 INFO o.a.j.t.JMeterThread: Stopping because end time detected by thread: S2 HighConcurrency (200t) 2-178
2026-05-31 18:16:36,552 INFO o.a.j.t.JMeterThread: Thread finished: S2 HighConcurrency (200t) 2-178
2026-05-31 18:16:37,031 INFO o.a.j.t.JMeterThread: Stopping because end time detected by thread: S2 HighConcurrency (200t) 2-183
2026-05-31 18:16:37,031 INFO o.a.j.t.JMeterThread: Thread finished: S2 HighConcurrency (200t) 2-183
2026-05-31 18:16:37,207 INFO o.a.j.t.JMeterThread: Stopping because end time detected by thread: S2 HighConcurrency (200t) 2-10
2026-05-31 18:16:37,207 INFO o.a.j.t.JMeterThread: Thread finished: S2 HighConcurrency (200t) 2-10
2026-05-31 18:16:37,249 INFO o.a.j.t.JMeterThread: Stopping because end time detected by thread: S2 HighConcurrency (200t) 2-192
2026-05-31 18:16:37,249 INFO o.a.j.t.JMeterThread: Thread finished: S2 HighConcurrency (200t) 2-192
2026-05-31 18:16:37,277 INFO o.a.j.t.JMeterThread: Stopping because end time detected by thread: S2 HighConcurrency (200t) 2-170
2026-05-31 18:16:37,277 INFO o.a.j.t.JMeterThread: Thread finished: S2 HighConcurrency (200t) 2-170
2026-05-31 18:16:37,472 INFO o.a.j.t.JMeterThread: Stopping because end time detected by thread: S2 HighConcurrency (200t) 2-189
2026-05-31 18:16:37,473 INFO o.a.j.t.JMeterThread: Thread finished: S2 HighConcurrency (200t) 2-189
2026-05-31 18:16:37,587 INFO o.a.j.t.JMeterThread: Stopping because end time detected by thread: S2 HighConcurrency (200t) 2-79
2026-05-31 18:16:37,587 INFO o.a.j.t.JMeterThread: Thread finished: S2 HighConcurrency (200t) 2-79
2026-05-31 18:16:37,612 INFO o.a.j.t.JMeterThread: Stopping because end time detected by thread: S2 HighConcurrency (200t) 2-195
2026-05-31 18:16:37,613 INFO o.a.j.t.JMeterThread: Thread finished: S2 HighConcurrency (200t) 2-195
2026-05-31 18:16:37,686 INFO o.a.j.t.JMeterThread: Stopping because end time detected by thread: S2 HighConcurrency (200t) 2-82
2026-05-31 18:16:37,686 INFO o.a.j.t.JMeterThread: Thread finished: S2 HighConcurrency (200t) 2-82
2026-05-31 18:16:38,458 INFO o.a.j.t.JMeterThread: Stopping because end time detected by thread: S2 HighConcurrency (200t) 2-80
2026-05-31 18:16:38,458 INFO o.a.j.t.JMeterThread: Thread finished: S2 HighConcurrency (200t) 2-80
2026-05-31 18:16:38,570 INFO o.a.j.t.JMeterThread: Stopping because end time detected by thread: S2 HighConcurrency (200t) 2-196
2026-05-31 18:16:38,570 INFO o.a.j.t.JMeterThread: Thread finished: S2 HighConcurrency (200t) 2-196
2026-05-31 18:16:38,632 INFO o.a.j.t.JMeterThread: Stopping because end time detected by thread: S2 HighConcurrency (200t) 2-187
2026-05-31 18:16:38,632 INFO o.a.j.t.JMeterThread: Thread finished: S2 HighConcurrency (200t) 2-187
2026-05-31 18:16:38,867 INFO o.a.j.t.JMeterThread: Stopping because end time detected by thread: S2 HighConcurrency (200t) 2-24
2026-05-31 18:16:38,868 INFO o.a.j.t.JMeterThread: Thread finished: S2 HighConcurrency (200t) 2-24
2026-05-31 18:16:38,886 INFO o.a.j.t.JMeterThread: Stopping because end time detected by thread: S2 HighConcurrency (200t) 2-200
2026-05-31 18:16:38,887 INFO o.a.j.t.JMeterThread: Thread finished: S2 HighConcurrency (200t) 2-200
2026-05-31 18:16:39,132 INFO o.a.j.t.JMeterThread: Stopping because end time detected by thread: S2 HighConcurrency (200t) 2-77
2026-05-31 18:16:39,132 INFO o.a.j.t.JMeterThread: Thread finished: S2 HighConcurrency (200t) 2-77
2026-05-31 18:16:39,142 INFO o.a.j.t.JMeterThread: Stopping because end time detected by thread: S2 HighConcurrency (200t) 2-37
2026-05-31 18:16:39,142 INFO o.a.j.t.JMeterThread: Thread finished: S2 HighConcurrency (200t) 2-37
2026-05-31 18:16:39,440 INFO o.a.j.t.JMeterThread: Stopping because end time detected by thread: S2 HighConcurrency (200t) 2-52
2026-05-31 18:16:39,441 INFO o.a.j.t.JMeterThread: Thread finished: S2 HighConcurrency (200t) 2-52
2026-05-31 18:16:39,578 INFO o.a.j.t.JMeterThread: Stopping because end time detected by thread: S2 HighConcurrency (200t) 2-38
2026-05-31 18:16:39,578 INFO o.a.j.t.JMeterThread: Thread finished: S2 HighConcurrency (200t) 2-38
2026-05-31 18:16:39,592 INFO o.a.j.t.JMeterThread: Stopping because end time detected by thread: S2 HighConcurrency (200t) 2-76
2026-05-31 18:16:39,592 INFO o.a.j.t.JMeterThread: Thread finished: S2 HighConcurrency (200t) 2-76
2026-05-31 18:16:39,661 INFO o.a.j.t.JMeterThread: Stopping because end time detected by thread: S2 HighConcurrency (200t) 2-193
2026-05-31 18:16:39,662 INFO o.a.j.t.JMeterThread: Thread finished: S2 HighConcurrency (200t) 2-193
2026-05-31 18:16:39,749 INFO o.a.j.t.JMeterThread: Stopping because end time detected by thread: S2 HighConcurrency (200t) 2-188
2026-05-31 18:16:39,749 INFO o.a.j.t.JMeterThread: Thread finished: S2 HighConcurrency (200t) 2-188
2026-05-31 18:16:39,809 INFO o.a.j.t.JMeterThread: Stopping because end time detected by thread: S2 HighConcurrency (200t) 2-186
2026-05-31 18:16:39,809 INFO o.a.j.t.JMeterThread: Thread finished: S2 HighConcurrency (200t) 2-186
2026-05-31 18:16:40,336 INFO o.a.j.t.JMeterThread: Stopping because end time detected by thread: S2 HighConcurrency (200t) 2-45
2026-05-31 18:16:40,337 INFO o.a.j.t.JMeterThread: Thread finished: S2 HighConcurrency (200t) 2-45
2026-05-31 18:16:40,507 INFO o.a.j.t.JMeterThread: Stopping because end time detected by thread: S2 HighConcurrency (200t) 2-36
2026-05-31 18:16:40,507 INFO o.a.j.t.JMeterThread: Thread finished: S2 HighConcurrency (200t) 2-36
2026-05-31 18:16:40,563 INFO o.a.j.t.JMeterThread: Stopping because end time detected by thread: S2 HighConcurrency (200t) 2-182
2026-05-31 18:16:40,563 INFO o.a.j.t.JMeterThread: Thread finished: S2 HighConcurrency (200t) 2-182
2026-05-31 18:16:40,588 INFO o.a.j.t.JMeterThread: Stopping because end time detected by thread: S2 HighConcurrency (200t) 2-31
2026-05-31 18:16:40,588 INFO o.a.j.t.JMeterThread: Thread finished: S2 HighConcurrency (200t) 2-31
2026-05-31 18:16:40,785 INFO o.a.j.t.JMeterThread: Stopping because end time detected by thread: S2 HighConcurrency (200t) 2-44
2026-05-31 18:16:40,785 INFO o.a.j.t.JMeterThread: Thread finished: S2 HighConcurrency (200t) 2-44
2026-05-31 18:16:41,065 INFO o.a.j.t.JMeterThread: Stopping because end time detected by thread: S2 HighConcurrency (200t) 2-71
2026-05-31 18:16:41,065 INFO o.a.j.t.JMeterThread: Thread finished: S2 HighConcurrency (200t) 2-71
2026-05-31 18:16:41,118 INFO o.a.j.t.JMeterThread: Stopping because end time detected by thread: S2 HighConcurrency (200t) 2-19
2026-05-31 18:16:41,119 INFO o.a.j.t.JMeterThread: Thread finished: S2 HighConcurrency (200t) 2-19
2026-05-31 18:16:41,209 INFO o.a.j.t.JMeterThread: Stopping because end time detected by thread: S2 HighConcurrency (200t) 2-194
2026-05-31 18:16:41,209 INFO o.a.j.t.JMeterThread: Thread finished: S2 HighConcurrency (200t) 2-194
2026-05-31 18:16:41,404 INFO o.a.j.t.JMeterThread: Stopping because end time detected by thread: S2 HighConcurrency (200t) 2-199
2026-05-31 18:16:41,404 INFO o.a.j.t.JMeterThread: Thread finished: S2 HighConcurrency (200t) 2-199
2026-05-31 18:16:41,604 INFO o.a.j.t.JMeterThread: Stopping because end time detected by thread: S2 HighConcurrency (200t) 2-191
2026-05-31 18:16:41,605 INFO o.a.j.t.JMeterThread: Thread finished: S2 HighConcurrency (200t) 2-191
2026-05-31 18:16:41,630 INFO o.a.j.t.JMeterThread: Stopping because end time detected by thread: S2 HighConcurrency (200t) 2-176
2026-05-31 18:16:41,630 INFO o.a.j.t.JMeterThread: Thread finished: S2 HighConcurrency (200t) 2-176
2026-05-31 18:16:41,830 INFO o.a.j.t.JMeterThread: Stopping because end time detected by thread: S2 HighConcurrency (200t) 2-78
2026-05-31 18:16:41,830 INFO o.a.j.t.JMeterThread: Thread finished: S2 HighConcurrency (200t) 2-78
2026-05-31 18:16:41,925 INFO o.a.j.t.JMeterThread: Stopping because end time detected by thread: S2 HighConcurrency (200t) 2-70
2026-05-31 18:16:41,925 INFO o.a.j.t.JMeterThread: Thread finished: S2 HighConcurrency (200t) 2-70
2026-05-31 18:16:41,981 INFO o.a.j.t.JMeterThread: Stopping because end time detected by thread: S2 HighConcurrency (200t) 2-197
2026-05-31 18:16:41,981 INFO o.a.j.t.JMeterThread: Thread finished: S2 HighConcurrency (200t) 2-197
2026-05-31 18:16:42,194 INFO o.a.j.t.JMeterThread: Stopping because end time detected by thread: S2 HighConcurrency (200t) 2-198
2026-05-31 18:16:42,194 INFO o.a.j.t.JMeterThread: Thread finished: S2 HighConcurrency (200t) 2-198
2026-05-31 18:16:42,316 INFO o.a.j.t.JMeterThread: Stopping because end time detected by thread: S2 HighConcurrency (200t) 2-46
2026-05-31 18:16:42,316 INFO o.a.j.t.JMeterThread: Thread finished: S2 HighConcurrency (200t) 2-46
2026-05-31 18:16:43,277 INFO o.a.j.t.JMeterThread: Stopping because end time detected by thread: S2 HighConcurrency (200t) 2-86
2026-05-31 18:16:43,277 INFO o.a.j.t.JMeterThread: Thread finished: S2 HighConcurrency (200t) 2-86
2026-05-31 18:16:43,437 INFO o.a.j.t.JMeterThread: Stopping because end time detected by thread: S2 HighConcurrency (200t) 2-97
2026-05-31 18:16:43,437 INFO o.a.j.t.JMeterThread: Thread finished: S2 HighConcurrency (200t) 2-97
2026-05-31 18:16:43,828 INFO o.a.j.t.JMeterThread: Stopping because end time detected by thread: S2 HighConcurrency (200t) 2-1
2026-05-31 18:16:43,828 INFO o.a.j.t.JMeterThread: Thread finished: S2 HighConcurrency (200t) 2-1
2026-05-31 18:16:44,180 INFO o.a.j.t.JMeterThread: Stopping because end time detected by thread: S2 HighConcurrency (200t) 2-81
2026-05-31 18:16:44,181 INFO o.a.j.t.JMeterThread: Thread finished: S2 HighConcurrency (200t) 2-81
2026-05-31 18:16:44,456 INFO o.a.j.t.JMeterThread: Stopping because end time detected by thread: S2 HighConcurrency (200t) 2-61
2026-05-31 18:16:44,456 INFO o.a.j.t.JMeterThread: Thread finished: S2 HighConcurrency (200t) 2-61
2026-05-31 18:16:44,592 INFO o.a.j.t.JMeterThread: Stopping because end time detected by thread: S2 HighConcurrency (200t) 2-5
2026-05-31 18:16:44,592 INFO o.a.j.t.JMeterThread: Thread finished: S2 HighConcurrency (200t) 2-5
2026-05-31 18:16:44,679 INFO o.a.j.t.JMeterThread: Stopping because end time detected by thread: S2 HighConcurrency (200t) 2-47
2026-05-31 18:16:44,679 INFO o.a.j.t.JMeterThread: Thread finished: S2 HighConcurrency (200t) 2-47
2026-05-31 18:16:45,381 INFO o.a.j.t.JMeterThread: Stopping because end time detected by thread: S2 HighConcurrency (200t) 2-91
2026-05-31 18:16:45,381 INFO o.a.j.t.JMeterThread: Thread finished: S2 HighConcurrency (200t) 2-91
2026-05-31 18:16:45,464 INFO o.a.j.t.JMeterThread: Stopping because end time detected by thread: S2 HighConcurrency (200t) 2-55
2026-05-31 18:16:45,464 INFO o.a.j.t.JMeterThread: Thread finished: S2 HighConcurrency (200t) 2-55
2026-05-31 18:16:45,613 INFO o.a.j.t.JMeterThread: Stopping because end time detected by thread: S2 HighConcurrency (200t) 2-84
2026-05-31 18:16:45,613 INFO o.a.j.t.JMeterThread: Thread finished: S2 HighConcurrency (200t) 2-84
2026-05-31 18:16:46,367 INFO o.a.j.t.JMeterThread: Stopping because end time detected by thread: S2 HighConcurrency (200t) 2-90
2026-05-31 18:16:46,367 INFO o.a.j.t.JMeterThread: Thread finished: S2 HighConcurrency (200t) 2-90
2026-05-31 18:16:46,561 INFO o.a.j.t.JMeterThread: Stopping because end time detected by thread: S2 HighConcurrency (200t) 2-75
2026-05-31 18:16:46,562 INFO o.a.j.t.JMeterThread: Thread finished: S2 HighConcurrency (200t) 2-75
2026-05-31 18:16:46,676 INFO o.a.j.t.JMeterThread: Stopping because end time detected by thread: S2 HighConcurrency (200t) 2-50
2026-05-31 18:16:46,676 INFO o.a.j.t.JMeterThread: Thread finished: S2 HighConcurrency (200t) 2-50
2026-05-31 18:16:46,982 INFO o.a.j.t.JMeterThread: Stopping because end time detected by thread: S2 HighConcurrency (200t) 2-95
2026-05-31 18:16:46,982 INFO o.a.j.t.JMeterThread: Thread finished: S2 HighConcurrency (200t) 2-95
2026-05-31 18:16:47,369 INFO o.a.j.t.JMeterThread: Stopping because end time detected by thread: S2 HighConcurrency (200t) 2-94
2026-05-31 18:16:47,369 INFO o.a.j.t.JMeterThread: Thread finished: S2 HighConcurrency (200t) 2-94
2026-05-31 18:16:47,582 INFO o.a.j.t.JMeterThread: Stopping because end time detected by thread: S2 HighConcurrency (200t) 2-6
2026-05-31 18:16:47,583 INFO o.a.j.t.JMeterThread: Thread finished: S2 HighConcurrency (200t) 2-6
2026-05-31 18:16:47,678 INFO o.a.j.t.JMeterThread: Stopping because end time detected by thread: S2 HighConcurrency (200t) 2-117
2026-05-31 18:16:47,678 INFO o.a.j.t.JMeterThread: Thread finished: S2 HighConcurrency (200t) 2-117
2026-05-31 18:16:47,751 INFO o.a.j.t.JMeterThread: Stopping because end time detected by thread: S2 HighConcurrency (200t) 2-98
2026-05-31 18:16:47,751 INFO o.a.j.t.JMeterThread: Thread finished: S2 HighConcurrency (200t) 2-98
2026-05-31 18:16:47,819 INFO o.a.j.t.JMeterThread: Stopping because end time detected by thread: S2 HighConcurrency (200t) 2-83
2026-05-31 18:16:47,819 INFO o.a.j.t.JMeterThread: Thread finished: S2 HighConcurrency (200t) 2-83
2026-05-31 18:16:47,844 INFO o.a.j.t.JMeterThread: Stopping because end time detected by thread: S2 HighConcurrency (200t) 2-12
2026-05-31 18:16:47,844 INFO o.a.j.t.JMeterThread: Thread finished: S2 HighConcurrency (200t) 2-12
2026-05-31 18:16:48,076 INFO o.a.j.t.JMeterThread: Stopping because end time detected by thread: S2 HighConcurrency (200t) 2-89
2026-05-31 18:16:48,076 INFO o.a.j.t.JMeterThread: Thread finished: S2 HighConcurrency (200t) 2-89
2026-05-31 18:16:48,500 INFO o.a.j.t.JMeterThread: Stopping because end time detected by thread: S2 HighConcurrency (200t) 2-41
2026-05-31 18:16:48,500 INFO o.a.j.t.JMeterThread: Thread finished: S2 HighConcurrency (200t) 2-41
2026-05-31 18:16:49,295 INFO o.a.j.t.JMeterThread: Stopping because end time detected by thread: S2 HighConcurrency (200t) 2-174
2026-05-31 18:16:49,295 INFO o.a.j.t.JMeterThread: Thread finished: S2 HighConcurrency (200t) 2-174
2026-05-31 18:16:49,333 INFO o.a.j.t.JMeterThread: Stopping because end time detected by thread: S2 HighConcurrency (200t) 2-122
2026-05-31 18:16:49,333 INFO o.a.j.t.JMeterThread: Thread finished: S2 HighConcurrency (200t) 2-122
2026-05-31 18:16:49,669 INFO o.a.j.t.JMeterThread: Stopping because end time detected by thread: S2 HighConcurrency (200t) 2-99
2026-05-31 18:16:49,670 INFO o.a.j.t.JMeterThread: Thread finished: S2 HighConcurrency (200t) 2-99
2026-05-31 18:16:49,711 INFO o.a.j.t.JMeterThread: Stopping because end time detected by thread: S2 HighConcurrency (200t) 2-92
2026-05-31 18:16:49,712 INFO o.a.j.t.JMeterThread: Thread finished: S2 HighConcurrency (200t) 2-92
2026-05-31 18:16:49,776 INFO o.a.j.t.JMeterThread: Stopping because end time detected by thread: S2 HighConcurrency (200t) 2-3
2026-05-31 18:16:49,776 INFO o.a.j.t.JMeterThread: Thread finished: S2 HighConcurrency (200t) 2-3
2026-05-31 18:16:49,818 INFO o.a.j.t.JMeterThread: Stopping because end time detected by thread: S2 HighConcurrency (200t) 2-103
2026-05-31 18:16:49,818 INFO o.a.j.t.JMeterThread: Thread finished: S2 HighConcurrency (200t) 2-103
2026-05-31 18:16:49,858 INFO o.a.j.t.JMeterThread: Stopping because end time detected by thread: S2 HighConcurrency (200t) 2-7
2026-05-31 18:16:49,858 INFO o.a.j.t.JMeterThread: Thread finished: S2 HighConcurrency (200t) 2-7
2026-05-31 18:16:49,921 INFO o.a.j.t.JMeterThread: Stopping because end time detected by thread: S2 HighConcurrency (200t) 2-102
2026-05-31 18:16:49,921 INFO o.a.j.t.JMeterThread: Thread finished: S2 HighConcurrency (200t) 2-102
2026-05-31 18:16:49,945 INFO o.a.j.t.JMeterThread: Stopping because end time detected by thread: S2 HighConcurrency (200t) 2-15
2026-05-31 18:16:49,945 INFO o.a.j.t.JMeterThread: Thread finished: S2 HighConcurrency (200t) 2-15
2026-05-31 18:16:49,985 INFO o.a.j.t.JMeterThread: Stopping because end time detected by thread: S2 HighConcurrency (200t) 2-85
2026-05-31 18:16:49,985 INFO o.a.j.t.JMeterThread: Thread finished: S2 HighConcurrency (200t) 2-85
2026-05-31 18:16:50,113 INFO o.a.j.t.JMeterThread: Stopping because end time detected by thread: S2 HighConcurrency (200t) 2-73
2026-05-31 18:16:50,113 INFO o.a.j.t.JMeterThread: Thread finished: S2 HighConcurrency (200t) 2-73
2026-05-31 18:16:50,512 INFO o.a.j.t.JMeterThread: Stopping because end time detected by thread: S2 HighConcurrency (200t) 2-100
2026-05-31 18:16:50,512 INFO o.a.j.t.JMeterThread: Thread finished: S2 HighConcurrency (200t) 2-100
2026-05-31 18:16:50,847 INFO o.a.j.t.JMeterThread: Stopping because end time detected by thread: S2 HighConcurrency (200t) 2-88
2026-05-31 18:16:50,848 INFO o.a.j.t.JMeterThread: Thread finished: S2 HighConcurrency (200t) 2-88
2026-05-31 18:16:50,921 INFO o.a.j.t.JMeterThread: Stopping because end time detected by thread: S2 HighConcurrency (200t) 2-96
2026-05-31 18:16:50,921 INFO o.a.j.t.JMeterThread: Thread finished: S2 HighConcurrency (200t) 2-96
2026-05-31 18:16:50,953 INFO o.a.j.t.JMeterThread: Stopping because end time detected by thread: S2 HighConcurrency (200t) 2-43
2026-05-31 18:16:50,953 INFO o.a.j.t.JMeterThread: Thread finished: S2 HighConcurrency (200t) 2-43
2026-05-31 18:16:51,037 INFO o.a.j.t.JMeterThread: Stopping because end time detected by thread: S2 HighConcurrency (200t) 2-93
2026-05-31 18:16:51,037 INFO o.a.j.t.JMeterThread: Thread finished: S2 HighConcurrency (200t) 2-93
2026-05-31 18:16:51,397 INFO o.a.j.t.JMeterThread: Stopping because end time detected by thread: S2 HighConcurrency (200t) 2-113
2026-05-31 18:16:51,398 INFO o.a.j.t.JMeterThread: Thread finished: S2 HighConcurrency (200t) 2-113
2026-05-31 18:16:51,450 INFO o.a.j.t.JMeterThread: Stopping because end time detected by thread: S2 HighConcurrency (200t) 2-106
2026-05-31 18:16:51,450 INFO o.a.j.t.JMeterThread: Thread finished: S2 HighConcurrency (200t) 2-106
2026-05-31 18:16:51,792 INFO o.a.j.t.JMeterThread: Stopping because end time detected by thread: S2 HighConcurrency (200t) 2-16
2026-05-31 18:16:51,792 INFO o.a.j.t.JMeterThread: Thread finished: S2 HighConcurrency (200t) 2-16
2026-05-31 18:16:51,804 INFO o.a.j.t.JMeterThread: Stopping because end time detected by thread: S2 HighConcurrency (200t) 2-21
2026-05-31 18:16:51,804 INFO o.a.j.t.JMeterThread: Thread finished: S2 HighConcurrency (200t) 2-21
2026-05-31 18:16:51,818 INFO o.a.j.t.JMeterThread: Stopping because end time detected by thread: S2 HighConcurrency (200t) 2-4
2026-05-31 18:16:51,819 INFO o.a.j.t.JMeterThread: Thread finished: S2 HighConcurrency (200t) 2-4
2026-05-31 18:16:51,869 INFO o.a.j.t.JMeterThread: Stopping because end time detected by thread: S2 HighConcurrency (200t) 2-51
2026-05-31 18:16:51,870 INFO o.a.j.t.JMeterThread: Thread finished: S2 HighConcurrency (200t) 2-51
2026-05-31 18:16:52,004 INFO o.a.j.t.JMeterThread: Stopping because end time detected by thread: S2 HighConcurrency (200t) 2-56
2026-05-31 18:16:52,004 INFO o.a.j.t.JMeterThread: Thread finished: S2 HighConcurrency (200t) 2-56
2026-05-31 18:16:52,190 INFO o.a.j.t.JMeterThread: Stopping because end time detected by thread: S2 HighConcurrency (200t) 2-112
2026-05-31 18:16:52,191 INFO o.a.j.t.JMeterThread: Thread finished: S2 HighConcurrency (200t) 2-112
2026-05-31 18:16:52,652 INFO o.a.j.t.JMeterThread: Stopping because end time detected by thread: S2 HighConcurrency (200t) 2-130
2026-05-31 18:16:52,653 INFO o.a.j.t.JMeterThread: Thread finished: S2 HighConcurrency (200t) 2-130
2026-05-31 18:16:52,661 INFO o.a.j.t.JMeterThread: Stopping because end time detected by thread: S2 HighConcurrency (200t) 2-114
2026-05-31 18:16:52,661 INFO o.a.j.t.JMeterThread: Thread finished: S2 HighConcurrency (200t) 2-114
2026-05-31 18:16:52,684 INFO o.a.j.t.JMeterThread: Stopping because end time detected by thread: S2 HighConcurrency (200t) 2-101
2026-05-31 18:16:52,684 INFO o.a.j.t.JMeterThread: Thread finished: S2 HighConcurrency (200t) 2-101
2026-05-31 18:16:52,838 INFO o.a.j.t.JMeterThread: Stopping because end time detected by thread: S2 HighConcurrency (200t) 2-25
2026-05-31 18:16:52,838 INFO o.a.j.t.JMeterThread: Thread finished: S2 HighConcurrency (200t) 2-25
2026-05-31 18:16:52,860 INFO o.a.j.t.JMeterThread: Stopping because end time detected by thread: S2 HighConcurrency (200t) 2-108
2026-05-31 18:16:52,861 INFO o.a.j.t.JMeterThread: Thread finished: S2 HighConcurrency (200t) 2-108
2026-05-31 18:16:52,880 INFO o.a.j.t.JMeterThread: Stopping because end time detected by thread: S2 HighConcurrency (200t) 2-107
2026-05-31 18:16:52,880 INFO o.a.j.t.JMeterThread: Thread finished: S2 HighConcurrency (200t) 2-107
2026-05-31 18:16:52,892 INFO o.a.j.t.JMeterThread: Stopping because end time detected by thread: S2 HighConcurrency (200t) 2-57
2026-05-31 18:16:52,892 INFO o.a.j.t.JMeterThread: Thread finished: S2 HighConcurrency (200t) 2-57
2026-05-31 18:16:53,187 INFO o.a.j.t.JMeterThread: Stopping because end time detected by thread: S2 HighConcurrency (200t) 2-105
2026-05-31 18:16:53,188 INFO o.a.j.t.JMeterThread: Thread finished: S2 HighConcurrency (200t) 2-105
2026-05-31 18:16:53,199 INFO o.a.j.t.JMeterThread: Stopping because end time detected by thread: S2 HighConcurrency (200t) 2-120
2026-05-31 18:16:53,199 INFO o.a.j.t.JMeterThread: Thread finished: S2 HighConcurrency (200t) 2-120
2026-05-31 18:16:53,257 INFO o.a.j.t.JMeterThread: Stopping because end time detected by thread: S2 HighConcurrency (200t) 2-110
2026-05-31 18:16:53,257 INFO o.a.j.t.JMeterThread: Thread finished: S2 HighConcurrency (200t) 2-110
2026-05-31 18:16:53,532 INFO o.a.j.t.JMeterThread: Stopping because end time detected by thread: S2 HighConcurrency (200t) 2-48
2026-05-31 18:16:53,532 INFO o.a.j.t.JMeterThread: Thread finished: S2 HighConcurrency (200t) 2-48
2026-05-31 18:16:53,566 INFO o.a.j.t.JMeterThread: Stopping because end time detected by thread: S2 HighConcurrency (200t) 2-111
2026-05-31 18:16:53,566 INFO o.a.j.t.JMeterThread: Thread finished: S2 HighConcurrency (200t) 2-111
2026-05-31 18:16:53,610 INFO o.a.j.t.JMeterThread: Stopping because end time detected by thread: S2 HighConcurrency (200t) 2-119
2026-05-31 18:16:53,611 INFO o.a.j.t.JMeterThread: Thread finished: S2 HighConcurrency (200t) 2-119
2026-05-31 18:16:53,802 INFO o.a.j.t.JMeterThread: Stopping because end time detected by thread: S2 HighConcurrency (200t) 2-39
2026-05-31 18:16:53,802 INFO o.a.j.t.JMeterThread: Thread finished: S2 HighConcurrency (200t) 2-39
2026-05-31 18:16:53,884 INFO o.a.j.t.JMeterThread: Stopping because end time detected by thread: S2 HighConcurrency (200t) 2-124
2026-05-31 18:16:53,884 INFO o.a.j.t.JMeterThread: Thread finished: S2 HighConcurrency (200t) 2-124
2026-05-31 18:16:53,996 INFO o.a.j.t.JMeterThread: Stopping because end time detected by thread: S2 HighConcurrency (200t) 2-60
2026-05-31 18:16:53,996 INFO o.a.j.t.JMeterThread: Thread finished: S2 HighConcurrency (200t) 2-60
2026-05-31 18:16:54,185 INFO o.a.j.t.JMeterThread: Stopping because end time detected by thread: S2 HighConcurrency (200t) 2-13
2026-05-31 18:16:54,185 INFO o.a.j.t.JMeterThread: Thread finished: S2 HighConcurrency (200t) 2-13
2026-05-31 18:16:54,360 INFO o.a.j.t.JMeterThread: Stopping because end time detected by thread: S2 HighConcurrency (200t) 2-104
2026-05-31 18:16:54,360 INFO o.a.j.t.JMeterThread: Thread finished: S2 HighConcurrency (200t) 2-104
2026-05-31 18:16:54,462 INFO o.a.j.t.JMeterThread: Stopping because end time detected by thread: S2 HighConcurrency (200t) 2-14
2026-05-31 18:16:54,463 INFO o.a.j.t.JMeterThread: Thread finished: S2 HighConcurrency (200t) 2-14
2026-05-31 18:16:54,737 INFO o.a.j.t.JMeterThread: Stopping because end time detected by thread: S2 HighConcurrency (200t) 2-138
2026-05-31 18:16:54,737 INFO o.a.j.t.JMeterThread: Thread finished: S2 HighConcurrency (200t) 2-138
2026-05-31 18:16:54,767 INFO o.a.j.t.JMeterThread: Stopping because end time detected by thread: S2 HighConcurrency (200t) 2-126
2026-05-31 18:16:54,767 INFO o.a.j.t.JMeterThread: Thread finished: S2 HighConcurrency (200t) 2-126
2026-05-31 18:16:54,927 INFO o.a.j.t.JMeterThread: Stopping because end time detected by thread: S2 HighConcurrency (200t) 2-125
2026-05-31 18:16:54,927 INFO o.a.j.t.JMeterThread: Thread finished: S2 HighConcurrency (200t) 2-125
2026-05-31 18:16:54,952 INFO o.a.j.t.JMeterThread: Stopping because end time detected by thread: S2 HighConcurrency (200t) 2-116
2026-05-31 18:16:54,952 INFO o.a.j.t.JMeterThread: Thread finished: S2 HighConcurrency (200t) 2-116
2026-05-31 18:16:55,077 INFO o.a.j.t.JMeterThread: Stopping because end time detected by thread: S2 HighConcurrency (200t) 2-23
2026-05-31 18:16:55,077 INFO o.a.j.t.JMeterThread: Thread finished: S2 HighConcurrency (200t) 2-23
2026-05-31 18:16:55,083 INFO o.a.j.t.JMeterThread: Stopping because end time detected by thread: S2 HighConcurrency (200t) 2-68
2026-05-31 18:16:55,083 INFO o.a.j.t.JMeterThread: Thread finished: S2 HighConcurrency (200t) 2-68
2026-05-31 18:16:55,173 INFO o.a.j.t.JMeterThread: Stopping because end time detected by thread: S2 HighConcurrency (200t) 2-115
2026-05-31 18:16:55,174 INFO o.a.j.t.JMeterThread: Thread finished: S2 HighConcurrency (200t) 2-115
2026-05-31 18:16:55,251 INFO o.a.j.t.JMeterThread: Stopping because end time detected by thread: S2 HighConcurrency (200t) 2-29
2026-05-31 18:16:55,251 INFO o.a.j.t.JMeterThread: Thread finished: S2 HighConcurrency (200t) 2-29
2026-05-31 18:16:55,516 INFO o.a.j.t.JMeterThread: Stopping because end time detected by thread: S2 HighConcurrency (200t) 2-109
2026-05-31 18:16:55,516 INFO o.a.j.t.JMeterThread: Thread finished: S2 HighConcurrency (200t) 2-109
2026-05-31 18:16:55,575 INFO o.a.j.t.JMeterThread: Stopping because end time detected by thread: S2 HighConcurrency (200t) 2-9
2026-05-31 18:16:55,575 INFO o.a.j.t.JMeterThread: Thread finished: S2 HighConcurrency (200t) 2-9
2026-05-31 18:16:55,604 INFO o.a.j.t.JMeterThread: Stopping because end time detected by thread: S2 HighConcurrency (200t) 2-123
2026-05-31 18:16:55,605 INFO o.a.j.t.JMeterThread: Thread finished: S2 HighConcurrency (200t) 2-123
2026-05-31 18:16:55,637 INFO o.a.j.t.JMeterThread: Stopping because end time detected by thread: S2 HighConcurrency (200t) 2-53
2026-05-31 18:16:55,637 INFO o.a.j.t.JMeterThread: Thread finished: S2 HighConcurrency (200t) 2-53
2026-05-31 18:16:55,685 INFO o.a.j.t.JMeterThread: Stopping because end time detected by thread: S2 HighConcurrency (200t) 2-118
2026-05-31 18:16:55,685 INFO o.a.j.t.JMeterThread: Thread finished: S2 HighConcurrency (200t) 2-118
2026-05-31 18:16:55,900 INFO o.a.j.t.JMeterThread: Stopping because end time detected by thread: S2 HighConcurrency (200t) 2-49
2026-05-31 18:16:55,901 INFO o.a.j.t.JMeterThread: Thread finished: S2 HighConcurrency (200t) 2-49
2026-05-31 18:16:56,237 INFO o.a.j.t.JMeterThread: Stopping because end time detected by thread: S2 HighConcurrency (200t) 2-137
2026-05-31 18:16:56,238 INFO o.a.j.t.JMeterThread: Thread finished: S2 HighConcurrency (200t) 2-137
2026-05-31 18:16:56,244 INFO o.a.j.t.JMeterThread: Stopping because end time detected by thread: S2 HighConcurrency (200t) 2-87
2026-05-31 18:16:56,244 INFO o.a.j.t.JMeterThread: Thread finished: S2 HighConcurrency (200t) 2-87
2026-05-31 18:16:56,731 INFO o.a.j.t.JMeterThread: Stopping because end time detected by thread: S2 HighConcurrency (200t) 2-127
2026-05-31 18:16:56,731 INFO o.a.j.t.JMeterThread: Thread finished: S2 HighConcurrency (200t) 2-127
2026-05-31 18:16:56,862 INFO o.a.j.t.JMeterThread: Stopping because end time detected by thread: S2 HighConcurrency (200t) 2-165
2026-05-31 18:16:56,862 INFO o.a.j.t.JMeterThread: Thread finished: S2 HighConcurrency (200t) 2-165
2026-05-31 18:16:57,094 INFO o.a.j.t.JMeterThread: Stopping because end time detected by thread: S2 HighConcurrency (200t) 2-2
2026-05-31 18:16:57,094 INFO o.a.j.t.JMeterThread: Thread finished: S2 HighConcurrency (200t) 2-2
2026-05-31 18:16:57,373 INFO o.a.j.t.JMeterThread: Stopping because end time detected by thread: S2 HighConcurrency (200t) 2-30
2026-05-31 18:16:57,373 INFO o.a.j.t.JMeterThread: Thread finished: S2 HighConcurrency (200t) 2-30
2026-05-31 18:16:57,629 INFO o.a.j.t.JMeterThread: Stopping because end time detected by thread: S2 HighConcurrency (200t) 2-18
2026-05-31 18:16:57,629 INFO o.a.j.t.JMeterThread: Thread finished: S2 HighConcurrency (200t) 2-18
2026-05-31 18:16:57,658 INFO o.a.j.t.JMeterThread: Stopping because end time detected by thread: S2 HighConcurrency (200t) 2-133
2026-05-31 18:16:57,658 INFO o.a.j.t.JMeterThread: Thread finished: S2 HighConcurrency (200t) 2-133
2026-05-31 18:16:57,895 INFO o.a.j.t.JMeterThread: Stopping because end time detected by thread: S2 HighConcurrency (200t) 2-143
2026-05-31 18:16:57,895 INFO o.a.j.t.JMeterThread: Thread finished: S2 HighConcurrency (200t) 2-143
2026-05-31 18:16:58,074 INFO o.a.j.t.JMeterThread: Stopping because end time detected by thread: S2 HighConcurrency (200t) 2-135
2026-05-31 18:16:58,074 INFO o.a.j.t.JMeterThread: Thread finished: S2 HighConcurrency (200t) 2-135
2026-05-31 18:16:58,312 INFO o.a.j.t.JMeterThread: Stopping because end time detected by thread: S2 HighConcurrency (200t) 2-62
2026-05-31 18:16:58,312 INFO o.a.j.t.JMeterThread: Thread finished: S2 HighConcurrency (200t) 2-62
2026-05-31 18:16:58,431 INFO o.a.j.t.JMeterThread: Stopping because end time detected by thread: S2 HighConcurrency (200t) 2-26
2026-05-31 18:16:58,431 INFO o.a.j.t.JMeterThread: Thread finished: S2 HighConcurrency (200t) 2-26
2026-05-31 18:16:58,495 INFO o.a.j.t.JMeterThread: Stopping because end time detected by thread: S2 HighConcurrency (200t) 2-141
2026-05-31 18:16:58,495 INFO o.a.j.t.JMeterThread: Thread finished: S2 HighConcurrency (200t) 2-141
2026-05-31 18:16:58,549 INFO o.a.j.t.JMeterThread: Stopping because end time detected by thread: S2 HighConcurrency (200t) 2-131
2026-05-31 18:16:58,549 INFO o.a.j.t.JMeterThread: Thread finished: S2 HighConcurrency (200t) 2-131
2026-05-31 18:16:58,647 INFO o.a.j.t.JMeterThread: Stopping because end time detected by thread: S2 HighConcurrency (200t) 2-63
2026-05-31 18:16:58,647 INFO o.a.j.t.JMeterThread: Thread finished: S2 HighConcurrency (200t) 2-63
2026-05-31 18:16:58,726 INFO o.a.j.t.JMeterThread: Stopping because end time detected by thread: S2 HighConcurrency (200t) 2-145
2026-05-31 18:16:58,726 INFO o.a.j.t.JMeterThread: Thread finished: S2 HighConcurrency (200t) 2-145
2026-05-31 18:16:58,779 INFO o.a.j.t.JMeterThread: Stopping because end time detected by thread: S2 HighConcurrency (200t) 2-144
2026-05-31 18:16:58,779 INFO o.a.j.t.JMeterThread: Thread finished: S2 HighConcurrency (200t) 2-144
2026-05-31 18:16:58,877 INFO o.a.j.t.JMeterThread: Stopping because end time detected by thread: S2 HighConcurrency (200t) 2-8
2026-05-31 18:16:58,877 INFO o.a.j.t.JMeterThread: Thread finished: S2 HighConcurrency (200t) 2-8
2026-05-31 18:16:59,269 INFO o.a.j.t.JMeterThread: Stopping because end time detected by thread: S2 HighConcurrency (200t) 2-64
2026-05-31 18:16:59,269 INFO o.a.j.t.JMeterThread: Thread finished: S2 HighConcurrency (200t) 2-64
2026-05-31 18:16:59,916 INFO o.a.j.t.JMeterThread: Stopping because end time detected by thread: S2 HighConcurrency (200t) 2-142
2026-05-31 18:16:59,917 INFO o.a.j.t.JMeterThread: Thread finished: S2 HighConcurrency (200t) 2-142
2026-05-31 18:17:00,031 INFO o.a.j.r.Summariser: summary +    195 in 00:00:30 =    6.5/s Avg: 29995 Min:     5 Max: 37864 Err:     0 (0.00%) Active: 47 Started: 300 Finished: 253
2026-05-31 18:17:00,031 INFO o.a.j.r.Summariser: summary =   4658 in 00:06:47 =   11.5/s Avg: 11256 Min:     3 Max: 40582 Err:     0 (0.00%)
2026-05-31 18:17:00,031 INFO o.a.j.t.JMeterThread: Stopping because end time detected by thread: S2 HighConcurrency (200t) 2-20
2026-05-31 18:17:00,031 INFO o.a.j.t.JMeterThread: Thread finished: S2 HighConcurrency (200t) 2-20
2026-05-31 18:17:00,107 INFO o.a.j.t.JMeterThread: Stopping because end time detected by thread: S2 HighConcurrency (200t) 2-148
2026-05-31 18:17:00,107 INFO o.a.j.t.JMeterThread: Thread finished: S2 HighConcurrency (200t) 2-148
2026-05-31 18:17:00,113 INFO o.a.j.t.JMeterThread: Stopping because end time detected by thread: S2 HighConcurrency (200t) 2-11
2026-05-31 18:17:00,113 INFO o.a.j.t.JMeterThread: Thread finished: S2 HighConcurrency (200t) 2-11
2026-05-31 18:17:00,367 INFO o.a.j.t.JMeterThread: Stopping because end time detected by thread: S2 HighConcurrency (200t) 2-34
2026-05-31 18:17:00,367 INFO o.a.j.t.JMeterThread: Thread finished: S2 HighConcurrency (200t) 2-34
2026-05-31 18:17:00,378 INFO o.a.j.t.JMeterThread: Stopping because end time detected by thread: S2 HighConcurrency (200t) 2-67
2026-05-31 18:17:00,378 INFO o.a.j.t.JMeterThread: Thread finished: S2 HighConcurrency (200t) 2-67
2026-05-31 18:17:00,792 INFO o.a.j.t.JMeterThread: Stopping because end time detected by thread: S2 HighConcurrency (200t) 2-132
2026-05-31 18:17:00,792 INFO o.a.j.t.JMeterThread: Thread finished: S2 HighConcurrency (200t) 2-132
2026-05-31 18:17:01,189 INFO o.a.j.t.JMeterThread: Stopping because end time detected by thread: S2 HighConcurrency (200t) 2-140
2026-05-31 18:17:01,189 INFO o.a.j.t.JMeterThread: Thread finished: S2 HighConcurrency (200t) 2-140
2026-05-31 18:17:01,402 INFO o.a.j.t.JMeterThread: Stopping because end time detected by thread: S2 HighConcurrency (200t) 2-134
2026-05-31 18:17:01,402 INFO o.a.j.t.JMeterThread: Thread finished: S2 HighConcurrency (200t) 2-134
2026-05-31 18:17:01,755 INFO o.a.j.t.JMeterThread: Stopping because end time detected by thread: S2 HighConcurrency (200t) 2-59
2026-05-31 18:17:01,755 INFO o.a.j.t.JMeterThread: Thread finished: S2 HighConcurrency (200t) 2-59
2026-05-31 18:17:01,823 INFO o.a.j.t.JMeterThread: Stopping because end time detected by thread: S2 HighConcurrency (200t) 2-33
2026-05-31 18:17:01,823 INFO o.a.j.t.JMeterThread: Thread finished: S2 HighConcurrency (200t) 2-33
2026-05-31 18:17:01,971 INFO o.a.j.t.JMeterThread: Stopping because end time detected by thread: S2 HighConcurrency (200t) 2-152
2026-05-31 18:17:01,972 INFO o.a.j.t.JMeterThread: Thread finished: S2 HighConcurrency (200t) 2-152
2026-05-31 18:17:02,009 INFO o.a.j.t.JMeterThread: Stopping because end time detected by thread: S2 HighConcurrency (200t) 2-129
2026-05-31 18:17:02,009 INFO o.a.j.t.JMeterThread: Thread finished: S2 HighConcurrency (200t) 2-129
2026-05-31 18:17:02,147 INFO o.a.j.t.JMeterThread: Stopping because end time detected by thread: S2 HighConcurrency (200t) 2-128
2026-05-31 18:17:02,147 INFO o.a.j.t.JMeterThread: Thread finished: S2 HighConcurrency (200t) 2-128
2026-05-31 18:17:02,190 INFO o.a.j.t.JMeterThread: Stopping because end time detected by thread: S2 HighConcurrency (200t) 2-121
2026-05-31 18:17:02,190 INFO o.a.j.t.JMeterThread: Thread finished: S2 HighConcurrency (200t) 2-121
2026-05-31 18:17:02,519 INFO o.a.j.t.JMeterThread: Stopping because end time detected by thread: S2 HighConcurrency (200t) 2-157
2026-05-31 18:17:02,519 INFO o.a.j.t.JMeterThread: Thread finished: S2 HighConcurrency (200t) 2-157
2026-05-31 18:17:02,616 INFO o.a.j.t.JMeterThread: Stopping because end time detected by thread: S2 HighConcurrency (200t) 2-156
2026-05-31 18:17:02,616 INFO o.a.j.t.JMeterThread: Thread finished: S2 HighConcurrency (200t) 2-156
2026-05-31 18:17:02,831 INFO o.a.j.t.JMeterThread: Stopping because end time detected by thread: S2 HighConcurrency (200t) 2-154
2026-05-31 18:17:02,831 INFO o.a.j.t.JMeterThread: Thread finished: S2 HighConcurrency (200t) 2-154
2026-05-31 18:17:03,147 INFO o.a.j.t.JMeterThread: Stopping because end time detected by thread: S2 HighConcurrency (200t) 2-72
2026-05-31 18:17:03,147 INFO o.a.j.t.JMeterThread: Thread finished: S2 HighConcurrency (200t) 2-72
2026-05-31 18:17:03,224 INFO o.a.j.t.JMeterThread: Stopping because end time detected by thread: S2 HighConcurrency (200t) 2-32
2026-05-31 18:17:03,224 INFO o.a.j.t.JMeterThread: Thread finished: S2 HighConcurrency (200t) 2-32
2026-05-31 18:17:03,309 INFO o.a.j.t.JMeterThread: Stopping because end time detected by thread: S2 HighConcurrency (200t) 2-159
2026-05-31 18:17:03,310 INFO o.a.j.t.JMeterThread: Thread finished: S2 HighConcurrency (200t) 2-159
2026-05-31 18:17:03,529 INFO o.a.j.t.JMeterThread: Stopping because end time detected by thread: S2 HighConcurrency (200t) 2-139
2026-05-31 18:17:03,529 INFO o.a.j.t.JMeterThread: Thread finished: S2 HighConcurrency (200t) 2-139
2026-05-31 18:17:03,596 INFO o.a.j.t.JMeterThread: Stopping because end time detected by thread: S2 HighConcurrency (200t) 2-151
2026-05-31 18:17:03,596 INFO o.a.j.t.JMeterThread: Thread finished: S2 HighConcurrency (200t) 2-151
2026-05-31 18:17:03,618 INFO o.a.j.t.JMeterThread: Stopping because end time detected by thread: S2 HighConcurrency (200t) 2-74
2026-05-31 18:17:03,618 INFO o.a.j.t.JMeterThread: Thread finished: S2 HighConcurrency (200t) 2-74
2026-05-31 18:17:03,660 INFO o.a.j.t.JMeterThread: Stopping because end time detected by thread: S2 HighConcurrency (200t) 2-66
2026-05-31 18:17:03,660 INFO o.a.j.t.JMeterThread: Thread finished: S2 HighConcurrency (200t) 2-66
2026-05-31 18:17:03,703 INFO o.a.j.t.JMeterThread: Stopping because end time detected by thread: S2 HighConcurrency (200t) 2-65
2026-05-31 18:17:03,703 INFO o.a.j.t.JMeterThread: Thread finished: S2 HighConcurrency (200t) 2-65
2026-05-31 18:17:03,753 INFO o.a.j.t.JMeterThread: Stopping because end time detected by thread: S2 HighConcurrency (200t) 2-35
2026-05-31 18:17:03,753 INFO o.a.j.t.JMeterThread: Thread finished: S2 HighConcurrency (200t) 2-35
2026-05-31 18:17:03,832 INFO o.a.j.t.JMeterThread: Stopping because end time detected by thread: S2 HighConcurrency (200t) 2-146
2026-05-31 18:17:03,833 INFO o.a.j.t.JMeterThread: Thread finished: S2 HighConcurrency (200t) 2-146
2026-05-31 18:17:03,873 INFO o.a.j.t.JMeterThread: Stopping because end time detected by thread: S2 HighConcurrency (200t) 2-166
2026-05-31 18:17:03,873 INFO o.a.j.t.JMeterThread: Thread finished: S2 HighConcurrency (200t) 2-166
2026-05-31 18:17:03,881 INFO o.a.j.t.JMeterThread: Stopping because end time detected by thread: S2 HighConcurrency (200t) 2-162
2026-05-31 18:17:03,881 INFO o.a.j.t.JMeterThread: Thread finished: S2 HighConcurrency (200t) 2-162
2026-05-31 18:17:03,920 INFO o.a.j.t.JMeterThread: Stopping because end time detected by thread: S2 HighConcurrency (200t) 2-149
2026-05-31 18:17:03,920 INFO o.a.j.t.JMeterThread: Thread finished: S2 HighConcurrency (200t) 2-149
2026-05-31 18:17:03,958 INFO o.a.j.t.JMeterThread: Stopping because end time detected by thread: S2 HighConcurrency (200t) 2-168
2026-05-31 18:17:03,959 INFO o.a.j.t.JMeterThread: Thread finished: S2 HighConcurrency (200t) 2-168
2026-05-31 18:17:04,063 INFO o.a.j.t.JMeterThread: Stopping because end time detected by thread: S2 HighConcurrency (200t) 2-163
2026-05-31 18:17:04,063 INFO o.a.j.t.JMeterThread: Thread finished: S2 HighConcurrency (200t) 2-163
2026-05-31 18:17:04,154 INFO o.a.j.t.JMeterThread: Stopping because end time detected by thread: S2 HighConcurrency (200t) 2-167
2026-05-31 18:17:04,154 INFO o.a.j.t.JMeterThread: Thread finished: S2 HighConcurrency (200t) 2-167
2026-05-31 18:17:04,414 INFO o.a.j.t.JMeterThread: Stopping because end time detected by thread: S2 HighConcurrency (200t) 2-150
2026-05-31 18:17:04,414 INFO o.a.j.t.JMeterThread: Thread finished: S2 HighConcurrency (200t) 2-150
2026-05-31 18:17:04,461 INFO o.a.j.t.JMeterThread: Stopping because end time detected by thread: S2 HighConcurrency (200t) 2-147
2026-05-31 18:17:04,461 INFO o.a.j.t.JMeterThread: Thread finished: S2 HighConcurrency (200t) 2-147
2026-05-31 18:17:05,617 INFO o.a.j.t.JMeterThread: Stopping because end time detected by thread: S2 HighConcurrency (200t) 2-28
2026-05-31 18:17:05,617 INFO o.a.j.t.JMeterThread: Thread finished: S2 HighConcurrency (200t) 2-28
2026-05-31 18:17:05,913 INFO o.a.j.t.JMeterThread: Stopping because end time detected by thread: S2 HighConcurrency (200t) 2-164
2026-05-31 18:17:05,914 INFO o.a.j.t.JMeterThread: Thread finished: S2 HighConcurrency (200t) 2-164
2026-05-31 18:17:05,985 INFO o.a.j.t.JMeterThread: Stopping because end time detected by thread: S2 HighConcurrency (200t) 2-153
2026-05-31 18:17:05,985 INFO o.a.j.t.JMeterThread: Thread finished: S2 HighConcurrency (200t) 2-153
2026-05-31 18:17:06,092 INFO o.a.j.t.JMeterThread: Stopping because end time detected by thread: S2 HighConcurrency (200t) 2-136
2026-05-31 18:17:06,092 INFO o.a.j.t.JMeterThread: Thread finished: S2 HighConcurrency (200t) 2-136
2026-05-31 18:17:06,237 INFO o.a.j.t.JMeterThread: Stopping because end time detected by thread: S2 HighConcurrency (200t) 2-172
2026-05-31 18:17:06,237 INFO o.a.j.t.JMeterThread: Thread finished: S2 HighConcurrency (200t) 2-172
2026-05-31 18:17:06,355 INFO o.a.j.t.JMeterThread: Stopping because end time detected by thread: S2 HighConcurrency (200t) 2-173
2026-05-31 18:17:06,356 INFO o.a.j.t.JMeterThread: Thread finished: S2 HighConcurrency (200t) 2-173
2026-05-31 18:17:06,507 INFO o.a.j.t.JMeterThread: Stopping because end time detected by thread: S2 HighConcurrency (200t) 2-155
2026-05-31 18:17:06,507 INFO o.a.j.t.JMeterThread: Thread finished: S2 HighConcurrency (200t) 2-155
2026-05-31 18:17:06,659 INFO o.a.j.t.JMeterThread: Stopping because end time detected by thread: S2 HighConcurrency (200t) 2-158
2026-05-31 18:17:06,659 INFO o.a.j.t.JMeterThread: Thread finished: S2 HighConcurrency (200t) 2-158
2026-05-31 18:17:07,050 INFO o.a.j.t.JMeterThread: Stopping because end time detected by thread: S2 HighConcurrency (200t) 2-179
2026-05-31 18:17:07,050 INFO o.a.j.t.JMeterThread: Thread finished: S2 HighConcurrency (200t) 2-179
2026-05-31 18:17:07,075 INFO o.a.j.t.JMeterThread: Stopping because end time detected by thread: S2 HighConcurrency (200t) 2-27
2026-05-31 18:17:07,076 INFO o.a.j.t.JMeterThread: Thread finished: S2 HighConcurrency (200t) 2-27
2026-05-31 18:17:07,367 INFO o.a.j.t.JMeterThread: Stopping because end time detected by thread: S2 HighConcurrency (200t) 2-160
2026-05-31 18:17:07,367 INFO o.a.j.t.JMeterThread: Thread finished: S2 HighConcurrency (200t) 2-160
2026-05-31 18:17:08,941 INFO o.a.j.t.JMeterThread: Stopping because end time detected by thread: S2 HighConcurrency (200t) 2-40
2026-05-31 18:17:08,941 INFO o.a.j.t.JMeterThread: Thread finished: S2 HighConcurrency (200t) 2-40
2026-05-31 18:17:08,942 INFO o.a.j.e.StandardJMeterEngine: Starting ThreadGroup: 3 : S3 Reliability (150t)
2026-05-31 18:17:08,942 INFO o.a.j.e.StandardJMeterEngine: Starting 150 threads for group S3 Reliability (150t).
2026-05-31 18:17:08,942 INFO o.a.j.e.StandardJMeterEngine: Thread will continue on error
2026-05-31 18:17:08,942 INFO o.a.j.t.ThreadGroup: Starting thread group... number=3 threads=150 ramp-up=30 delayedStart=false
2026-05-31 18:17:08,943 INFO o.a.j.t.JMeterThread: Thread started: S3 Reliability (150t) 3-1
2026-05-31 18:17:08,967 INFO o.a.j.t.ThreadGroup: Started thread group number 3
2026-05-31 18:17:08,967 INFO o.a.j.e.StandardJMeterEngine: Waiting for thread group: S3 Reliability (150t) to finish before starting next group
2026-05-31 18:17:09,144 INFO o.a.j.t.JMeterThread: Thread started: S3 Reliability (150t) 3-2
2026-05-31 18:17:09,343 INFO o.a.j.t.JMeterThread: Thread started: S3 Reliability (150t) 3-3
2026-05-31 18:17:09,543 INFO o.a.j.t.JMeterThread: Thread started: S3 Reliability (150t) 3-4
2026-05-31 18:17:09,743 INFO o.a.j.t.JMeterThread: Thread started: S3 Reliability (150t) 3-5
2026-05-31 18:17:09,943 INFO o.a.j.t.JMeterThread: Thread started: S3 Reliability (150t) 3-6
2026-05-31 18:17:10,144 INFO o.a.j.t.JMeterThread: Thread started: S3 Reliability (150t) 3-7
2026-05-31 18:17:10,343 INFO o.a.j.t.JMeterThread: Thread started: S3 Reliability (150t) 3-8
2026-05-31 18:17:10,545 INFO o.a.j.t.JMeterThread: Thread started: S3 Reliability (150t) 3-9
2026-05-31 18:17:10,743 INFO o.a.j.t.JMeterThread: Thread started: S3 Reliability (150t) 3-10
2026-05-31 18:17:10,943 INFO o.a.j.t.JMeterThread: Thread started: S3 Reliability (150t) 3-11
2026-05-31 18:17:11,144 INFO o.a.j.t.JMeterThread: Thread started: S3 Reliability (150t) 3-12
2026-05-31 18:17:11,343 INFO o.a.j.t.JMeterThread: Thread started: S3 Reliability (150t) 3-13
2026-05-31 18:17:11,543 INFO o.a.j.t.JMeterThread: Thread started: S3 Reliability (150t) 3-14
2026-05-31 18:17:11,742 INFO o.a.j.t.JMeterThread: Thread started: S3 Reliability (150t) 3-15
2026-05-31 18:17:11,942 INFO o.a.j.t.JMeterThread: Thread started: S3 Reliability (150t) 3-16
2026-05-31 18:17:12,144 INFO o.a.j.t.JMeterThread: Thread started: S3 Reliability (150t) 3-17
2026-05-31 18:17:12,343 INFO o.a.j.t.JMeterThread: Thread started: S3 Reliability (150t) 3-18
2026-05-31 18:17:12,543 INFO o.a.j.t.JMeterThread: Thread started: S3 Reliability (150t) 3-19
2026-05-31 18:17:12,743 INFO o.a.j.t.JMeterThread: Thread started: S3 Reliability (150t) 3-20
2026-05-31 18:17:12,943 INFO o.a.j.t.JMeterThread: Thread started: S3 Reliability (150t) 3-21
2026-05-31 18:17:13,143 INFO o.a.j.t.JMeterThread: Thread started: S3 Reliability (150t) 3-22
2026-05-31 18:17:13,344 INFO o.a.j.t.JMeterThread: Thread started: S3 Reliability (150t) 3-23
2026-05-31 18:17:13,544 INFO o.a.j.t.JMeterThread: Thread started: S3 Reliability (150t) 3-24
2026-05-31 18:17:13,744 INFO o.a.j.t.JMeterThread: Thread started: S3 Reliability (150t) 3-25
2026-05-31 18:17:13,944 INFO o.a.j.t.JMeterThread: Thread started: S3 Reliability (150t) 3-26
2026-05-31 18:17:14,144 INFO o.a.j.t.JMeterThread: Thread started: S3 Reliability (150t) 3-27
2026-05-31 18:17:14,342 INFO o.a.j.t.JMeterThread: Thread started: S3 Reliability (150t) 3-28
2026-05-31 18:17:14,543 INFO o.a.j.t.JMeterThread: Thread started: S3 Reliability (150t) 3-29
2026-05-31 18:17:14,743 INFO o.a.j.t.JMeterThread: Thread started: S3 Reliability (150t) 3-30
2026-05-31 18:17:14,942 INFO o.a.j.t.JMeterThread: Thread started: S3 Reliability (150t) 3-31
2026-05-31 18:17:15,143 INFO o.a.j.t.JMeterThread: Thread started: S3 Reliability (150t) 3-32
2026-05-31 18:17:15,344 INFO o.a.j.t.JMeterThread: Thread started: S3 Reliability (150t) 3-33
2026-05-31 18:17:15,545 INFO o.a.j.t.JMeterThread: Thread started: S3 Reliability (150t) 3-34
2026-05-31 18:17:15,744 INFO o.a.j.t.JMeterThread: Thread started: S3 Reliability (150t) 3-35
2026-05-31 18:17:15,944 INFO o.a.j.t.JMeterThread: Thread started: S3 Reliability (150t) 3-36
2026-05-31 18:17:16,143 INFO o.a.j.t.JMeterThread: Thread started: S3 Reliability (150t) 3-37
2026-05-31 18:17:16,343 INFO o.a.j.t.JMeterThread: Thread started: S3 Reliability (150t) 3-38
2026-05-31 18:17:16,544 INFO o.a.j.t.JMeterThread: Thread started: S3 Reliability (150t) 3-39
2026-05-31 18:17:16,744 INFO o.a.j.t.JMeterThread: Thread started: S3 Reliability (150t) 3-40
2026-05-31 18:17:16,942 INFO o.a.j.t.JMeterThread: Thread started: S3 Reliability (150t) 3-41
2026-05-31 18:17:17,142 INFO o.a.j.t.JMeterThread: Thread started: S3 Reliability (150t) 3-42
2026-05-31 18:17:17,343 INFO o.a.j.t.JMeterThread: Thread started: S3 Reliability (150t) 3-43
2026-05-31 18:17:17,543 INFO o.a.j.t.JMeterThread: Thread started: S3 Reliability (150t) 3-44
2026-05-31 18:17:17,744 INFO o.a.j.t.JMeterThread: Thread started: S3 Reliability (150t) 3-45
2026-05-31 18:17:17,944 INFO o.a.j.t.JMeterThread: Thread started: S3 Reliability (150t) 3-46
2026-05-31 18:17:18,143 INFO o.a.j.t.JMeterThread: Thread started: S3 Reliability (150t) 3-47
2026-05-31 18:17:18,343 INFO o.a.j.t.JMeterThread: Thread started: S3 Reliability (150t) 3-48
2026-05-31 18:17:18,544 INFO o.a.j.t.JMeterThread: Thread started: S3 Reliability (150t) 3-49
2026-05-31 18:17:18,743 INFO o.a.j.t.JMeterThread: Thread started: S3 Reliability (150t) 3-50
2026-05-31 18:17:18,943 INFO o.a.j.t.JMeterThread: Thread started: S3 Reliability (150t) 3-51
2026-05-31 18:17:19,143 INFO o.a.j.t.JMeterThread: Thread started: S3 Reliability (150t) 3-52
2026-05-31 18:17:19,342 INFO o.a.j.t.JMeterThread: Thread started: S3 Reliability (150t) 3-53
2026-05-31 18:17:19,542 INFO o.a.j.t.JMeterThread: Thread started: S3 Reliability (150t) 3-54
2026-05-31 18:17:19,743 INFO o.a.j.t.JMeterThread: Thread started: S3 Reliability (150t) 3-55
2026-05-31 18:17:19,942 INFO o.a.j.t.JMeterThread: Thread started: S3 Reliability (150t) 3-56
2026-05-31 18:17:20,142 INFO o.a.j.t.JMeterThread: Thread started: S3 Reliability (150t) 3-57
2026-05-31 18:17:20,342 INFO o.a.j.t.JMeterThread: Thread started: S3 Reliability (150t) 3-58
2026-05-31 18:17:20,544 INFO o.a.j.t.JMeterThread: Thread started: S3 Reliability (150t) 3-59
2026-05-31 18:17:20,743 INFO o.a.j.t.JMeterThread: Thread started: S3 Reliability (150t) 3-60
2026-05-31 18:17:20,944 INFO o.a.j.t.JMeterThread: Thread started: S3 Reliability (150t) 3-61
2026-05-31 18:17:21,143 INFO o.a.j.t.JMeterThread: Thread started: S3 Reliability (150t) 3-62
2026-05-31 18:17:21,343 INFO o.a.j.t.JMeterThread: Thread started: S3 Reliability (150t) 3-63
2026-05-31 18:17:21,543 INFO o.a.j.t.JMeterThread: Thread started: S3 Reliability (150t) 3-64
2026-05-31 18:17:21,742 INFO o.a.j.t.JMeterThread: Thread started: S3 Reliability (150t) 3-65
2026-05-31 18:17:21,943 INFO o.a.j.t.JMeterThread: Thread started: S3 Reliability (150t) 3-66
2026-05-31 18:17:22,142 INFO o.a.j.t.JMeterThread: Thread started: S3 Reliability (150t) 3-67
2026-05-31 18:17:22,344 INFO o.a.j.t.JMeterThread: Thread started: S3 Reliability (150t) 3-68
2026-05-31 18:17:22,544 INFO o.a.j.t.JMeterThread: Thread started: S3 Reliability (150t) 3-69
2026-05-31 18:17:22,743 INFO o.a.j.t.JMeterThread: Thread started: S3 Reliability (150t) 3-70
2026-05-31 18:17:22,942 INFO o.a.j.t.JMeterThread: Thread started: S3 Reliability (150t) 3-71
2026-05-31 18:17:23,143 INFO o.a.j.t.JMeterThread: Thread started: S3 Reliability (150t) 3-72
2026-05-31 18:17:23,344 INFO o.a.j.t.JMeterThread: Thread started: S3 Reliability (150t) 3-73
2026-05-31 18:17:23,543 INFO o.a.j.t.JMeterThread: Thread started: S3 Reliability (150t) 3-74
2026-05-31 18:17:23,743 INFO o.a.j.t.JMeterThread: Thread started: S3 Reliability (150t) 3-75
2026-05-31 18:17:23,946 INFO o.a.j.t.JMeterThread: Thread started: S3 Reliability (150t) 3-76
2026-05-31 18:17:24,146 INFO o.a.j.t.JMeterThread: Thread started: S3 Reliability (150t) 3-77
2026-05-31 18:17:24,352 INFO o.a.j.t.JMeterThread: Thread started: S3 Reliability (150t) 3-78
2026-05-31 18:17:24,544 INFO o.a.j.t.JMeterThread: Thread started: S3 Reliability (150t) 3-79
2026-05-31 18:17:24,744 INFO o.a.j.t.JMeterThread: Thread started: S3 Reliability (150t) 3-80
2026-05-31 18:17:24,947 INFO o.a.j.t.JMeterThread: Thread started: S3 Reliability (150t) 3-81
2026-05-31 18:17:25,147 INFO o.a.j.t.JMeterThread: Thread started: S3 Reliability (150t) 3-82
2026-05-31 18:17:25,348 INFO o.a.j.t.JMeterThread: Thread started: S3 Reliability (150t) 3-83
2026-05-31 18:17:25,547 INFO o.a.j.t.JMeterThread: Thread started: S3 Reliability (150t) 3-84
2026-05-31 18:17:25,744 INFO o.a.j.t.JMeterThread: Thread started: S3 Reliability (150t) 3-85
2026-05-31 18:17:25,944 INFO o.a.j.t.JMeterThread: Thread started: S3 Reliability (150t) 3-86
2026-05-31 18:17:26,142 INFO o.a.j.t.JMeterThread: Thread started: S3 Reliability (150t) 3-87
2026-05-31 18:17:26,343 INFO o.a.j.t.JMeterThread: Thread started: S3 Reliability (150t) 3-88
2026-05-31 18:17:26,543 INFO o.a.j.t.JMeterThread: Thread started: S3 Reliability (150t) 3-89
2026-05-31 18:17:26,745 INFO o.a.j.t.JMeterThread: Thread started: S3 Reliability (150t) 3-90
2026-05-31 18:17:26,947 INFO o.a.j.t.JMeterThread: Thread started: S3 Reliability (150t) 3-91
2026-05-31 18:17:27,147 INFO o.a.j.t.JMeterThread: Thread started: S3 Reliability (150t) 3-92
2026-05-31 18:17:27,347 INFO o.a.j.t.JMeterThread: Thread started: S3 Reliability (150t) 3-93
2026-05-31 18:17:27,547 INFO o.a.j.t.JMeterThread: Thread started: S3 Reliability (150t) 3-94
2026-05-31 18:17:27,748 INFO o.a.j.t.JMeterThread: Thread started: S3 Reliability (150t) 3-95
2026-05-31 18:17:27,943 INFO o.a.j.t.JMeterThread: Thread started: S3 Reliability (150t) 3-96
2026-05-31 18:17:28,147 INFO o.a.j.t.JMeterThread: Thread started: S3 Reliability (150t) 3-97
2026-05-31 18:17:28,348 INFO o.a.j.t.JMeterThread: Thread started: S3 Reliability (150t) 3-98
2026-05-31 18:17:28,548 INFO o.a.j.t.JMeterThread: Thread started: S3 Reliability (150t) 3-99
2026-05-31 18:17:28,747 INFO o.a.j.t.JMeterThread: Thread started: S3 Reliability (150t) 3-100
2026-05-31 18:17:28,945 INFO o.a.j.t.JMeterThread: Thread started: S3 Reliability (150t) 3-101
2026-05-31 18:17:29,144 INFO o.a.j.t.JMeterThread: Thread started: S3 Reliability (150t) 3-102
2026-05-31 18:17:29,343 INFO o.a.j.t.JMeterThread: Thread started: S3 Reliability (150t) 3-103
2026-05-31 18:17:29,544 INFO o.a.j.t.JMeterThread: Thread started: S3 Reliability (150t) 3-104
2026-05-31 18:17:29,743 INFO o.a.j.t.JMeterThread: Thread started: S3 Reliability (150t) 3-105
2026-05-31 18:17:29,944 INFO o.a.j.t.JMeterThread: Thread started: S3 Reliability (150t) 3-106
2026-05-31 18:17:30,003 INFO o.a.j.r.Summariser: summary +    390 in 00:00:30 =   13.0/s Avg:  5360 Min:     3 Max: 37507 Err:     0 (0.00%) Active: 106 Started: 406 Finished: 300
2026-05-31 18:17:30,003 INFO o.a.j.r.Summariser: summary =   5048 in 00:07:17 =   11.6/s Avg: 10800 Min:     3 Max: 40582 Err:     0 (0.00%)
2026-05-31 18:17:30,143 INFO o.a.j.t.JMeterThread: Thread started: S3 Reliability (150t) 3-107
2026-05-31 18:17:30,344 INFO o.a.j.t.JMeterThread: Thread started: S3 Reliability (150t) 3-108
2026-05-31 18:17:30,543 INFO o.a.j.t.JMeterThread: Thread started: S3 Reliability (150t) 3-109
2026-05-31 18:17:30,744 INFO o.a.j.t.JMeterThread: Thread started: S3 Reliability (150t) 3-110
2026-05-31 18:17:30,942 INFO o.a.j.t.JMeterThread: Thread started: S3 Reliability (150t) 3-111
2026-05-31 18:17:31,143 INFO o.a.j.t.JMeterThread: Thread started: S3 Reliability (150t) 3-112
2026-05-31 18:17:31,342 INFO o.a.j.t.JMeterThread: Thread started: S3 Reliability (150t) 3-113
2026-05-31 18:17:31,543 INFO o.a.j.t.JMeterThread: Thread started: S3 Reliability (150t) 3-114
2026-05-31 18:17:31,743 INFO o.a.j.t.JMeterThread: Thread started: S3 Reliability (150t) 3-115
2026-05-31 18:17:31,943 INFO o.a.j.t.JMeterThread: Thread started: S3 Reliability (150t) 3-116
2026-05-31 18:17:32,143 INFO o.a.j.t.JMeterThread: Thread started: S3 Reliability (150t) 3-117
2026-05-31 18:17:32,346 INFO o.a.j.t.JMeterThread: Thread started: S3 Reliability (150t) 3-118
2026-05-31 18:17:32,546 INFO o.a.j.t.JMeterThread: Thread started: S3 Reliability (150t) 3-119
2026-05-31 18:17:32,749 INFO o.a.j.t.JMeterThread: Thread started: S3 Reliability (150t) 3-120
2026-05-31 18:17:32,943 INFO o.a.j.t.JMeterThread: Thread started: S3 Reliability (150t) 3-121
2026-05-31 18:17:33,143 INFO o.a.j.t.JMeterThread: Thread started: S3 Reliability (150t) 3-122
2026-05-31 18:17:33,344 INFO o.a.j.t.JMeterThread: Thread started: S3 Reliability (150t) 3-123
2026-05-31 18:17:33,546 INFO o.a.j.t.JMeterThread: Thread started: S3 Reliability (150t) 3-124
2026-05-31 18:17:33,746 INFO o.a.j.t.JMeterThread: Thread started: S3 Reliability (150t) 3-125
2026-05-31 18:17:33,946 INFO o.a.j.t.JMeterThread: Thread started: S3 Reliability (150t) 3-126
2026-05-31 18:17:34,143 INFO o.a.j.t.JMeterThread: Thread started: S3 Reliability (150t) 3-127
2026-05-31 18:17:34,344 INFO o.a.j.t.JMeterThread: Thread started: S3 Reliability (150t) 3-128
2026-05-31 18:17:34,542 INFO o.a.j.t.JMeterThread: Thread started: S3 Reliability (150t) 3-129
2026-05-31 18:17:34,743 INFO o.a.j.t.JMeterThread: Thread started: S3 Reliability (150t) 3-130
2026-05-31 18:17:34,942 INFO o.a.j.t.JMeterThread: Thread started: S3 Reliability (150t) 3-131
2026-05-31 18:17:35,145 INFO o.a.j.t.JMeterThread: Thread started: S3 Reliability (150t) 3-132
2026-05-31 18:17:35,345 INFO o.a.j.t.JMeterThread: Thread started: S3 Reliability (150t) 3-133
2026-05-31 18:17:35,545 INFO o.a.j.t.JMeterThread: Thread started: S3 Reliability (150t) 3-134
2026-05-31 18:17:35,743 INFO o.a.j.t.JMeterThread: Thread started: S3 Reliability (150t) 3-135
2026-05-31 18:17:35,943 INFO o.a.j.t.JMeterThread: Thread started: S3 Reliability (150t) 3-136
2026-05-31 18:17:36,146 INFO o.a.j.t.JMeterThread: Thread started: S3 Reliability (150t) 3-137
2026-05-31 18:17:36,345 INFO o.a.j.t.JMeterThread: Thread started: S3 Reliability (150t) 3-138
2026-05-31 18:17:36,544 INFO o.a.j.t.JMeterThread: Thread started: S3 Reliability (150t) 3-139
2026-05-31 18:17:36,745 INFO o.a.j.t.JMeterThread: Thread started: S3 Reliability (150t) 3-140
2026-05-31 18:17:36,946 INFO o.a.j.t.JMeterThread: Thread started: S3 Reliability (150t) 3-141
2026-05-31 18:17:37,147 INFO o.a.j.t.JMeterThread: Thread started: S3 Reliability (150t) 3-142
2026-05-31 18:17:37,346 INFO o.a.j.t.JMeterThread: Thread started: S3 Reliability (150t) 3-143
2026-05-31 18:17:37,544 INFO o.a.j.t.JMeterThread: Thread started: S3 Reliability (150t) 3-144
2026-05-31 18:17:37,745 INFO o.a.j.t.JMeterThread: Thread started: S3 Reliability (150t) 3-145
2026-05-31 18:17:37,946 INFO o.a.j.t.JMeterThread: Thread started: S3 Reliability (150t) 3-146
2026-05-31 18:17:38,144 INFO o.a.j.t.JMeterThread: Thread started: S3 Reliability (150t) 3-147
2026-05-31 18:17:38,344 INFO o.a.j.t.JMeterThread: Thread started: S3 Reliability (150t) 3-148
2026-05-31 18:17:38,544 INFO o.a.j.t.JMeterThread: Thread started: S3 Reliability (150t) 3-149
2026-05-31 18:17:38,743 INFO o.a.j.t.JMeterThread: Thread started: S3 Reliability (150t) 3-150
2026-05-31 18:18:00,098 INFO o.a.j.r.Summariser: summary +    385 in 00:00:30 =   12.8/s Avg:  7913 Min:     4 Max: 24926 Err:     0 (0.00%) Active: 150 Started: 450 Finished: 300
2026-05-31 18:18:00,098 INFO o.a.j.r.Summariser: summary =   5433 in 00:07:47 =   11.6/s Avg: 10596 Min:     3 Max: 40582 Err:     0 (0.00%)
2026-05-31 18:18:30,150 INFO o.a.j.r.Summariser: summary +    402 in 00:00:30 =   13.4/s Avg: 10997 Min:     3 Max: 30003 Err:     0 (0.00%) Active: 150 Started: 450 Finished: 300
2026-05-31 18:18:30,151 INFO o.a.j.r.Summariser: summary =   5835 in 00:08:17 =   11.7/s Avg: 10623 Min:     3 Max: 40582 Err:     0 (0.00%)
2026-05-31 18:19:00,189 INFO o.a.j.r.Summariser: summary +    342 in 00:00:30 =   11.4/s Avg: 13313 Min:     3 Max: 30007 Err:     0 (0.00%) Active: 150 Started: 450 Finished: 300
2026-05-31 18:19:00,189 INFO o.a.j.r.Summariser: summary =   6177 in 00:08:47 =   11.7/s Avg: 10772 Min:     3 Max: 40582 Err:     0 (0.00%)
2026-05-31 18:19:30,122 INFO o.a.j.r.Summariser: summary +    350 in 00:00:30 =   11.7/s Avg: 12793 Min:     3 Max: 30003 Err:     0 (0.00%) Active: 150 Started: 450 Finished: 300
2026-05-31 18:19:30,122 INFO o.a.j.r.Summariser: summary =   6527 in 00:09:17 =   11.7/s Avg: 10881 Min:     3 Max: 40582 Err:     0 (0.00%)
2026-05-31 18:20:00,009 INFO o.a.j.r.Summariser: summary +    394 in 00:00:30 =   13.2/s Avg: 11680 Min:     3 Max: 29923 Err:     0 (0.00%) Active: 150 Started: 450 Finished: 300
2026-05-31 18:20:00,010 INFO o.a.j.r.Summariser: summary =   6921 in 00:09:47 =   11.8/s Avg: 10926 Min:     3 Max: 40582 Err:     0 (0.00%)
2026-05-31 18:20:30,127 INFO o.a.j.r.Summariser: summary +    323 in 00:00:30 =   10.7/s Avg: 13307 Min:     3 Max: 30003 Err:     0 (0.00%) Active: 150 Started: 450 Finished: 300
2026-05-31 18:20:30,127 INFO o.a.j.r.Summariser: summary =   7244 in 00:10:17 =   11.7/s Avg: 11032 Min:     3 Max: 40582 Err:     0 (0.00%)
2026-05-31 18:21:00,052 INFO o.a.j.r.Summariser: summary +    396 in 00:00:30 =   13.2/s Avg: 11774 Min:     3 Max: 30004 Err:     0 (0.00%) Active: 150 Started: 450 Finished: 300
2026-05-31 18:21:00,053 INFO o.a.j.r.Summariser: summary =   7640 in 00:10:47 =   11.8/s Avg: 11071 Min:     3 Max: 40582 Err:     0 (0.00%)
2026-05-31 18:21:30,329 INFO o.a.j.r.Summariser: summary +    370 in 00:00:30 =   12.2/s Avg: 12395 Min:     3 Max: 30004 Err:     0 (0.00%) Active: 150 Started: 450 Finished: 300
2026-05-31 18:21:30,330 INFO o.a.j.r.Summariser: summary =   8010 in 00:11:17 =   11.8/s Avg: 11132 Min:     3 Max: 40582 Err:     0 (0.00%)
2026-05-31 18:22:00,045 INFO o.a.j.r.Summariser: summary +    365 in 00:00:30 =   12.3/s Avg: 11982 Min:     3 Max: 29047 Err:     0 (0.00%) Active: 150 Started: 450 Finished: 300
2026-05-31 18:22:00,045 INFO o.a.j.r.Summariser: summary =   8375 in 00:11:47 =   11.8/s Avg: 11169 Min:     3 Max: 40582 Err:     0 (0.00%)
2026-05-31 18:22:30,544 INFO o.a.j.r.Summariser: summary +    405 in 00:00:30 =   13.3/s Avg: 11168 Min:     3 Max: 29821 Err:     0 (0.00%) Active: 150 Started: 450 Finished: 300
2026-05-31 18:22:30,544 INFO o.a.j.r.Summariser: summary =   8780 in 00:12:17 =   11.9/s Avg: 11169 Min:     3 Max: 40582 Err:     0 (0.00%)
2026-05-31 18:23:00,096 INFO o.a.j.r.Summariser: summary +    326 in 00:00:30 =   11.0/s Avg: 13470 Min:     3 Max: 30003 Err:     0 (0.00%) Active: 150 Started: 450 Finished: 300
2026-05-31 18:23:00,096 INFO o.a.j.r.Summariser: summary =   9106 in 00:12:47 =   11.9/s Avg: 11251 Min:     3 Max: 40582 Err:     0 (0.00%)
2026-05-31 18:23:30,018 INFO o.a.j.r.Summariser: summary +    387 in 00:00:30 =   12.9/s Avg: 11889 Min:     3 Max: 30005 Err:     0 (0.00%) Active: 150 Started: 450 Finished: 300
2026-05-31 18:23:30,018 INFO o.a.j.r.Summariser: summary =   9493 in 00:13:17 =   11.9/s Avg: 11277 Min:     3 Max: 40582 Err:     0 (0.00%)
2026-05-31 18:24:00,065 INFO o.a.j.r.Summariser: summary +    372 in 00:00:30 =   12.4/s Avg: 12178 Min:     3 Max: 30004 Err:     0 (0.00%) Active: 150 Started: 450 Finished: 300
2026-05-31 18:24:00,066 INFO o.a.j.r.Summariser: summary =   9865 in 00:13:47 =   11.9/s Avg: 11311 Min:     3 Max: 40582 Err:     0 (0.00%)
2026-05-31 18:24:30,246 INFO o.a.j.r.Summariser: summary +    333 in 00:00:30 =   11.0/s Avg: 13151 Min:     2 Max: 32151 Err:     0 (0.00%) Active: 150 Started: 450 Finished: 300
2026-05-31 18:24:30,246 INFO o.a.j.r.Summariser: summary =  10198 in 00:14:17 =   11.9/s Avg: 11371 Min:     2 Max: 40582 Err:     0 (0.00%)
2026-05-31 18:25:00,059 INFO o.a.j.r.Summariser: summary +    404 in 00:00:30 =   13.6/s Avg: 11584 Min:     3 Max: 30005 Err:     0 (0.00%) Active: 150 Started: 450 Finished: 300
2026-05-31 18:25:00,060 INFO o.a.j.r.Summariser: summary =  10602 in 00:14:47 =   12.0/s Avg: 11379 Min:     2 Max: 40582 Err:     0 (0.00%)
2026-05-31 18:25:30,306 INFO o.a.j.r.Summariser: summary +    359 in 00:00:30 =   11.9/s Avg: 12381 Min:     3 Max: 29717 Err:     0 (0.00%) Active: 150 Started: 450 Finished: 300
2026-05-31 18:25:30,306 INFO o.a.j.r.Summariser: summary =  10961 in 00:15:17 =   12.0/s Avg: 11412 Min:     2 Max: 40582 Err:     0 (0.00%)
2026-05-31 18:26:00,149 INFO o.a.j.r.Summariser: summary +    371 in 00:00:30 =   12.4/s Avg: 11986 Min:     3 Max: 30002 Err:     0 (0.00%) Active: 150 Started: 450 Finished: 300
2026-05-31 18:26:00,149 INFO o.a.j.r.Summariser: summary =  11332 in 00:15:47 =   12.0/s Avg: 11431 Min:     2 Max: 40582 Err:     0 (0.00%)
2026-05-31 18:26:30,040 INFO o.a.j.r.Summariser: summary +    362 in 00:00:30 =   12.1/s Avg: 12512 Min:     3 Max: 30004 Err:     0 (0.00%) Active: 150 Started: 450 Finished: 300
2026-05-31 18:26:30,040 INFO o.a.j.r.Summariser: summary =  11694 in 00:16:17 =   12.0/s Avg: 11464 Min:     2 Max: 40582 Err:     0 (0.00%)
2026-05-31 18:27:00,274 INFO o.a.j.r.Summariser: summary +    363 in 00:00:30 =   12.0/s Avg: 12329 Min:     3 Max: 30004 Err:     0 (0.00%) Active: 150 Started: 450 Finished: 300
2026-05-31 18:27:00,275 INFO o.a.j.r.Summariser: summary =  12057 in 00:16:47 =   12.0/s Avg: 11491 Min:     2 Max: 40582 Err:     0 (0.00%)
2026-05-31 18:27:08,963 INFO o.a.j.t.JMeterThread: Stopping because end time detected by thread: S3 Reliability (150t) 3-85
2026-05-31 18:27:08,963 INFO o.a.j.t.JMeterThread: Thread finished: S3 Reliability (150t) 3-85
2026-05-31 18:27:09,088 INFO o.a.j.t.JMeterThread: Stopping because end time detected by thread: S3 Reliability (150t) 3-23
2026-05-31 18:27:09,088 INFO o.a.j.t.JMeterThread: Thread finished: S3 Reliability (150t) 3-23
2026-05-31 18:27:09,182 INFO o.a.j.t.JMeterThread: Stopping because end time detected by thread: S3 Reliability (150t) 3-5
2026-05-31 18:27:09,182 INFO o.a.j.t.JMeterThread: Thread finished: S3 Reliability (150t) 3-5
2026-05-31 18:27:09,366 INFO o.a.j.t.JMeterThread: Stopping because end time detected by thread: S3 Reliability (150t) 3-45
2026-05-31 18:27:09,366 INFO o.a.j.t.JMeterThread: Thread finished: S3 Reliability (150t) 3-45
2026-05-31 18:27:09,404 INFO o.a.j.t.JMeterThread: Stopping because end time detected by thread: S3 Reliability (150t) 3-6
2026-05-31 18:27:09,404 INFO o.a.j.t.JMeterThread: Thread finished: S3 Reliability (150t) 3-6
2026-05-31 18:27:10,039 INFO o.a.j.t.JMeterThread: Stopping because end time detected by thread: S3 Reliability (150t) 3-20
2026-05-31 18:27:10,039 INFO o.a.j.t.JMeterThread: Thread finished: S3 Reliability (150t) 3-20
2026-05-31 18:27:10,182 INFO o.a.j.t.JMeterThread: Stopping because end time detected by thread: S3 Reliability (150t) 3-65
2026-05-31 18:27:10,182 INFO o.a.j.t.JMeterThread: Thread finished: S3 Reliability (150t) 3-65
2026-05-31 18:27:10,357 INFO o.a.j.t.JMeterThread: Stopping because end time detected by thread: S3 Reliability (150t) 3-7
2026-05-31 18:27:10,357 INFO o.a.j.t.JMeterThread: Thread finished: S3 Reliability (150t) 3-7
2026-05-31 18:27:10,380 INFO o.a.j.t.JMeterThread: Stopping because end time detected by thread: S3 Reliability (150t) 3-89
2026-05-31 18:27:10,380 INFO o.a.j.t.JMeterThread: Thread finished: S3 Reliability (150t) 3-89
2026-05-31 18:27:10,424 INFO o.a.j.t.JMeterThread: Stopping because end time detected by thread: S3 Reliability (150t) 3-105
2026-05-31 18:27:10,424 INFO o.a.j.t.JMeterThread: Thread finished: S3 Reliability (150t) 3-105
2026-05-31 18:27:10,522 INFO o.a.j.t.JMeterThread: Stopping because end time detected by thread: S3 Reliability (150t) 3-107
2026-05-31 18:27:10,522 INFO o.a.j.t.JMeterThread: Thread finished: S3 Reliability (150t) 3-107
2026-05-31 18:27:10,568 INFO o.a.j.t.JMeterThread: Stopping because end time detected by thread: S3 Reliability (150t) 3-71
2026-05-31 18:27:10,568 INFO o.a.j.t.JMeterThread: Thread finished: S3 Reliability (150t) 3-71
2026-05-31 18:27:10,607 INFO o.a.j.t.JMeterThread: Stopping because end time detected by thread: S3 Reliability (150t) 3-150
2026-05-31 18:27:10,607 INFO o.a.j.t.JMeterThread: Thread finished: S3 Reliability (150t) 3-150
2026-05-31 18:27:10,688 INFO o.a.j.t.JMeterThread: Stopping because end time detected by thread: S3 Reliability (150t) 3-66
2026-05-31 18:27:10,688 INFO o.a.j.t.JMeterThread: Thread finished: S3 Reliability (150t) 3-66
2026-05-31 18:27:10,750 INFO o.a.j.t.JMeterThread: Stopping because end time detected by thread: S3 Reliability (150t) 3-93
2026-05-31 18:27:10,750 INFO o.a.j.t.JMeterThread: Thread finished: S3 Reliability (150t) 3-93
2026-05-31 18:27:10,755 INFO o.a.j.t.JMeterThread: Stopping because end time detected by thread: S3 Reliability (150t) 3-70
2026-05-31 18:27:10,755 INFO o.a.j.t.JMeterThread: Thread finished: S3 Reliability (150t) 3-70
2026-05-31 18:27:10,939 INFO o.a.j.t.JMeterThread: Stopping because end time detected by thread: S3 Reliability (150t) 3-144
2026-05-31 18:27:10,939 INFO o.a.j.t.JMeterThread: Thread finished: S3 Reliability (150t) 3-144
2026-05-31 18:27:10,975 INFO o.a.j.t.JMeterThread: Stopping because end time detected by thread: S3 Reliability (150t) 3-127
2026-05-31 18:27:10,975 INFO o.a.j.t.JMeterThread: Thread finished: S3 Reliability (150t) 3-127
2026-05-31 18:27:11,120 INFO o.a.j.t.JMeterThread: Stopping because end time detected by thread: S3 Reliability (150t) 3-16
2026-05-31 18:27:11,120 INFO o.a.j.t.JMeterThread: Thread finished: S3 Reliability (150t) 3-16
2026-05-31 18:27:11,290 INFO o.a.j.t.JMeterThread: Stopping because end time detected by thread: S3 Reliability (150t) 3-106
2026-05-31 18:27:11,290 INFO o.a.j.t.JMeterThread: Thread finished: S3 Reliability (150t) 3-106
2026-05-31 18:27:11,390 INFO o.a.j.t.JMeterThread: Stopping because end time detected by thread: S3 Reliability (150t) 3-130
2026-05-31 18:27:11,390 INFO o.a.j.t.JMeterThread: Thread finished: S3 Reliability (150t) 3-130
2026-05-31 18:27:11,536 INFO o.a.j.t.JMeterThread: Stopping because end time detected by thread: S3 Reliability (150t) 3-28
2026-05-31 18:27:11,536 INFO o.a.j.t.JMeterThread: Thread finished: S3 Reliability (150t) 3-28
2026-05-31 18:27:11,591 INFO o.a.j.t.JMeterThread: Stopping because end time detected by thread: S3 Reliability (150t) 3-104
2026-05-31 18:27:11,591 INFO o.a.j.t.JMeterThread: Thread finished: S3 Reliability (150t) 3-104
2026-05-31 18:27:11,972 INFO o.a.j.t.JMeterThread: Stopping because end time detected by thread: S3 Reliability (150t) 3-40
2026-05-31 18:27:11,972 INFO o.a.j.t.JMeterThread: Thread finished: S3 Reliability (150t) 3-40
2026-05-31 18:27:12,100 INFO o.a.j.t.JMeterThread: Stopping because end time detected by thread: S3 Reliability (150t) 3-75
2026-05-31 18:27:12,100 INFO o.a.j.t.JMeterThread: Thread finished: S3 Reliability (150t) 3-75
2026-05-31 18:27:12,215 INFO o.a.j.t.JMeterThread: Stopping because end time detected by thread: S3 Reliability (150t) 3-49
2026-05-31 18:27:12,215 INFO o.a.j.t.JMeterThread: Thread finished: S3 Reliability (150t) 3-49
2026-05-31 18:27:12,354 INFO o.a.j.t.JMeterThread: Stopping because end time detected by thread: S3 Reliability (150t) 3-82
2026-05-31 18:27:12,354 INFO o.a.j.t.JMeterThread: Thread finished: S3 Reliability (150t) 3-82
2026-05-31 18:27:13,190 INFO o.a.j.t.JMeterThread: Stopping because end time detected by thread: S3 Reliability (150t) 3-94
2026-05-31 18:27:13,190 INFO o.a.j.t.JMeterThread: Thread finished: S3 Reliability (150t) 3-94
2026-05-31 18:27:13,552 INFO o.a.j.t.JMeterThread: Stopping because end time detected by thread: S3 Reliability (150t) 3-17
2026-05-31 18:27:13,552 INFO o.a.j.t.JMeterThread: Thread finished: S3 Reliability (150t) 3-17
2026-05-31 18:27:13,558 INFO o.a.j.t.JMeterThread: Stopping because end time detected by thread: S3 Reliability (150t) 3-43
2026-05-31 18:27:13,558 INFO o.a.j.t.JMeterThread: Thread finished: S3 Reliability (150t) 3-43
2026-05-31 18:27:13,625 INFO o.a.j.t.JMeterThread: Stopping because end time detected by thread: S3 Reliability (150t) 3-11
2026-05-31 18:27:13,625 INFO o.a.j.t.JMeterThread: Thread finished: S3 Reliability (150t) 3-11
2026-05-31 18:27:13,736 INFO o.a.j.t.JMeterThread: Stopping because end time detected by thread: S3 Reliability (150t) 3-52
2026-05-31 18:27:13,736 INFO o.a.j.t.JMeterThread: Thread finished: S3 Reliability (150t) 3-52
2026-05-31 18:27:13,853 INFO o.a.j.t.JMeterThread: Stopping because end time detected by thread: S3 Reliability (150t) 3-47
2026-05-31 18:27:13,854 INFO o.a.j.t.JMeterThread: Thread finished: S3 Reliability (150t) 3-47
2026-05-31 18:27:14,017 INFO o.a.j.t.JMeterThread: Stopping because end time detected by thread: S3 Reliability (150t) 3-25
2026-05-31 18:27:14,017 INFO o.a.j.t.JMeterThread: Thread finished: S3 Reliability (150t) 3-25
2026-05-31 18:27:14,172 INFO o.a.j.t.JMeterThread: Stopping because end time detected by thread: S3 Reliability (150t) 3-99
2026-05-31 18:27:14,172 INFO o.a.j.t.JMeterThread: Thread finished: S3 Reliability (150t) 3-99
2026-05-31 18:27:14,221 INFO o.a.j.t.JMeterThread: Stopping because end time detected by thread: S3 Reliability (150t) 3-83
2026-05-31 18:27:14,221 INFO o.a.j.t.JMeterThread: Thread finished: S3 Reliability (150t) 3-83
2026-05-31 18:27:14,646 INFO o.a.j.t.JMeterThread: Stopping because end time detected by thread: S3 Reliability (150t) 3-120
2026-05-31 18:27:14,647 INFO o.a.j.t.JMeterThread: Thread finished: S3 Reliability (150t) 3-120
2026-05-31 18:27:14,768 INFO o.a.j.t.JMeterThread: Stopping because end time detected by thread: S3 Reliability (150t) 3-24
2026-05-31 18:27:14,768 INFO o.a.j.t.JMeterThread: Thread finished: S3 Reliability (150t) 3-24
2026-05-31 18:27:15,117 INFO o.a.j.t.JMeterThread: Stopping because end time detected by thread: S3 Reliability (150t) 3-112
2026-05-31 18:27:15,117 INFO o.a.j.t.JMeterThread: Thread finished: S3 Reliability (150t) 3-112
2026-05-31 18:27:15,461 INFO o.a.j.t.JMeterThread: Stopping because end time detected by thread: S3 Reliability (150t) 3-81
2026-05-31 18:27:15,461 INFO o.a.j.t.JMeterThread: Thread finished: S3 Reliability (150t) 3-81
2026-05-31 18:27:15,587 INFO o.a.j.t.JMeterThread: Stopping because end time detected by thread: S3 Reliability (150t) 3-34
2026-05-31 18:27:15,587 INFO o.a.j.t.JMeterThread: Thread finished: S3 Reliability (150t) 3-34
2026-05-31 18:27:15,624 INFO o.a.j.t.JMeterThread: Stopping because end time detected by thread: S3 Reliability (150t) 3-22
2026-05-31 18:27:15,625 INFO o.a.j.t.JMeterThread: Thread finished: S3 Reliability (150t) 3-22
2026-05-31 18:27:15,647 INFO o.a.j.t.JMeterThread: Stopping because end time detected by thread: S3 Reliability (150t) 3-149
2026-05-31 18:27:15,647 INFO o.a.j.t.JMeterThread: Thread finished: S3 Reliability (150t) 3-149
2026-05-31 18:27:15,711 INFO o.a.j.t.JMeterThread: Stopping because end time detected by thread: S3 Reliability (150t) 3-133
2026-05-31 18:27:15,711 INFO o.a.j.t.JMeterThread: Thread finished: S3 Reliability (150t) 3-133
2026-05-31 18:27:15,769 INFO o.a.j.t.JMeterThread: Stopping because end time detected by thread: S3 Reliability (150t) 3-59
2026-05-31 18:27:15,770 INFO o.a.j.t.JMeterThread: Thread finished: S3 Reliability (150t) 3-59
2026-05-31 18:27:15,892 INFO o.a.j.t.JMeterThread: Stopping because end time detected by thread: S3 Reliability (150t) 3-54
2026-05-31 18:27:15,892 INFO o.a.j.t.JMeterThread: Thread finished: S3 Reliability (150t) 3-54
2026-05-31 18:27:15,899 INFO o.a.j.t.JMeterThread: Stopping because end time detected by thread: S3 Reliability (150t) 3-96
2026-05-31 18:27:15,899 INFO o.a.j.t.JMeterThread: Thread finished: S3 Reliability (150t) 3-96
2026-05-31 18:27:16,223 INFO o.a.j.t.JMeterThread: Stopping because end time detected by thread: S3 Reliability (150t) 3-143
2026-05-31 18:27:16,223 INFO o.a.j.t.JMeterThread: Thread finished: S3 Reliability (150t) 3-143
2026-05-31 18:27:16,299 INFO o.a.j.t.JMeterThread: Stopping because end time detected by thread: S3 Reliability (150t) 3-4
2026-05-31 18:27:16,299 INFO o.a.j.t.JMeterThread: Thread finished: S3 Reliability (150t) 3-4
2026-05-31 18:27:16,328 INFO o.a.j.t.JMeterThread: Stopping because end time detected by thread: S3 Reliability (150t) 3-67
2026-05-31 18:27:16,328 INFO o.a.j.t.JMeterThread: Thread finished: S3 Reliability (150t) 3-67
2026-05-31 18:27:16,780 INFO o.a.j.t.JMeterThread: Stopping because end time detected by thread: S3 Reliability (150t) 3-2
2026-05-31 18:27:16,780 INFO o.a.j.t.JMeterThread: Thread finished: S3 Reliability (150t) 3-2
2026-05-31 18:27:17,332 INFO o.a.j.t.JMeterThread: Stopping because end time detected by thread: S3 Reliability (150t) 3-56
2026-05-31 18:27:17,332 INFO o.a.j.t.JMeterThread: Thread finished: S3 Reliability (150t) 3-56
2026-05-31 18:27:17,356 INFO o.a.j.t.JMeterThread: Stopping because end time detected by thread: S3 Reliability (150t) 3-38
2026-05-31 18:27:17,356 INFO o.a.j.t.JMeterThread: Thread finished: S3 Reliability (150t) 3-38
2026-05-31 18:27:17,434 INFO o.a.j.t.JMeterThread: Stopping because end time detected by thread: S3 Reliability (150t) 3-113
2026-05-31 18:27:17,434 INFO o.a.j.t.JMeterThread: Thread finished: S3 Reliability (150t) 3-113
2026-05-31 18:27:17,723 INFO o.a.j.t.JMeterThread: Stopping because end time detected by thread: S3 Reliability (150t) 3-122
2026-05-31 18:27:17,723 INFO o.a.j.t.JMeterThread: Thread finished: S3 Reliability (150t) 3-122
2026-05-31 18:27:17,756 INFO o.a.j.t.JMeterThread: Stopping because end time detected by thread: S3 Reliability (150t) 3-109
2026-05-31 18:27:17,756 INFO o.a.j.t.JMeterThread: Thread finished: S3 Reliability (150t) 3-109
2026-05-31 18:27:17,939 INFO o.a.j.t.JMeterThread: Stopping because end time detected by thread: S3 Reliability (150t) 3-138
2026-05-31 18:27:17,939 INFO o.a.j.t.JMeterThread: Thread finished: S3 Reliability (150t) 3-138
2026-05-31 18:27:18,004 INFO o.a.j.t.JMeterThread: Stopping because end time detected by thread: S3 Reliability (150t) 3-30
2026-05-31 18:27:18,004 INFO o.a.j.t.JMeterThread: Thread finished: S3 Reliability (150t) 3-30
2026-05-31 18:27:18,316 INFO o.a.j.t.JMeterThread: Stopping because end time detected by thread: S3 Reliability (150t) 3-58
2026-05-31 18:27:18,316 INFO o.a.j.t.JMeterThread: Thread finished: S3 Reliability (150t) 3-58
2026-05-31 18:27:18,363 INFO o.a.j.t.JMeterThread: Stopping because end time detected by thread: S3 Reliability (150t) 3-36
2026-05-31 18:27:18,363 INFO o.a.j.t.JMeterThread: Thread finished: S3 Reliability (150t) 3-36
2026-05-31 18:27:18,381 INFO o.a.j.t.JMeterThread: Stopping because end time detected by thread: S3 Reliability (150t) 3-137
2026-05-31 18:27:18,382 INFO o.a.j.t.JMeterThread: Thread finished: S3 Reliability (150t) 3-137
2026-05-31 18:27:18,456 INFO o.a.j.t.JMeterThread: Stopping because end time detected by thread: S3 Reliability (150t) 3-1
2026-05-31 18:27:18,456 INFO o.a.j.t.JMeterThread: Thread finished: S3 Reliability (150t) 3-1
2026-05-31 18:27:18,573 INFO o.a.j.t.JMeterThread: Stopping because end time detected by thread: S3 Reliability (150t) 3-9
2026-05-31 18:27:18,574 INFO o.a.j.t.JMeterThread: Thread finished: S3 Reliability (150t) 3-9
2026-05-31 18:27:18,584 INFO o.a.j.t.JMeterThread: Stopping because end time detected by thread: S3 Reliability (150t) 3-60
2026-05-31 18:27:18,584 INFO o.a.j.t.JMeterThread: Thread finished: S3 Reliability (150t) 3-60
2026-05-31 18:27:18,845 INFO o.a.j.t.JMeterThread: Stopping because end time detected by thread: S3 Reliability (150t) 3-51
2026-05-31 18:27:18,845 INFO o.a.j.t.JMeterThread: Thread finished: S3 Reliability (150t) 3-51
2026-05-31 18:27:19,339 INFO o.a.j.t.JMeterThread: Stopping because end time detected by thread: S3 Reliability (150t) 3-33
2026-05-31 18:27:19,339 INFO o.a.j.t.JMeterThread: Thread finished: S3 Reliability (150t) 3-33
2026-05-31 18:27:19,492 INFO o.a.j.t.JMeterThread: Stopping because end time detected by thread: S3 Reliability (150t) 3-87
2026-05-31 18:27:19,492 INFO o.a.j.t.JMeterThread: Thread finished: S3 Reliability (150t) 3-87
2026-05-31 18:27:19,538 INFO o.a.j.t.JMeterThread: Stopping because end time detected by thread: S3 Reliability (150t) 3-53
2026-05-31 18:27:19,539 INFO o.a.j.t.JMeterThread: Thread finished: S3 Reliability (150t) 3-53
2026-05-31 18:27:19,696 INFO o.a.j.t.JMeterThread: Stopping because end time detected by thread: S3 Reliability (150t) 3-14
2026-05-31 18:27:19,696 INFO o.a.j.t.JMeterThread: Thread finished: S3 Reliability (150t) 3-14
2026-05-31 18:27:19,827 INFO o.a.j.t.JMeterThread: Stopping because end time detected by thread: S3 Reliability (150t) 3-119
2026-05-31 18:27:19,828 INFO o.a.j.t.JMeterThread: Thread finished: S3 Reliability (150t) 3-119
2026-05-31 18:27:19,854 INFO o.a.j.t.JMeterThread: Stopping because end time detected by thread: S3 Reliability (150t) 3-141
2026-05-31 18:27:19,855 INFO o.a.j.t.JMeterThread: Thread finished: S3 Reliability (150t) 3-141
2026-05-31 18:27:19,874 INFO o.a.j.t.JMeterThread: Stopping because end time detected by thread: S3 Reliability (150t) 3-61
2026-05-31 18:27:19,874 INFO o.a.j.t.JMeterThread: Thread finished: S3 Reliability (150t) 3-61
2026-05-31 18:27:20,435 INFO o.a.j.t.JMeterThread: Stopping because end time detected by thread: S3 Reliability (150t) 3-88
2026-05-31 18:27:20,435 INFO o.a.j.t.JMeterThread: Thread finished: S3 Reliability (150t) 3-88
2026-05-31 18:27:20,446 INFO o.a.j.t.JMeterThread: Stopping because end time detected by thread: S3 Reliability (150t) 3-18
2026-05-31 18:27:20,446 INFO o.a.j.t.JMeterThread: Thread finished: S3 Reliability (150t) 3-18
2026-05-31 18:27:20,657 INFO o.a.j.t.JMeterThread: Stopping because end time detected by thread: S3 Reliability (150t) 3-79
2026-05-31 18:27:20,657 INFO o.a.j.t.JMeterThread: Thread finished: S3 Reliability (150t) 3-79
2026-05-31 18:27:20,831 INFO o.a.j.t.JMeterThread: Stopping because end time detected by thread: S3 Reliability (150t) 3-72
2026-05-31 18:27:20,831 INFO o.a.j.t.JMeterThread: Thread finished: S3 Reliability (150t) 3-72
2026-05-31 18:27:20,906 INFO o.a.j.t.JMeterThread: Stopping because end time detected by thread: S3 Reliability (150t) 3-27
2026-05-31 18:27:20,906 INFO o.a.j.t.JMeterThread: Thread finished: S3 Reliability (150t) 3-27
2026-05-31 18:27:21,065 INFO o.a.j.t.JMeterThread: Stopping because end time detected by thread: S3 Reliability (150t) 3-68
2026-05-31 18:27:21,065 INFO o.a.j.t.JMeterThread: Thread finished: S3 Reliability (150t) 3-68
2026-05-31 18:27:21,072 INFO o.a.j.t.JMeterThread: Stopping because end time detected by thread: S3 Reliability (150t) 3-37
2026-05-31 18:27:21,072 INFO o.a.j.t.JMeterThread: Thread finished: S3 Reliability (150t) 3-37
2026-05-31 18:27:21,276 INFO o.a.j.t.JMeterThread: Stopping because end time detected by thread: S3 Reliability (150t) 3-3
2026-05-31 18:27:21,276 INFO o.a.j.t.JMeterThread: Thread finished: S3 Reliability (150t) 3-3
2026-05-31 18:27:21,628 INFO o.a.j.t.JMeterThread: Stopping because end time detected by thread: S3 Reliability (150t) 3-92
2026-05-31 18:27:21,628 INFO o.a.j.t.JMeterThread: Thread finished: S3 Reliability (150t) 3-92
2026-05-31 18:27:21,722 INFO o.a.j.t.JMeterThread: Stopping because end time detected by thread: S3 Reliability (150t) 3-78
2026-05-31 18:27:21,722 INFO o.a.j.t.JMeterThread: Thread finished: S3 Reliability (150t) 3-78
2026-05-31 18:27:21,880 INFO o.a.j.t.JMeterThread: Stopping because end time detected by thread: S3 Reliability (150t) 3-13
2026-05-31 18:27:21,880 INFO o.a.j.t.JMeterThread: Thread finished: S3 Reliability (150t) 3-13
2026-05-31 18:27:22,124 INFO o.a.j.t.JMeterThread: Stopping because end time detected by thread: S3 Reliability (150t) 3-35
2026-05-31 18:27:22,124 INFO o.a.j.t.JMeterThread: Thread finished: S3 Reliability (150t) 3-35
2026-05-31 18:27:22,163 INFO o.a.j.t.JMeterThread: Stopping because end time detected by thread: S3 Reliability (150t) 3-146
2026-05-31 18:27:22,163 INFO o.a.j.t.JMeterThread: Stopping because end time detected by thread: S3 Reliability (150t) 3-118
2026-05-31 18:27:22,163 INFO o.a.j.t.JMeterThread: Thread finished: S3 Reliability (150t) 3-118
2026-05-31 18:27:22,163 INFO o.a.j.t.JMeterThread: Thread finished: S3 Reliability (150t) 3-146
2026-05-31 18:27:22,266 INFO o.a.j.t.JMeterThread: Stopping because end time detected by thread: S3 Reliability (150t) 3-44
2026-05-31 18:27:22,266 INFO o.a.j.t.JMeterThread: Thread finished: S3 Reliability (150t) 3-44
2026-05-31 18:27:22,298 INFO o.a.j.t.JMeterThread: Stopping because end time detected by thread: S3 Reliability (150t) 3-101
2026-05-31 18:27:22,298 INFO o.a.j.t.JMeterThread: Thread finished: S3 Reliability (150t) 3-101
2026-05-31 18:27:22,342 INFO o.a.j.t.JMeterThread: Stopping because end time detected by thread: S3 Reliability (150t) 3-136
2026-05-31 18:27:22,343 INFO o.a.j.t.JMeterThread: Thread finished: S3 Reliability (150t) 3-136
2026-05-31 18:27:22,400 INFO o.a.j.t.JMeterThread: Stopping because end time detected by thread: S3 Reliability (150t) 3-97
2026-05-31 18:27:22,400 INFO o.a.j.t.JMeterThread: Thread finished: S3 Reliability (150t) 3-97
2026-05-31 18:27:22,425 INFO o.a.j.t.JMeterThread: Stopping because end time detected by thread: S3 Reliability (150t) 3-140
2026-05-31 18:27:22,426 INFO o.a.j.t.JMeterThread: Thread finished: S3 Reliability (150t) 3-140
2026-05-31 18:27:23,145 INFO o.a.j.t.JMeterThread: Stopping because end time detected by thread: S3 Reliability (150t) 3-110
2026-05-31 18:27:23,145 INFO o.a.j.t.JMeterThread: Thread finished: S3 Reliability (150t) 3-110
2026-05-31 18:27:23,179 INFO o.a.j.t.JMeterThread: Stopping because end time detected by thread: S3 Reliability (150t) 3-48
2026-05-31 18:27:23,180 INFO o.a.j.t.JMeterThread: Thread finished: S3 Reliability (150t) 3-48
2026-05-31 18:27:23,222 INFO o.a.j.t.JMeterThread: Stopping because end time detected by thread: S3 Reliability (150t) 3-103
2026-05-31 18:27:23,222 INFO o.a.j.t.JMeterThread: Thread finished: S3 Reliability (150t) 3-103
2026-05-31 18:27:23,266 INFO o.a.j.t.JMeterThread: Stopping because end time detected by thread: S3 Reliability (150t) 3-115
2026-05-31 18:27:23,266 INFO o.a.j.t.JMeterThread: Thread finished: S3 Reliability (150t) 3-115
2026-05-31 18:27:23,413 INFO o.a.j.t.JMeterThread: Stopping because end time detected by thread: S3 Reliability (150t) 3-39
2026-05-31 18:27:23,413 INFO o.a.j.t.JMeterThread: Thread finished: S3 Reliability (150t) 3-39
2026-05-31 18:27:23,520 INFO o.a.j.t.JMeterThread: Stopping because end time detected by thread: S3 Reliability (150t) 3-90
2026-05-31 18:27:23,521 INFO o.a.j.t.JMeterThread: Thread finished: S3 Reliability (150t) 3-90
2026-05-31 18:27:23,718 INFO o.a.j.t.JMeterThread: Stopping because end time detected by thread: S3 Reliability (150t) 3-117
2026-05-31 18:27:23,718 INFO o.a.j.t.JMeterThread: Thread finished: S3 Reliability (150t) 3-117
2026-05-31 18:27:23,746 INFO o.a.j.t.JMeterThread: Stopping because end time detected by thread: S3 Reliability (150t) 3-62
2026-05-31 18:27:23,746 INFO o.a.j.t.JMeterThread: Thread finished: S3 Reliability (150t) 3-62
2026-05-31 18:27:23,824 INFO o.a.j.t.JMeterThread: Stopping because end time detected by thread: S3 Reliability (150t) 3-145
2026-05-31 18:27:23,824 INFO o.a.j.t.JMeterThread: Thread finished: S3 Reliability (150t) 3-145
2026-05-31 18:27:24,092 INFO o.a.j.t.JMeterThread: Stopping because end time detected by thread: S3 Reliability (150t) 3-131
2026-05-31 18:27:24,092 INFO o.a.j.t.JMeterThread: Thread finished: S3 Reliability (150t) 3-131
2026-05-31 18:27:24,207 INFO o.a.j.t.JMeterThread: Stopping because end time detected by thread: S3 Reliability (150t) 3-41
2026-05-31 18:27:24,207 INFO o.a.j.t.JMeterThread: Thread finished: S3 Reliability (150t) 3-41
2026-05-31 18:27:24,286 INFO o.a.j.t.JMeterThread: Stopping because end time detected by thread: S3 Reliability (150t) 3-114
2026-05-31 18:27:24,287 INFO o.a.j.t.JMeterThread: Thread finished: S3 Reliability (150t) 3-114
2026-05-31 18:27:24,636 INFO o.a.j.t.JMeterThread: Stopping because end time detected by thread: S3 Reliability (150t) 3-69
2026-05-31 18:27:24,637 INFO o.a.j.t.JMeterThread: Thread finished: S3 Reliability (150t) 3-69
2026-05-31 18:27:24,953 INFO o.a.j.t.JMeterThread: Stopping because end time detected by thread: S3 Reliability (150t) 3-29
2026-05-31 18:27:24,953 INFO o.a.j.t.JMeterThread: Thread finished: S3 Reliability (150t) 3-29
2026-05-31 18:27:25,031 INFO o.a.j.t.JMeterThread: Stopping because end time detected by thread: S3 Reliability (150t) 3-26
2026-05-31 18:27:25,031 INFO o.a.j.t.JMeterThread: Thread finished: S3 Reliability (150t) 3-26
2026-05-31 18:27:25,117 INFO o.a.j.t.JMeterThread: Stopping because end time detected by thread: S3 Reliability (150t) 3-12
2026-05-31 18:27:25,117 INFO o.a.j.t.JMeterThread: Thread finished: S3 Reliability (150t) 3-12
2026-05-31 18:27:25,119 INFO o.a.j.t.JMeterThread: Stopping because end time detected by thread: S3 Reliability (150t) 3-128
2026-05-31 18:27:25,120 INFO o.a.j.t.JMeterThread: Thread finished: S3 Reliability (150t) 3-128
2026-05-31 18:27:25,198 INFO o.a.j.t.JMeterThread: Stopping because end time detected by thread: S3 Reliability (150t) 3-77
2026-05-31 18:27:25,198 INFO o.a.j.t.JMeterThread: Thread finished: S3 Reliability (150t) 3-77
2026-05-31 18:27:25,355 INFO o.a.j.t.JMeterThread: Stopping because end time detected by thread: S3 Reliability (150t) 3-125
2026-05-31 18:27:25,355 INFO o.a.j.t.JMeterThread: Thread finished: S3 Reliability (150t) 3-125
2026-05-31 18:27:25,602 INFO o.a.j.t.JMeterThread: Stopping because end time detected by thread: S3 Reliability (150t) 3-129
2026-05-31 18:27:25,602 INFO o.a.j.t.JMeterThread: Thread finished: S3 Reliability (150t) 3-129
2026-05-31 18:27:25,642 INFO o.a.j.t.JMeterThread: Stopping because end time detected by thread: S3 Reliability (150t) 3-63
2026-05-31 18:27:25,642 INFO o.a.j.t.JMeterThread: Thread finished: S3 Reliability (150t) 3-63
2026-05-31 18:27:26,237 INFO o.a.j.t.JMeterThread: Stopping because end time detected by thread: S3 Reliability (150t) 3-55
2026-05-31 18:27:26,237 INFO o.a.j.t.JMeterThread: Thread finished: S3 Reliability (150t) 3-55
2026-05-31 18:27:26,270 INFO o.a.j.t.JMeterThread: Stopping because end time detected by thread: S3 Reliability (150t) 3-147
2026-05-31 18:27:26,270 INFO o.a.j.t.JMeterThread: Thread finished: S3 Reliability (150t) 3-147
2026-05-31 18:27:26,454 INFO o.a.j.t.JMeterThread: Stopping because end time detected by thread: S3 Reliability (150t) 3-116
2026-05-31 18:27:26,454 INFO o.a.j.t.JMeterThread: Thread finished: S3 Reliability (150t) 3-116
2026-05-31 18:27:26,621 INFO o.a.j.t.JMeterThread: Stopping because end time detected by thread: S3 Reliability (150t) 3-31
2026-05-31 18:27:26,622 INFO o.a.j.t.JMeterThread: Thread finished: S3 Reliability (150t) 3-31
2026-05-31 18:27:26,645 INFO o.a.j.t.JMeterThread: Stopping because end time detected by thread: S3 Reliability (150t) 3-84
2026-05-31 18:27:26,645 INFO o.a.j.t.JMeterThread: Thread finished: S3 Reliability (150t) 3-84
2026-05-31 18:27:26,648 INFO o.a.j.t.JMeterThread: Stopping because end time detected by thread: S3 Reliability (150t) 3-91
2026-05-31 18:27:26,648 INFO o.a.j.t.JMeterThread: Thread finished: S3 Reliability (150t) 3-91
2026-05-31 18:27:26,715 INFO o.a.j.t.JMeterThread: Stopping because end time detected by thread: S3 Reliability (150t) 3-124
2026-05-31 18:27:26,715 INFO o.a.j.t.JMeterThread: Thread finished: S3 Reliability (150t) 3-124
2026-05-31 18:27:27,018 INFO o.a.j.t.JMeterThread: Stopping because end time detected by thread: S3 Reliability (150t) 3-100
2026-05-31 18:27:27,018 INFO o.a.j.t.JMeterThread: Thread finished: S3 Reliability (150t) 3-100
2026-05-31 18:27:27,314 INFO o.a.j.t.JMeterThread: Stopping because end time detected by thread: S3 Reliability (150t) 3-123
2026-05-31 18:27:27,315 INFO o.a.j.t.JMeterThread: Thread finished: S3 Reliability (150t) 3-123
2026-05-31 18:27:27,457 INFO o.a.j.t.JMeterThread: Stopping because end time detected by thread: S3 Reliability (150t) 3-50
2026-05-31 18:27:27,458 INFO o.a.j.t.JMeterThread: Thread finished: S3 Reliability (150t) 3-50
2026-05-31 18:27:27,518 INFO o.a.j.t.JMeterThread: Stopping because end time detected by thread: S3 Reliability (150t) 3-46
2026-05-31 18:27:27,518 INFO o.a.j.t.JMeterThread: Thread finished: S3 Reliability (150t) 3-46
2026-05-31 18:27:27,580 INFO o.a.j.t.JMeterThread: Stopping because end time detected by thread: S3 Reliability (150t) 3-95
2026-05-31 18:27:27,580 INFO o.a.j.t.JMeterThread: Thread finished: S3 Reliability (150t) 3-95
2026-05-31 18:27:27,661 INFO o.a.j.t.JMeterThread: Stopping because end time detected by thread: S3 Reliability (150t) 3-148
2026-05-31 18:27:27,661 INFO o.a.j.t.JMeterThread: Thread finished: S3 Reliability (150t) 3-148
2026-05-31 18:27:27,993 INFO o.a.j.t.JMeterThread: Stopping because end time detected by thread: S3 Reliability (150t) 3-135
2026-05-31 18:27:27,993 INFO o.a.j.t.JMeterThread: Thread finished: S3 Reliability (150t) 3-135
2026-05-31 18:27:28,011 INFO o.a.j.t.JMeterThread: Stopping because end time detected by thread: S3 Reliability (150t) 3-139
2026-05-31 18:27:28,011 INFO o.a.j.t.JMeterThread: Stopping because end time detected by thread: S3 Reliability (150t) 3-132
2026-05-31 18:27:28,011 INFO o.a.j.t.JMeterThread: Thread finished: S3 Reliability (150t) 3-139
2026-05-31 18:27:28,011 INFO o.a.j.t.JMeterThread: Thread finished: S3 Reliability (150t) 3-132
2026-05-31 18:27:28,522 INFO o.a.j.t.JMeterThread: Stopping because end time detected by thread: S3 Reliability (150t) 3-74
2026-05-31 18:27:28,523 INFO o.a.j.t.JMeterThread: Thread finished: S3 Reliability (150t) 3-74
2026-05-31 18:27:28,690 INFO o.a.j.t.JMeterThread: Stopping because end time detected by thread: S3 Reliability (150t) 3-98
2026-05-31 18:27:28,690 INFO o.a.j.t.JMeterThread: Thread finished: S3 Reliability (150t) 3-98
2026-05-31 18:27:28,865 INFO o.a.j.t.JMeterThread: Stopping because end time detected by thread: S3 Reliability (150t) 3-19
2026-05-31 18:27:28,866 INFO o.a.j.t.JMeterThread: Thread finished: S3 Reliability (150t) 3-19
2026-05-31 18:27:28,976 INFO o.a.j.t.JMeterThread: Stopping because end time detected by thread: S3 Reliability (150t) 3-142
2026-05-31 18:27:28,976 INFO o.a.j.t.JMeterThread: Thread finished: S3 Reliability (150t) 3-142
2026-05-31 18:27:29,361 INFO o.a.j.t.JMeterThread: Stopping because end time detected by thread: S3 Reliability (150t) 3-64
2026-05-31 18:27:29,361 INFO o.a.j.t.JMeterThread: Thread finished: S3 Reliability (150t) 3-64
2026-05-31 18:27:29,441 INFO o.a.j.t.JMeterThread: Stopping because end time detected by thread: S3 Reliability (150t) 3-102
2026-05-31 18:27:29,442 INFO o.a.j.t.JMeterThread: Thread finished: S3 Reliability (150t) 3-102
2026-05-31 18:27:29,807 INFO o.a.j.t.JMeterThread: Stopping because end time detected by thread: S3 Reliability (150t) 3-15
2026-05-31 18:27:29,808 INFO o.a.j.t.JMeterThread: Thread finished: S3 Reliability (150t) 3-15
2026-05-31 18:27:29,889 INFO o.a.j.t.JMeterThread: Stopping because end time detected by thread: S3 Reliability (150t) 3-42
2026-05-31 18:27:29,889 INFO o.a.j.t.JMeterThread: Thread finished: S3 Reliability (150t) 3-42
2026-05-31 18:27:30,065 INFO o.a.j.r.Summariser: summary +    242 in 00:00:30 =    8.1/s Avg: 18873 Min:     3 Max: 30128 Err:     0 (0.00%) Active: 14 Started: 450 Finished: 436
2026-05-31 18:27:30,066 INFO o.a.j.r.Summariser: summary =  12299 in 00:17:17 =   11.9/s Avg: 11636 Min:     2 Max: 40582 Err:     0 (0.00%)
2026-05-31 18:27:30,066 INFO o.a.j.t.JMeterThread: Stopping because end time detected by thread: S3 Reliability (150t) 3-111
2026-05-31 18:27:30,066 INFO o.a.j.t.JMeterThread: Thread finished: S3 Reliability (150t) 3-111
2026-05-31 18:27:30,268 INFO o.a.j.t.JMeterThread: Stopping because end time detected by thread: S3 Reliability (150t) 3-76
2026-05-31 18:27:30,268 INFO o.a.j.t.JMeterThread: Thread finished: S3 Reliability (150t) 3-76
2026-05-31 18:27:30,701 INFO o.a.j.t.JMeterThread: Stopping because end time detected by thread: S3 Reliability (150t) 3-57
2026-05-31 18:27:30,701 INFO o.a.j.t.JMeterThread: Thread finished: S3 Reliability (150t) 3-57
2026-05-31 18:27:31,068 INFO o.a.j.t.JMeterThread: Stopping because end time detected by thread: S3 Reliability (150t) 3-32
2026-05-31 18:27:31,068 INFO o.a.j.t.JMeterThread: Thread finished: S3 Reliability (150t) 3-32
2026-05-31 18:27:31,361 INFO o.a.j.t.JMeterThread: Stopping because end time detected by thread: S3 Reliability (150t) 3-126
2026-05-31 18:27:31,361 INFO o.a.j.t.JMeterThread: Thread finished: S3 Reliability (150t) 3-126
2026-05-31 18:27:31,652 INFO o.a.j.t.JMeterThread: Stopping because end time detected by thread: S3 Reliability (150t) 3-8
2026-05-31 18:27:31,652 INFO o.a.j.t.JMeterThread: Thread finished: S3 Reliability (150t) 3-8
2026-05-31 18:27:31,693 INFO o.a.j.t.JMeterThread: Stopping because end time detected by thread: S3 Reliability (150t) 3-86
2026-05-31 18:27:31,693 INFO o.a.j.t.JMeterThread: Thread finished: S3 Reliability (150t) 3-86
2026-05-31 18:27:31,701 INFO o.a.j.t.JMeterThread: Stopping because end time detected by thread: S3 Reliability (150t) 3-108
2026-05-31 18:27:31,701 INFO o.a.j.t.JMeterThread: Thread finished: S3 Reliability (150t) 3-108
2026-05-31 18:27:32,188 INFO o.a.j.t.JMeterThread: Stopping because end time detected by thread: S3 Reliability (150t) 3-134
2026-05-31 18:27:32,188 INFO o.a.j.t.JMeterThread: Thread finished: S3 Reliability (150t) 3-134
2026-05-31 18:27:32,259 INFO o.a.j.t.JMeterThread: Stopping because end time detected by thread: S3 Reliability (150t) 3-80
2026-05-31 18:27:32,259 INFO o.a.j.t.JMeterThread: Thread finished: S3 Reliability (150t) 3-80
2026-05-31 18:27:33,044 INFO o.a.j.t.JMeterThread: Stopping because end time detected by thread: S3 Reliability (150t) 3-21
2026-05-31 18:27:33,044 INFO o.a.j.t.JMeterThread: Thread finished: S3 Reliability (150t) 3-21
2026-05-31 18:27:33,245 INFO o.a.j.t.JMeterThread: Stopping because end time detected by thread: S3 Reliability (150t) 3-121
2026-05-31 18:27:33,245 INFO o.a.j.t.JMeterThread: Thread finished: S3 Reliability (150t) 3-121
2026-05-31 18:27:33,337 INFO o.a.j.t.JMeterThread: Stopping because end time detected by thread: S3 Reliability (150t) 3-73
2026-05-31 18:27:33,337 INFO o.a.j.t.JMeterThread: Thread finished: S3 Reliability (150t) 3-73
2026-05-31 18:27:34,897 INFO o.a.j.t.JMeterThread: Stopping because end time detected by thread: S3 Reliability (150t) 3-10
2026-05-31 18:27:34,897 INFO o.a.j.t.JMeterThread: Thread finished: S3 Reliability (150t) 3-10
2026-05-31 18:27:34,898 INFO o.a.j.e.StandardJMeterEngine: Starting ThreadGroup: 4 : S4 Spike (300t)
2026-05-31 18:27:34,898 INFO o.a.j.e.StandardJMeterEngine: Starting 300 threads for group S4 Spike (300t).
2026-05-31 18:27:34,898 INFO o.a.j.e.StandardJMeterEngine: Thread will continue on error
2026-05-31 18:27:34,898 INFO o.a.j.t.ThreadGroup: Starting thread group... number=4 threads=300 ramp-up=5 delayedStart=false
2026-05-31 18:27:34,900 INFO o.a.j.t.JMeterThread: Thread started: S4 Spike (300t) 4-1
2026-05-31 18:27:34,919 INFO o.a.j.t.JMeterThread: Thread started: S4 Spike (300t) 4-2
2026-05-31 18:27:34,934 INFO o.a.j.t.ThreadGroup: Started thread group number 4
2026-05-31 18:27:34,934 INFO o.a.j.e.StandardJMeterEngine: Waiting for thread group: S4 Spike (300t) to finish before starting next group
2026-05-31 18:27:34,935 INFO o.a.j.t.JMeterThread: Thread started: S4 Spike (300t) 4-3
2026-05-31 18:27:34,954 INFO o.a.j.t.JMeterThread: Thread started: S4 Spike (300t) 4-4
2026-05-31 18:27:34,969 INFO o.a.j.t.JMeterThread: Thread started: S4 Spike (300t) 4-5
2026-05-31 18:27:34,986 INFO o.a.j.t.JMeterThread: Thread started: S4 Spike (300t) 4-6
2026-05-31 18:27:35,006 INFO o.a.j.t.JMeterThread: Thread started: S4 Spike (300t) 4-7
2026-05-31 18:27:35,023 INFO o.a.j.t.JMeterThread: Thread started: S4 Spike (300t) 4-8
2026-05-31 18:27:35,037 INFO o.a.j.t.JMeterThread: Thread started: S4 Spike (300t) 4-9
2026-05-31 18:27:35,058 INFO o.a.j.t.JMeterThread: Thread started: S4 Spike (300t) 4-10
2026-05-31 18:27:35,071 INFO o.a.j.t.JMeterThread: Thread started: S4 Spike (300t) 4-11
2026-05-31 18:27:35,087 INFO o.a.j.t.JMeterThread: Thread started: S4 Spike (300t) 4-12
2026-05-31 18:27:35,108 INFO o.a.j.t.JMeterThread: Thread started: S4 Spike (300t) 4-13
2026-05-31 18:27:35,122 INFO o.a.j.t.JMeterThread: Thread started: S4 Spike (300t) 4-14
2026-05-31 18:27:35,138 INFO o.a.j.t.JMeterThread: Thread started: S4 Spike (300t) 4-15
2026-05-31 18:27:35,158 INFO o.a.j.t.JMeterThread: Thread started: S4 Spike (300t) 4-16
2026-05-31 18:27:35,172 INFO o.a.j.t.JMeterThread: Thread started: S4 Spike (300t) 4-17
2026-05-31 18:27:35,191 INFO o.a.j.t.JMeterThread: Thread started: S4 Spike (300t) 4-18
2026-05-31 18:27:35,209 INFO o.a.j.t.JMeterThread: Thread started: S4 Spike (300t) 4-19
2026-05-31 18:27:35,225 INFO o.a.j.t.JMeterThread: Thread started: S4 Spike (300t) 4-20
2026-05-31 18:27:35,243 INFO o.a.j.t.JMeterThread: Thread started: S4 Spike (300t) 4-21
2026-05-31 18:27:35,263 INFO o.a.j.t.JMeterThread: Thread started: S4 Spike (300t) 4-22
2026-05-31 18:27:35,280 INFO o.a.j.t.JMeterThread: Thread started: S4 Spike (300t) 4-23
2026-05-31 18:27:35,292 INFO o.a.j.t.JMeterThread: Thread started: S4 Spike (300t) 4-24
2026-05-31 18:27:35,309 INFO o.a.j.t.JMeterThread: Thread started: S4 Spike (300t) 4-25
2026-05-31 18:27:35,325 INFO o.a.j.t.JMeterThread: Thread started: S4 Spike (300t) 4-26
2026-05-31 18:27:35,344 INFO o.a.j.t.JMeterThread: Thread started: S4 Spike (300t) 4-27
2026-05-31 18:27:35,361 INFO o.a.j.t.JMeterThread: Thread started: S4 Spike (300t) 4-28
2026-05-31 18:27:35,380 INFO o.a.j.t.JMeterThread: Thread started: S4 Spike (300t) 4-29
2026-05-31 18:27:35,395 INFO o.a.j.t.JMeterThread: Thread started: S4 Spike (300t) 4-30
2026-05-31 18:27:35,415 INFO o.a.j.t.JMeterThread: Thread started: S4 Spike (300t) 4-31
2026-05-31 18:27:35,431 INFO o.a.j.t.JMeterThread: Thread started: S4 Spike (300t) 4-32
2026-05-31 18:27:35,443 INFO o.a.j.t.JMeterThread: Thread started: S4 Spike (300t) 4-33
2026-05-31 18:27:35,464 INFO o.a.j.t.JMeterThread: Thread started: S4 Spike (300t) 4-34
2026-05-31 18:27:35,484 INFO o.a.j.t.JMeterThread: Thread started: S4 Spike (300t) 4-35
2026-05-31 18:27:35,500 INFO o.a.j.t.JMeterThread: Thread started: S4 Spike (300t) 4-36
2026-05-31 18:27:35,517 INFO o.a.j.t.JMeterThread: Thread started: S4 Spike (300t) 4-37
2026-05-31 18:27:35,533 INFO o.a.j.t.JMeterThread: Thread started: S4 Spike (300t) 4-38
2026-05-31 18:27:35,546 INFO o.a.j.t.JMeterThread: Thread started: S4 Spike (300t) 4-39
2026-05-31 18:27:35,566 INFO o.a.j.t.JMeterThread: Thread started: S4 Spike (300t) 4-40
2026-05-31 18:27:35,584 INFO o.a.j.t.JMeterThread: Thread started: S4 Spike (300t) 4-41
2026-05-31 18:27:35,600 INFO o.a.j.t.JMeterThread: Thread started: S4 Spike (300t) 4-42
2026-05-31 18:27:35,618 INFO o.a.j.t.JMeterThread: Thread started: S4 Spike (300t) 4-43
2026-05-31 18:27:35,635 INFO o.a.j.t.JMeterThread: Thread started: S4 Spike (300t) 4-44
2026-05-31 18:27:35,654 INFO o.a.j.t.JMeterThread: Thread started: S4 Spike (300t) 4-45
2026-05-31 18:27:35,668 INFO o.a.j.t.JMeterThread: Thread started: S4 Spike (300t) 4-46
2026-05-31 18:27:35,686 INFO o.a.j.t.JMeterThread: Thread started: S4 Spike (300t) 4-47
2026-05-31 18:27:35,701 INFO o.a.j.t.JMeterThread: Thread started: S4 Spike (300t) 4-48
2026-05-31 18:27:35,722 INFO o.a.j.t.JMeterThread: Thread started: S4 Spike (300t) 4-49
2026-05-31 18:27:35,745 INFO o.a.j.t.JMeterThread: Thread started: S4 Spike (300t) 4-50
2026-05-31 18:27:35,753 INFO o.a.j.t.JMeterThread: Thread started: S4 Spike (300t) 4-51
2026-05-31 18:27:35,770 INFO o.a.j.t.JMeterThread: Thread started: S4 Spike (300t) 4-52
2026-05-31 18:27:35,787 INFO o.a.j.t.JMeterThread: Thread started: S4 Spike (300t) 4-53
2026-05-31 18:27:35,800 INFO o.a.j.t.JMeterThread: Thread started: S4 Spike (300t) 4-54
2026-05-31 18:27:35,819 INFO o.a.j.t.JMeterThread: Thread started: S4 Spike (300t) 4-55
2026-05-31 18:27:35,836 INFO o.a.j.t.JMeterThread: Thread started: S4 Spike (300t) 4-56
2026-05-31 18:27:35,858 INFO o.a.j.t.JMeterThread: Thread started: S4 Spike (300t) 4-57
2026-05-31 18:27:35,871 INFO o.a.j.t.JMeterThread: Thread started: S4 Spike (300t) 4-58
2026-05-31 18:27:35,889 INFO o.a.j.t.JMeterThread: Thread started: S4 Spike (300t) 4-59
2026-05-31 18:27:35,906 INFO o.a.j.t.JMeterThread: Thread started: S4 Spike (300t) 4-60
2026-05-31 18:27:35,926 INFO o.a.j.t.JMeterThread: Thread started: S4 Spike (300t) 4-61
2026-05-31 18:27:35,945 INFO o.a.j.t.JMeterThread: Thread started: S4 Spike (300t) 4-62
2026-05-31 18:27:35,970 INFO o.a.j.t.JMeterThread: Thread started: S4 Spike (300t) 4-63
2026-05-31 18:27:35,974 INFO o.a.j.t.JMeterThread: Thread started: S4 Spike (300t) 4-64
2026-05-31 18:27:35,992 INFO o.a.j.t.JMeterThread: Thread started: S4 Spike (300t) 4-65
2026-05-31 18:27:36,005 INFO o.a.j.t.JMeterThread: Thread started: S4 Spike (300t) 4-66
2026-05-31 18:27:36,021 INFO o.a.j.t.JMeterThread: Thread started: S4 Spike (300t) 4-67
2026-05-31 18:27:36,042 INFO o.a.j.t.JMeterThread: Thread started: S4 Spike (300t) 4-68
2026-05-31 18:27:36,059 INFO o.a.j.t.JMeterThread: Thread started: S4 Spike (300t) 4-69
2026-05-31 18:27:36,076 INFO o.a.j.t.JMeterThread: Thread started: S4 Spike (300t) 4-70
2026-05-31 18:27:36,093 INFO o.a.j.t.JMeterThread: Thread started: S4 Spike (300t) 4-71
2026-05-31 18:27:36,106 INFO o.a.j.t.JMeterThread: Thread started: S4 Spike (300t) 4-72
2026-05-31 18:27:36,126 INFO o.a.j.t.JMeterThread: Thread started: S4 Spike (300t) 4-73
2026-05-31 18:27:36,143 INFO o.a.j.t.JMeterThread: Thread started: S4 Spike (300t) 4-74
2026-05-31 18:27:36,160 INFO o.a.j.t.JMeterThread: Thread started: S4 Spike (300t) 4-75
2026-05-31 18:27:36,179 INFO o.a.j.t.JMeterThread: Thread started: S4 Spike (300t) 4-76
2026-05-31 18:27:36,194 INFO o.a.j.t.JMeterThread: Thread started: S4 Spike (300t) 4-77
2026-05-31 18:27:36,211 INFO o.a.j.t.JMeterThread: Thread started: S4 Spike (300t) 4-78
2026-05-31 18:27:36,228 INFO o.a.j.t.JMeterThread: Thread started: S4 Spike (300t) 4-79
2026-05-31 18:27:36,245 INFO o.a.j.t.JMeterThread: Thread started: S4 Spike (300t) 4-80
2026-05-31 18:27:36,259 INFO o.a.j.t.JMeterThread: Thread started: S4 Spike (300t) 4-81
2026-05-31 18:27:36,280 INFO o.a.j.t.JMeterThread: Thread started: S4 Spike (300t) 4-82
2026-05-31 18:27:36,297 INFO o.a.j.t.JMeterThread: Thread started: S4 Spike (300t) 4-83
2026-05-31 18:27:36,314 INFO o.a.j.t.JMeterThread: Thread started: S4 Spike (300t) 4-84
2026-05-31 18:27:36,327 INFO o.a.j.t.JMeterThread: Thread started: S4 Spike (300t) 4-85
2026-05-31 18:27:36,350 INFO o.a.j.t.JMeterThread: Thread started: S4 Spike (300t) 4-86
2026-05-31 18:27:36,366 INFO o.a.j.t.JMeterThread: Thread started: S4 Spike (300t) 4-87
2026-05-31 18:27:36,385 INFO o.a.j.t.JMeterThread: Thread started: S4 Spike (300t) 4-88
2026-05-31 18:27:36,401 INFO o.a.j.t.JMeterThread: Thread started: S4 Spike (300t) 4-89
2026-05-31 18:27:36,417 INFO o.a.j.t.JMeterThread: Thread started: S4 Spike (300t) 4-90
2026-05-31 18:27:36,434 INFO o.a.j.t.JMeterThread: Thread started: S4 Spike (300t) 4-91
2026-05-31 18:27:36,446 INFO o.a.j.t.JMeterThread: Thread started: S4 Spike (300t) 4-92
2026-05-31 18:27:36,468 INFO o.a.j.t.JMeterThread: Thread started: S4 Spike (300t) 4-93
2026-05-31 18:27:36,485 INFO o.a.j.t.JMeterThread: Thread started: S4 Spike (300t) 4-94
2026-05-31 18:27:36,501 INFO o.a.j.t.JMeterThread: Thread started: S4 Spike (300t) 4-95
2026-05-31 18:27:36,515 INFO o.a.j.t.JMeterThread: Thread started: S4 Spike (300t) 4-96
2026-05-31 18:27:36,536 INFO o.a.j.t.JMeterThread: Thread started: S4 Spike (300t) 4-97
2026-05-31 18:27:36,551 INFO o.a.j.t.JMeterThread: Thread started: S4 Spike (300t) 4-98
2026-05-31 18:27:36,570 INFO o.a.j.t.JMeterThread: Thread started: S4 Spike (300t) 4-99
2026-05-31 18:27:36,589 INFO o.a.j.t.JMeterThread: Thread started: S4 Spike (300t) 4-100
2026-05-31 18:27:36,604 INFO o.a.j.t.JMeterThread: Thread started: S4 Spike (300t) 4-101
2026-05-31 18:27:36,620 INFO o.a.j.t.JMeterThread: Thread started: S4 Spike (300t) 4-102
2026-05-31 18:27:36,637 INFO o.a.j.t.JMeterThread: Thread started: S4 Spike (300t) 4-103
2026-05-31 18:27:36,653 INFO o.a.j.t.JMeterThread: Thread started: S4 Spike (300t) 4-104
2026-05-31 18:27:36,671 INFO o.a.j.t.JMeterThread: Thread started: S4 Spike (300t) 4-105
2026-05-31 18:27:36,691 INFO o.a.j.t.JMeterThread: Thread started: S4 Spike (300t) 4-106
2026-05-31 18:27:36,705 INFO o.a.j.t.JMeterThread: Thread started: S4 Spike (300t) 4-107
2026-05-31 18:27:36,722 INFO o.a.j.t.JMeterThread: Thread started: S4 Spike (300t) 4-108
2026-05-31 18:27:36,743 INFO o.a.j.t.JMeterThread: Thread started: S4 Spike (300t) 4-109
2026-05-31 18:27:36,760 INFO o.a.j.t.JMeterThread: Thread started: S4 Spike (300t) 4-110
2026-05-31 18:27:36,773 INFO o.a.j.t.JMeterThread: Thread started: S4 Spike (300t) 4-111
2026-05-31 18:27:36,789 INFO o.a.j.t.JMeterThread: Thread started: S4 Spike (300t) 4-112
2026-05-31 18:27:36,806 INFO o.a.j.t.JMeterThread: Thread started: S4 Spike (300t) 4-113
2026-05-31 18:27:36,824 INFO o.a.j.t.JMeterThread: Thread started: S4 Spike (300t) 4-114
2026-05-31 18:27:36,841 INFO o.a.j.t.JMeterThread: Thread started: S4 Spike (300t) 4-115
2026-05-31 18:27:36,858 INFO o.a.j.t.JMeterThread: Thread started: S4 Spike (300t) 4-116
2026-05-31 18:27:36,875 INFO o.a.j.t.JMeterThread: Thread started: S4 Spike (300t) 4-117
2026-05-31 18:27:36,891 INFO o.a.j.t.JMeterThread: Thread started: S4 Spike (300t) 4-118
2026-05-31 18:27:36,908 INFO o.a.j.t.JMeterThread: Thread started: S4 Spike (300t) 4-119
2026-05-31 18:27:36,928 INFO o.a.j.t.JMeterThread: Thread started: S4 Spike (300t) 4-120
2026-05-31 18:27:36,939 INFO o.a.j.t.JMeterThread: Thread started: S4 Spike (300t) 4-121
2026-05-31 18:27:36,959 INFO o.a.j.t.JMeterThread: Thread started: S4 Spike (300t) 4-122
2026-05-31 18:27:36,982 INFO o.a.j.t.JMeterThread: Thread started: S4 Spike (300t) 4-123
2026-05-31 18:27:36,993 INFO o.a.j.t.JMeterThread: Thread started: S4 Spike (300t) 4-124
2026-05-31 18:27:37,007 INFO o.a.j.t.JMeterThread: Thread started: S4 Spike (300t) 4-125
2026-05-31 18:27:37,027 INFO o.a.j.t.JMeterThread: Thread started: S4 Spike (300t) 4-126
2026-05-31 18:27:37,044 INFO o.a.j.t.JMeterThread: Thread started: S4 Spike (300t) 4-127
2026-05-31 18:27:37,061 INFO o.a.j.t.JMeterThread: Thread started: S4 Spike (300t) 4-128
2026-05-31 18:27:37,078 INFO o.a.j.t.JMeterThread: Thread started: S4 Spike (300t) 4-129
2026-05-31 18:27:37,095 INFO o.a.j.t.JMeterThread: Thread started: S4 Spike (300t) 4-130
2026-05-31 18:27:37,112 INFO o.a.j.t.JMeterThread: Thread started: S4 Spike (300t) 4-131
2026-05-31 18:27:37,129 INFO o.a.j.t.JMeterThread: Thread started: S4 Spike (300t) 4-132
2026-05-31 18:27:37,146 INFO o.a.j.t.JMeterThread: Thread started: S4 Spike (300t) 4-133
2026-05-31 18:27:37,166 INFO o.a.j.t.JMeterThread: Thread started: S4 Spike (300t) 4-134
2026-05-31 18:27:37,176 INFO o.a.j.t.JMeterThread: Thread started: S4 Spike (300t) 4-135
2026-05-31 18:27:37,197 INFO o.a.j.t.JMeterThread: Thread started: S4 Spike (300t) 4-136
2026-05-31 18:27:37,214 INFO o.a.j.t.JMeterThread: Thread started: S4 Spike (300t) 4-137
2026-05-31 18:27:37,231 INFO o.a.j.t.JMeterThread: Thread started: S4 Spike (300t) 4-138
2026-05-31 18:27:37,249 INFO o.a.j.t.JMeterThread: Thread started: S4 Spike (300t) 4-139
2026-05-31 18:27:37,265 INFO o.a.j.t.JMeterThread: Thread started: S4 Spike (300t) 4-140
2026-05-31 18:27:37,282 INFO o.a.j.t.JMeterThread: Thread started: S4 Spike (300t) 4-141
2026-05-31 18:27:37,299 INFO o.a.j.t.JMeterThread: Thread started: S4 Spike (300t) 4-142
2026-05-31 18:27:37,317 INFO o.a.j.t.JMeterThread: Thread started: S4 Spike (300t) 4-143
2026-05-31 18:27:37,330 INFO o.a.j.t.JMeterThread: Thread started: S4 Spike (300t) 4-144
2026-05-31 18:27:37,350 INFO o.a.j.t.JMeterThread: Thread started: S4 Spike (300t) 4-145
2026-05-31 18:27:37,365 INFO o.a.j.t.JMeterThread: Thread started: S4 Spike (300t) 4-146
2026-05-31 18:27:37,384 INFO o.a.j.t.JMeterThread: Thread started: S4 Spike (300t) 4-147
2026-05-31 18:27:37,400 INFO o.a.j.t.JMeterThread: Thread started: S4 Spike (300t) 4-148
2026-05-31 18:27:37,417 INFO o.a.j.t.JMeterThread: Thread started: S4 Spike (300t) 4-149
2026-05-31 18:27:37,435 INFO o.a.j.t.JMeterThread: Thread started: S4 Spike (300t) 4-150
2026-05-31 18:27:37,451 INFO o.a.j.t.JMeterThread: Thread started: S4 Spike (300t) 4-151
2026-05-31 18:27:37,468 INFO o.a.j.t.JMeterThread: Thread started: S4 Spike (300t) 4-152
2026-05-31 18:27:37,486 INFO o.a.j.t.JMeterThread: Thread started: S4 Spike (300t) 4-153
2026-05-31 18:27:37,503 INFO o.a.j.t.JMeterThread: Thread started: S4 Spike (300t) 4-154
2026-05-31 18:27:37,520 INFO o.a.j.t.JMeterThread: Thread started: S4 Spike (300t) 4-155
2026-05-31 18:27:37,534 INFO o.a.j.t.JMeterThread: Thread started: S4 Spike (300t) 4-156
2026-05-31 18:27:37,553 INFO o.a.j.t.JMeterThread: Thread started: S4 Spike (300t) 4-157
2026-05-31 18:27:37,567 INFO o.a.j.t.JMeterThread: Thread started: S4 Spike (300t) 4-158
2026-05-31 18:27:37,587 INFO o.a.j.t.JMeterThread: Thread started: S4 Spike (300t) 4-159
2026-05-31 18:27:37,604 INFO o.a.j.t.JMeterThread: Thread started: S4 Spike (300t) 4-160
2026-05-31 18:27:37,619 INFO o.a.j.t.JMeterThread: Thread started: S4 Spike (300t) 4-161
2026-05-31 18:27:37,638 INFO o.a.j.t.JMeterThread: Thread started: S4 Spike (300t) 4-162
2026-05-31 18:27:37,656 INFO o.a.j.t.JMeterThread: Thread started: S4 Spike (300t) 4-163
2026-05-31 18:27:37,673 INFO o.a.j.t.JMeterThread: Thread started: S4 Spike (300t) 4-164
2026-05-31 18:27:37,690 INFO o.a.j.t.JMeterThread: Thread started: S4 Spike (300t) 4-165
2026-05-31 18:27:37,709 INFO o.a.j.t.JMeterThread: Thread started: S4 Spike (300t) 4-166
2026-05-31 18:27:37,724 INFO o.a.j.t.JMeterThread: Thread started: S4 Spike (300t) 4-167
2026-05-31 18:27:37,743 INFO o.a.j.t.JMeterThread: Thread started: S4 Spike (300t) 4-168
2026-05-31 18:27:37,754 INFO o.a.j.t.JMeterThread: Thread started: S4 Spike (300t) 4-169
2026-05-31 18:27:37,776 INFO o.a.j.t.JMeterThread: Thread started: S4 Spike (300t) 4-170
2026-05-31 18:27:37,791 INFO o.a.j.t.JMeterThread: Thread started: S4 Spike (300t) 4-171
2026-05-31 18:27:37,812 INFO o.a.j.t.JMeterThread: Thread started: S4 Spike (300t) 4-172
2026-05-31 18:27:37,825 INFO o.a.j.t.JMeterThread: Thread started: S4 Spike (300t) 4-173
2026-05-31 18:27:37,842 INFO o.a.j.t.JMeterThread: Thread started: S4 Spike (300t) 4-174
2026-05-31 18:27:37,859 INFO o.a.j.t.JMeterThread: Thread started: S4 Spike (300t) 4-175
2026-05-31 18:27:37,879 INFO o.a.j.t.JMeterThread: Thread started: S4 Spike (300t) 4-176
2026-05-31 18:27:37,894 INFO o.a.j.t.JMeterThread: Thread started: S4 Spike (300t) 4-177
2026-05-31 18:27:37,910 INFO o.a.j.t.JMeterThread: Thread started: S4 Spike (300t) 4-178
2026-05-31 18:27:37,927 INFO o.a.j.t.JMeterThread: Thread started: S4 Spike (300t) 4-179
2026-05-31 18:27:37,944 INFO o.a.j.t.JMeterThread: Thread started: S4 Spike (300t) 4-180
2026-05-31 18:27:37,961 INFO o.a.j.t.JMeterThread: Thread started: S4 Spike (300t) 4-181
2026-05-31 18:27:37,978 INFO o.a.j.t.JMeterThread: Thread started: S4 Spike (300t) 4-182
2026-05-31 18:27:37,995 INFO o.a.j.t.JMeterThread: Thread started: S4 Spike (300t) 4-183
2026-05-31 18:27:38,012 INFO o.a.j.t.JMeterThread: Thread started: S4 Spike (300t) 4-184
2026-05-31 18:27:38,029 INFO o.a.j.t.JMeterThread: Thread started: S4 Spike (300t) 4-185
2026-05-31 18:27:38,048 INFO o.a.j.t.JMeterThread: Thread started: S4 Spike (300t) 4-186
2026-05-31 18:27:38,064 INFO o.a.j.t.JMeterThread: Thread started: S4 Spike (300t) 4-187
2026-05-31 18:27:38,081 INFO o.a.j.t.JMeterThread: Thread started: S4 Spike (300t) 4-188
2026-05-31 18:27:38,097 INFO o.a.j.t.JMeterThread: Thread started: S4 Spike (300t) 4-189
2026-05-31 18:27:38,114 INFO o.a.j.t.JMeterThread: Thread started: S4 Spike (300t) 4-190
2026-05-31 18:27:38,131 INFO o.a.j.t.JMeterThread: Thread started: S4 Spike (300t) 4-191
2026-05-31 18:27:38,148 INFO o.a.j.t.JMeterThread: Thread started: S4 Spike (300t) 4-192
2026-05-31 18:27:38,166 INFO o.a.j.t.JMeterThread: Thread started: S4 Spike (300t) 4-193
2026-05-31 18:27:38,186 INFO o.a.j.t.JMeterThread: Thread started: S4 Spike (300t) 4-194
2026-05-31 18:27:38,199 INFO o.a.j.t.JMeterThread: Thread started: S4 Spike (300t) 4-195
2026-05-31 18:27:38,216 INFO o.a.j.t.JMeterThread: Thread started: S4 Spike (300t) 4-196
2026-05-31 18:27:38,234 INFO o.a.j.t.JMeterThread: Thread started: S4 Spike (300t) 4-197
2026-05-31 18:27:38,251 INFO o.a.j.t.JMeterThread: Thread started: S4 Spike (300t) 4-198
2026-05-31 18:27:38,264 INFO o.a.j.t.JMeterThread: Thread started: S4 Spike (300t) 4-199
2026-05-31 18:27:38,285 INFO o.a.j.t.JMeterThread: Thread started: S4 Spike (300t) 4-200
2026-05-31 18:27:38,302 INFO o.a.j.t.JMeterThread: Thread started: S4 Spike (300t) 4-201
2026-05-31 18:27:38,315 INFO o.a.j.t.JMeterThread: Thread started: S4 Spike (300t) 4-202
2026-05-31 18:27:38,337 INFO o.a.j.t.JMeterThread: Thread started: S4 Spike (300t) 4-203
2026-05-31 18:27:38,349 INFO o.a.j.t.JMeterThread: Thread started: S4 Spike (300t) 4-204
2026-05-31 18:27:38,369 INFO o.a.j.t.JMeterThread: Thread started: S4 Spike (300t) 4-205
2026-05-31 18:27:38,385 INFO o.a.j.t.JMeterThread: Thread started: S4 Spike (300t) 4-206
2026-05-31 18:27:38,402 INFO o.a.j.t.JMeterThread: Thread started: S4 Spike (300t) 4-207
2026-05-31 18:27:38,420 INFO o.a.j.t.JMeterThread: Thread started: S4 Spike (300t) 4-208
2026-05-31 18:27:38,437 INFO o.a.j.t.JMeterThread: Thread started: S4 Spike (300t) 4-209
2026-05-31 18:27:38,454 INFO o.a.j.t.JMeterThread: Thread started: S4 Spike (300t) 4-210
2026-05-31 18:27:38,472 INFO o.a.j.t.JMeterThread: Thread started: S4 Spike (300t) 4-211
2026-05-31 18:27:38,486 INFO o.a.j.t.JMeterThread: Thread started: S4 Spike (300t) 4-212
2026-05-31 18:27:38,506 INFO o.a.j.t.JMeterThread: Thread started: S4 Spike (300t) 4-213
2026-05-31 18:27:38,523 INFO o.a.j.t.JMeterThread: Thread started: S4 Spike (300t) 4-214
2026-05-31 18:27:38,539 INFO o.a.j.t.JMeterThread: Thread started: S4 Spike (300t) 4-215
2026-05-31 18:27:38,557 INFO o.a.j.t.JMeterThread: Thread started: S4 Spike (300t) 4-216
2026-05-31 18:27:38,572 INFO o.a.j.t.JMeterThread: Thread started: S4 Spike (300t) 4-217
2026-05-31 18:27:38,591 INFO o.a.j.t.JMeterThread: Thread started: S4 Spike (300t) 4-218
2026-05-31 18:27:38,607 INFO o.a.j.t.JMeterThread: Thread started: S4 Spike (300t) 4-219
2026-05-31 18:27:38,624 INFO o.a.j.t.JMeterThread: Thread started: S4 Spike (300t) 4-220
2026-05-31 18:27:38,640 INFO o.a.j.t.JMeterThread: Thread started: S4 Spike (300t) 4-221
2026-05-31 18:27:38,658 INFO o.a.j.t.JMeterThread: Thread started: S4 Spike (300t) 4-222
2026-05-31 18:27:38,675 INFO o.a.j.t.JMeterThread: Thread started: S4 Spike (300t) 4-223
2026-05-31 18:27:38,692 INFO o.a.j.t.JMeterThread: Thread started: S4 Spike (300t) 4-224
2026-05-31 18:27:38,706 INFO o.a.j.t.JMeterThread: Thread started: S4 Spike (300t) 4-225
2026-05-31 18:27:38,725 INFO o.a.j.t.JMeterThread: Thread started: S4 Spike (300t) 4-226
2026-05-31 18:27:38,743 INFO o.a.j.t.JMeterThread: Thread started: S4 Spike (300t) 4-227
2026-05-31 18:27:38,759 INFO o.a.j.t.JMeterThread: Thread started: S4 Spike (300t) 4-228
2026-05-31 18:27:38,777 INFO o.a.j.t.JMeterThread: Thread started: S4 Spike (300t) 4-229
2026-05-31 18:27:38,793 INFO o.a.j.t.JMeterThread: Thread started: S4 Spike (300t) 4-230
2026-05-31 18:27:38,810 INFO o.a.j.t.JMeterThread: Thread started: S4 Spike (300t) 4-231
2026-05-31 18:27:38,832 INFO o.a.j.t.JMeterThread: Thread started: S4 Spike (300t) 4-232
2026-05-31 18:27:38,844 INFO o.a.j.t.JMeterThread: Thread started: S4 Spike (300t) 4-233
2026-05-31 18:27:38,859 INFO o.a.j.t.JMeterThread: Thread started: S4 Spike (300t) 4-234
2026-05-31 18:27:38,878 INFO o.a.j.t.JMeterThread: Thread started: S4 Spike (300t) 4-235
2026-05-31 18:27:38,895 INFO o.a.j.t.JMeterThread: Thread started: S4 Spike (300t) 4-236
2026-05-31 18:27:38,912 INFO o.a.j.t.JMeterThread: Thread started: S4 Spike (300t) 4-237
2026-05-31 18:27:38,931 INFO o.a.j.t.JMeterThread: Thread started: S4 Spike (300t) 4-238
2026-05-31 18:27:38,946 INFO o.a.j.t.JMeterThread: Thread started: S4 Spike (300t) 4-239
2026-05-31 18:27:38,961 INFO o.a.j.t.JMeterThread: Thread started: S4 Spike (300t) 4-240
2026-05-31 18:27:38,980 INFO o.a.j.t.JMeterThread: Thread started: S4 Spike (300t) 4-241
2026-05-31 18:27:38,998 INFO o.a.j.t.JMeterThread: Thread started: S4 Spike (300t) 4-242
2026-05-31 18:27:39,014 INFO o.a.j.t.JMeterThread: Thread started: S4 Spike (300t) 4-243
2026-05-31 18:27:39,032 INFO o.a.j.t.JMeterThread: Thread started: S4 Spike (300t) 4-244
2026-05-31 18:27:39,053 INFO o.a.j.t.JMeterThread: Thread started: S4 Spike (300t) 4-245
2026-05-31 18:27:39,065 INFO o.a.j.t.JMeterThread: Thread started: S4 Spike (300t) 4-246
2026-05-31 18:27:39,080 INFO o.a.j.t.JMeterThread: Thread started: S4 Spike (300t) 4-247
2026-05-31 18:27:39,099 INFO o.a.j.t.JMeterThread: Thread started: S4 Spike (300t) 4-248
2026-05-31 18:27:39,114 INFO o.a.j.t.JMeterThread: Thread started: S4 Spike (300t) 4-249
2026-05-31 18:27:39,134 INFO o.a.j.t.JMeterThread: Thread started: S4 Spike (300t) 4-250
2026-05-31 18:27:39,150 INFO o.a.j.t.JMeterThread: Thread started: S4 Spike (300t) 4-251
2026-05-31 18:27:39,167 INFO o.a.j.t.JMeterThread: Thread started: S4 Spike (300t) 4-252
2026-05-31 18:27:39,187 INFO o.a.j.t.JMeterThread: Thread started: S4 Spike (300t) 4-253
2026-05-31 18:27:39,200 INFO o.a.j.t.JMeterThread: Thread started: S4 Spike (300t) 4-254
2026-05-31 18:27:39,221 INFO o.a.j.t.JMeterThread: Thread started: S4 Spike (300t) 4-255
2026-05-31 18:27:39,235 INFO o.a.j.t.JMeterThread: Thread started: S4 Spike (300t) 4-256
2026-05-31 18:27:39,255 INFO o.a.j.t.JMeterThread: Thread started: S4 Spike (300t) 4-257
2026-05-31 18:27:39,269 INFO o.a.j.t.JMeterThread: Thread started: S4 Spike (300t) 4-258
2026-05-31 18:27:39,292 INFO o.a.j.t.JMeterThread: Thread started: S4 Spike (300t) 4-259
2026-05-31 18:27:39,303 INFO o.a.j.t.JMeterThread: Thread started: S4 Spike (300t) 4-260
2026-05-31 18:27:39,318 INFO o.a.j.t.JMeterThread: Thread started: S4 Spike (300t) 4-261
2026-05-31 18:27:39,337 INFO o.a.j.t.JMeterThread: Thread started: S4 Spike (300t) 4-262
2026-05-31 18:27:39,354 INFO o.a.j.t.JMeterThread: Thread started: S4 Spike (300t) 4-263
2026-05-31 18:27:39,372 INFO o.a.j.t.JMeterThread: Thread started: S4 Spike (300t) 4-264
2026-05-31 18:27:39,386 INFO o.a.j.t.JMeterThread: Thread started: S4 Spike (300t) 4-265
2026-05-31 18:27:39,406 INFO o.a.j.t.JMeterThread: Thread started: S4 Spike (300t) 4-266
2026-05-31 18:27:39,422 INFO o.a.j.t.JMeterThread: Thread started: S4 Spike (300t) 4-267
2026-05-31 18:27:39,440 INFO o.a.j.t.JMeterThread: Thread started: S4 Spike (300t) 4-268
2026-05-31 18:27:39,456 INFO o.a.j.t.JMeterThread: Thread started: S4 Spike (300t) 4-269
2026-05-31 18:27:39,473 INFO o.a.j.t.JMeterThread: Thread started: S4 Spike (300t) 4-270
2026-05-31 18:27:39,490 INFO o.a.j.t.JMeterThread: Thread started: S4 Spike (300t) 4-271
2026-05-31 18:27:39,508 INFO o.a.j.t.JMeterThread: Thread started: S4 Spike (300t) 4-272
2026-05-31 18:27:39,529 INFO o.a.j.t.JMeterThread: Thread started: S4 Spike (300t) 4-273
2026-05-31 18:27:39,542 INFO o.a.j.t.JMeterThread: Thread started: S4 Spike (300t) 4-274
2026-05-31 18:27:39,559 INFO o.a.j.t.JMeterThread: Thread started: S4 Spike (300t) 4-275
2026-05-31 18:27:39,576 INFO o.a.j.t.JMeterThread: Thread started: S4 Spike (300t) 4-276
2026-05-31 18:27:39,591 INFO o.a.j.t.JMeterThread: Thread started: S4 Spike (300t) 4-277
2026-05-31 18:27:39,610 INFO o.a.j.t.JMeterThread: Thread started: S4 Spike (300t) 4-278
2026-05-31 18:27:39,624 INFO o.a.j.t.JMeterThread: Thread started: S4 Spike (300t) 4-279
2026-05-31 18:27:39,644 INFO o.a.j.t.JMeterThread: Thread started: S4 Spike (300t) 4-280
2026-05-31 18:27:39,658 INFO o.a.j.t.JMeterThread: Thread started: S4 Spike (300t) 4-281
2026-05-31 18:27:39,682 INFO o.a.j.t.JMeterThread: Thread started: S4 Spike (300t) 4-282
2026-05-31 18:27:39,692 INFO o.a.j.t.JMeterThread: Thread started: S4 Spike (300t) 4-283
2026-05-31 18:27:39,709 INFO o.a.j.t.JMeterThread: Thread started: S4 Spike (300t) 4-284
2026-05-31 18:27:39,732 INFO o.a.j.t.JMeterThread: Thread started: S4 Spike (300t) 4-285
2026-05-31 18:27:39,750 INFO o.a.j.t.JMeterThread: Thread started: S4 Spike (300t) 4-286
2026-05-31 18:27:39,766 INFO o.a.j.t.JMeterThread: Thread started: S4 Spike (300t) 4-287
2026-05-31 18:27:39,783 INFO o.a.j.t.JMeterThread: Thread started: S4 Spike (300t) 4-288
2026-05-31 18:27:39,800 INFO o.a.j.t.JMeterThread: Thread started: S4 Spike (300t) 4-289
2026-05-31 18:27:39,817 INFO o.a.j.t.JMeterThread: Thread started: S4 Spike (300t) 4-290
2026-05-31 18:27:39,834 INFO o.a.j.t.JMeterThread: Thread started: S4 Spike (300t) 4-291
2026-05-31 18:27:39,851 INFO o.a.j.t.JMeterThread: Thread started: S4 Spike (300t) 4-292
2026-05-31 18:27:39,868 INFO o.a.j.t.JMeterThread: Thread started: S4 Spike (300t) 4-293
2026-05-31 18:27:39,885 INFO o.a.j.t.JMeterThread: Thread started: S4 Spike (300t) 4-294
2026-05-31 18:27:39,897 INFO o.a.j.t.JMeterThread: Thread started: S4 Spike (300t) 4-295
2026-05-31 18:27:39,919 INFO o.a.j.t.JMeterThread: Thread started: S4 Spike (300t) 4-296
2026-05-31 18:27:39,937 INFO o.a.j.t.JMeterThread: Thread started: S4 Spike (300t) 4-297
2026-05-31 18:27:39,954 INFO o.a.j.t.JMeterThread: Thread started: S4 Spike (300t) 4-298
2026-05-31 18:27:39,970 INFO o.a.j.t.JMeterThread: Thread started: S4 Spike (300t) 4-299
2026-05-31 18:27:39,984 INFO o.a.j.t.JMeterThread: Thread started: S4 Spike (300t) 4-300
2026-05-31 18:28:00,004 INFO o.a.j.r.Summariser: summary +  41254 in 00:00:30 = 1378.0/s Avg:   112 Min:     1 Max: 27363 Err: 10070 (24.41%) Active: 300 Started: 750 Finished: 450
2026-05-31 18:28:00,004 INFO o.a.j.r.Summariser: summary =  53553 in 00:17:47 =   50.2/s Avg:  2759 Min:     1 Max: 40582 Err: 10070 (18.80%)
2026-05-31 18:28:30,009 INFO o.a.j.r.Summariser: summary +  38135 in 00:00:30 = 1270.9/s Avg:   239 Min:     1 Max: 27421 Err: 36286 (95.15%) Active: 300 Started: 750 Finished: 450
2026-05-31 18:28:30,026 INFO o.a.j.r.Summariser: summary =  91688 in 00:18:17 =   83.6/s Avg:  1711 Min:     1 Max: 40582 Err: 46356 (50.56%)
2026-05-31 18:29:00,001 INFO o.a.j.r.Summariser: summary +  36944 in 00:00:30 = 1231.8/s Avg:   200 Min:     1 Max: 27378 Err: 36559 (98.96%) Active: 300 Started: 750 Finished: 450
2026-05-31 18:29:00,001 INFO o.a.j.r.Summariser: summary = 128632 in 00:18:47 =  114.2/s Avg:  1277 Min:     1 Max: 40582 Err: 82915 (64.46%)
2026-05-31 18:29:30,001 INFO o.a.j.r.Summariser: summary +  35848 in 00:00:30 = 1194.9/s Avg:   219 Min:     1 Max: 33229 Err: 35200 (98.19%) Active: 300 Started: 750 Finished: 450
2026-05-31 18:29:30,001 INFO o.a.j.r.Summariser: summary = 164480 in 00:19:17 =  142.2/s Avg:  1046 Min:     1 Max: 40582 Err: 118115 (71.81%)
2026-05-31 18:29:34,916 INFO o.a.j.t.JMeterThread: Stopping because end time detected by thread: S4 Spike (300t) 4-82
2026-05-31 18:29:34,916 INFO o.a.j.t.JMeterThread: Thread finished: S4 Spike (300t) 4-82
2026-05-31 18:29:34,916 INFO o.a.j.t.JMeterThread: Stopping because end time detected by thread: S4 Spike (300t) 4-8
2026-05-31 18:29:34,916 INFO o.a.j.t.JMeterThread: Thread finished: S4 Spike (300t) 4-8
2026-05-31 18:29:34,916 INFO o.a.j.t.JMeterThread: Stopping because end time detected by thread: S4 Spike (300t) 4-109
2026-05-31 18:29:34,917 INFO o.a.j.t.JMeterThread: Thread finished: S4 Spike (300t) 4-109
2026-05-31 18:29:34,917 INFO o.a.j.t.JMeterThread: Stopping because end time detected by thread: S4 Spike (300t) 4-67
2026-05-31 18:29:34,917 INFO o.a.j.t.JMeterThread: Thread finished: S4 Spike (300t) 4-67
2026-05-31 18:29:34,918 INFO o.a.j.t.JMeterThread: Stopping because end time detected by thread: S4 Spike (300t) 4-91
2026-05-31 18:29:34,918 INFO o.a.j.t.JMeterThread: Stopping because end time detected by thread: S4 Spike (300t) 4-114
2026-05-31 18:29:34,918 INFO o.a.j.t.JMeterThread: Thread finished: S4 Spike (300t) 4-91
2026-05-31 18:29:34,918 INFO o.a.j.t.JMeterThread: Thread finished: S4 Spike (300t) 4-114
2026-05-31 18:29:34,918 INFO o.a.j.t.JMeterThread: Stopping because end time detected by thread: S4 Spike (300t) 4-120
2026-05-31 18:29:34,919 INFO o.a.j.t.JMeterThread: Thread finished: S4 Spike (300t) 4-120
2026-05-31 18:29:34,919 INFO o.a.j.t.JMeterThread: Stopping because end time detected by thread: S4 Spike (300t) 4-106
2026-05-31 18:29:34,919 INFO o.a.j.t.JMeterThread: Thread finished: S4 Spike (300t) 4-106
2026-05-31 18:29:34,920 INFO o.a.j.t.JMeterThread: Stopping because end time detected by thread: S4 Spike (300t) 4-96
2026-05-31 18:29:34,920 INFO o.a.j.t.JMeterThread: Thread finished: S4 Spike (300t) 4-96
2026-05-31 18:29:34,920 INFO o.a.j.t.JMeterThread: Stopping because end time detected by thread: S4 Spike (300t) 4-138
2026-05-31 18:29:34,920 INFO o.a.j.t.JMeterThread: Thread finished: S4 Spike (300t) 4-138
2026-05-31 18:29:34,921 INFO o.a.j.t.JMeterThread: Stopping because end time detected by thread: S4 Spike (300t) 4-95
2026-05-31 18:29:34,921 INFO o.a.j.t.JMeterThread: Thread finished: S4 Spike (300t) 4-95
2026-05-31 18:29:34,923 INFO o.a.j.t.JMeterThread: Stopping because end time detected by thread: S4 Spike (300t) 4-2
2026-05-31 18:29:34,923 INFO o.a.j.t.JMeterThread: Stopping because end time detected by thread: S4 Spike (300t) 4-132
2026-05-31 18:29:34,923 INFO o.a.j.t.JMeterThread: Stopping because end time detected by thread: S4 Spike (300t) 4-161
2026-05-31 18:29:34,923 INFO o.a.j.t.JMeterThread: Stopping because end time detected by thread: S4 Spike (300t) 4-76
2026-05-31 18:29:34,923 INFO o.a.j.t.JMeterThread: Stopping because end time detected by thread: S4 Spike (300t) 4-100
2026-05-31 18:29:34,923 INFO o.a.j.t.JMeterThread: Stopping because end time detected by thread: S4 Spike (300t) 4-121
2026-05-31 18:29:34,923 INFO o.a.j.t.JMeterThread: Stopping because end time detected by thread: S4 Spike (300t) 4-122
2026-05-31 18:29:34,924 INFO o.a.j.t.JMeterThread: Thread finished: S4 Spike (300t) 4-122
2026-05-31 18:29:34,924 INFO o.a.j.t.JMeterThread: Thread finished: S4 Spike (300t) 4-121
2026-05-31 18:29:34,924 INFO o.a.j.t.JMeterThread: Thread finished: S4 Spike (300t) 4-132
2026-05-31 18:29:34,924 INFO o.a.j.t.JMeterThread: Thread finished: S4 Spike (300t) 4-100
2026-05-31 18:29:34,923 INFO o.a.j.t.JMeterThread: Thread finished: S4 Spike (300t) 4-76
2026-05-31 18:29:34,923 INFO o.a.j.t.JMeterThread: Thread finished: S4 Spike (300t) 4-2
2026-05-31 18:29:34,925 INFO o.a.j.t.JMeterThread: Thread finished: S4 Spike (300t) 4-161
2026-05-31 18:29:34,928 INFO o.a.j.t.JMeterThread: Stopping because end time detected by thread: S4 Spike (300t) 4-223
2026-05-31 18:29:34,928 INFO o.a.j.t.JMeterThread: Stopping because end time detected by thread: S4 Spike (300t) 4-197
2026-05-31 18:29:34,928 INFO o.a.j.t.JMeterThread: Stopping because end time detected by thread: S4 Spike (300t) 4-235
2026-05-31 18:29:34,928 INFO o.a.j.t.JMeterThread: Thread finished: S4 Spike (300t) 4-223
2026-05-31 18:29:34,928 INFO o.a.j.t.JMeterThread: Thread finished: S4 Spike (300t) 4-235
2026-05-31 18:29:34,928 INFO o.a.j.t.JMeterThread: Thread finished: S4 Spike (300t) 4-197
2026-05-31 18:29:34,928 INFO o.a.j.t.JMeterThread: Stopping because end time detected by thread: S4 Spike (300t) 4-230
2026-05-31 18:29:34,928 INFO o.a.j.t.JMeterThread: Stopping because end time detected by thread: S4 Spike (300t) 4-228
2026-05-31 18:29:34,928 INFO o.a.j.t.JMeterThread: Thread finished: S4 Spike (300t) 4-228
2026-05-31 18:29:34,928 INFO o.a.j.t.JMeterThread: Stopping because end time detected by thread: S4 Spike (300t) 4-201
2026-05-31 18:29:34,928 INFO o.a.j.t.JMeterThread: Thread finished: S4 Spike (300t) 4-230
2026-05-31 18:29:34,928 INFO o.a.j.t.JMeterThread: Thread finished: S4 Spike (300t) 4-201
2026-05-31 18:29:34,934 INFO o.a.j.t.JMeterThread: Stopping because end time detected by thread: S4 Spike (300t) 4-294
2026-05-31 18:29:34,934 INFO o.a.j.t.JMeterThread: Thread finished: S4 Spike (300t) 4-294
2026-05-31 18:29:34,934 INFO o.a.j.t.JMeterThread: Stopping because end time detected by thread: S4 Spike (300t) 4-296
2026-05-31 18:29:34,934 INFO o.a.j.t.JMeterThread: Stopping because end time detected by thread: S4 Spike (300t) 4-283
2026-05-31 18:29:34,934 INFO o.a.j.t.JMeterThread: Thread finished: S4 Spike (300t) 4-283
2026-05-31 18:29:34,934 INFO o.a.j.t.JMeterThread: Stopping because end time detected by thread: S4 Spike (300t) 4-281
2026-05-31 18:29:34,934 INFO o.a.j.t.JMeterThread: Thread finished: S4 Spike (300t) 4-296
2026-05-31 18:29:34,934 INFO o.a.j.t.JMeterThread: Thread finished: S4 Spike (300t) 4-281
2026-05-31 18:29:34,935 INFO o.a.j.t.JMeterThread: Stopping because end time detected by thread: S4 Spike (300t) 4-193
2026-05-31 18:29:34,935 INFO o.a.j.t.JMeterThread: Thread finished: S4 Spike (300t) 4-193
2026-05-31 18:29:34,936 INFO o.a.j.t.JMeterThread: Stopping because end time detected by thread: S4 Spike (300t) 4-189
2026-05-31 18:29:34,936 INFO o.a.j.t.JMeterThread: Stopping because end time detected by thread: S4 Spike (300t) 4-221
2026-05-31 18:29:34,936 INFO o.a.j.t.JMeterThread: Stopping because end time detected by thread: S4 Spike (300t) 4-295
2026-05-31 18:29:34,936 INFO o.a.j.t.JMeterThread: Thread finished: S4 Spike (300t) 4-295
2026-05-31 18:29:34,936 INFO o.a.j.t.JMeterThread: Thread finished: S4 Spike (300t) 4-189
2026-05-31 18:29:34,936 INFO o.a.j.t.JMeterThread: Thread finished: S4 Spike (300t) 4-221
2026-05-31 18:29:34,936 INFO o.a.j.t.JMeterThread: Stopping because end time detected by thread: S4 Spike (300t) 4-259
2026-05-31 18:29:34,936 INFO o.a.j.t.JMeterThread: Thread finished: S4 Spike (300t) 4-259
2026-05-31 18:29:34,938 INFO o.a.j.t.JMeterThread: Stopping because end time detected by thread: S4 Spike (300t) 4-258
2026-05-31 18:29:34,938 INFO o.a.j.t.JMeterThread: Stopping because end time detected by thread: S4 Spike (300t) 4-260
2026-05-31 18:29:34,938 INFO o.a.j.t.JMeterThread: Thread finished: S4 Spike (300t) 4-258
2026-05-31 18:29:34,938 INFO o.a.j.t.JMeterThread: Thread finished: S4 Spike (300t) 4-260
2026-05-31 18:29:34,945 INFO o.a.j.t.JMeterThread: Stopping because end time detected by thread: S4 Spike (300t) 4-241
2026-05-31 18:29:34,945 INFO o.a.j.t.JMeterThread: Thread finished: S4 Spike (300t) 4-241
2026-05-31 18:29:34,961 INFO o.a.j.t.JMeterThread: Stopping because end time detected by thread: S4 Spike (300t) 4-271
2026-05-31 18:29:34,961 INFO o.a.j.t.JMeterThread: Thread finished: S4 Spike (300t) 4-271
2026-05-31 18:29:35,002 INFO o.a.j.t.JMeterThread: Stopping because end time detected by thread: S4 Spike (300t) 4-61
2026-05-31 18:29:35,002 INFO o.a.j.t.JMeterThread: Thread finished: S4 Spike (300t) 4-61
2026-05-31 18:29:35,003 INFO o.a.j.t.JMeterThread: Stopping because end time detected by thread: S4 Spike (300t) 4-87
2026-05-31 18:29:35,003 INFO o.a.j.t.JMeterThread: Thread finished: S4 Spike (300t) 4-87
2026-05-31 18:29:35,008 INFO o.a.j.t.JMeterThread: Stopping because end time detected by thread: S4 Spike (300t) 4-250
2026-05-31 18:29:35,008 INFO o.a.j.t.JMeterThread: Thread finished: S4 Spike (300t) 4-250
2026-05-31 18:29:35,202 INFO o.a.j.t.JMeterThread: Stopping because end time detected by thread: S4 Spike (300t) 4-191
2026-05-31 18:29:35,202 INFO o.a.j.t.JMeterThread: Thread finished: S4 Spike (300t) 4-191
2026-05-31 18:29:35,237 INFO o.a.j.t.JMeterThread: Stopping because end time detected by thread: S4 Spike (300t) 4-35
2026-05-31 18:29:35,237 INFO o.a.j.t.JMeterThread: Thread finished: S4 Spike (300t) 4-35
2026-05-31 18:29:35,388 INFO o.a.j.t.JMeterThread: Stopping because end time detected by thread: S4 Spike (300t) 4-284
2026-05-31 18:29:35,389 INFO o.a.j.t.JMeterThread: Thread finished: S4 Spike (300t) 4-284
2026-05-31 18:29:35,428 INFO o.a.j.t.JMeterThread: Stopping because end time detected by thread: S4 Spike (300t) 4-133
2026-05-31 18:29:35,428 INFO o.a.j.t.JMeterThread: Thread finished: S4 Spike (300t) 4-133
2026-05-31 18:29:35,510 INFO o.a.j.t.JMeterThread: Stopping because end time detected by thread: S4 Spike (300t) 4-184
2026-05-31 18:29:35,510 INFO o.a.j.t.JMeterThread: Thread finished: S4 Spike (300t) 4-184
2026-05-31 18:29:35,514 INFO o.a.j.t.JMeterThread: Stopping because end time detected by thread: S4 Spike (300t) 4-79
2026-05-31 18:29:35,514 INFO o.a.j.t.JMeterThread: Thread finished: S4 Spike (300t) 4-79
2026-05-31 18:29:35,520 INFO o.a.j.t.JMeterThread: Stopping because end time detected by thread: S4 Spike (300t) 4-58
2026-05-31 18:29:35,520 INFO o.a.j.t.JMeterThread: Thread finished: S4 Spike (300t) 4-58
2026-05-31 18:29:35,841 INFO o.a.j.t.JMeterThread: Stopping because end time detected by thread: S4 Spike (300t) 4-44
2026-05-31 18:29:35,841 INFO o.a.j.t.JMeterThread: Thread finished: S4 Spike (300t) 4-44
2026-05-31 18:29:35,847 INFO o.a.j.t.JMeterThread: Stopping because end time detected by thread: S4 Spike (300t) 4-246
2026-05-31 18:29:35,847 INFO o.a.j.t.JMeterThread: Thread finished: S4 Spike (300t) 4-246
2026-05-31 18:29:35,908 INFO o.a.j.t.JMeterThread: Stopping because end time detected by thread: S4 Spike (300t) 4-202
2026-05-31 18:29:35,908 INFO o.a.j.t.JMeterThread: Thread finished: S4 Spike (300t) 4-202
2026-05-31 18:29:36,136 INFO o.a.j.t.JMeterThread: Stopping because end time detected by thread: S4 Spike (300t) 4-62
2026-05-31 18:29:36,136 INFO o.a.j.t.JMeterThread: Thread finished: S4 Spike (300t) 4-62
2026-05-31 18:29:36,157 INFO o.a.j.t.JMeterThread: Stopping because end time detected by thread: S4 Spike (300t) 4-22
2026-05-31 18:29:36,157 INFO o.a.j.t.JMeterThread: Thread finished: S4 Spike (300t) 4-22
2026-05-31 18:29:36,424 INFO o.a.j.t.JMeterThread: Stopping because end time detected by thread: S4 Spike (300t) 4-216
2026-05-31 18:29:36,424 INFO o.a.j.t.JMeterThread: Thread finished: S4 Spike (300t) 4-216
2026-05-31 18:29:36,624 INFO o.a.j.t.JMeterThread: Stopping because end time detected by thread: S4 Spike (300t) 4-47
2026-05-31 18:29:36,624 INFO o.a.j.t.JMeterThread: Thread finished: S4 Spike (300t) 4-47
2026-05-31 18:29:36,632 INFO o.a.j.t.JMeterThread: Stopping because end time detected by thread: S4 Spike (300t) 4-264
2026-05-31 18:29:36,632 INFO o.a.j.t.JMeterThread: Thread finished: S4 Spike (300t) 4-264
2026-05-31 18:29:36,752 INFO o.a.j.t.JMeterThread: Stopping because end time detected by thread: S4 Spike (300t) 4-83
2026-05-31 18:29:36,752 INFO o.a.j.t.JMeterThread: Thread finished: S4 Spike (300t) 4-83
2026-05-31 18:29:36,781 INFO o.a.j.t.JMeterThread: Stopping because end time detected by thread: S4 Spike (300t) 4-12
2026-05-31 18:29:36,781 INFO o.a.j.t.JMeterThread: Thread finished: S4 Spike (300t) 4-12
2026-05-31 18:29:36,858 INFO o.a.j.t.JMeterThread: Stopping because end time detected by thread: S4 Spike (300t) 4-107
2026-05-31 18:29:36,858 INFO o.a.j.t.JMeterThread: Thread finished: S4 Spike (300t) 4-107
2026-05-31 18:29:37,131 INFO o.a.j.t.JMeterThread: Stopping because end time detected by thread: S4 Spike (300t) 4-182
2026-05-31 18:29:37,131 INFO o.a.j.t.JMeterThread: Thread finished: S4 Spike (300t) 4-182
2026-05-31 18:29:37,185 INFO o.a.j.t.JMeterThread: Stopping because end time detected by thread: S4 Spike (300t) 4-32
2026-05-31 18:29:37,185 INFO o.a.j.t.JMeterThread: Thread finished: S4 Spike (300t) 4-32
2026-05-31 18:29:37,258 INFO o.a.j.t.JMeterThread: Stopping because end time detected by thread: S4 Spike (300t) 4-293
2026-05-31 18:29:37,258 INFO o.a.j.t.JMeterThread: Thread finished: S4 Spike (300t) 4-293
2026-05-31 18:29:37,266 INFO o.a.j.t.JMeterThread: Stopping because end time detected by thread: S4 Spike (300t) 4-181
2026-05-31 18:29:37,266 INFO o.a.j.t.JMeterThread: Thread finished: S4 Spike (300t) 4-181
2026-05-31 18:29:37,296 INFO o.a.j.t.JMeterThread: Stopping because end time detected by thread: S4 Spike (300t) 4-81
2026-05-31 18:29:37,296 INFO o.a.j.t.JMeterThread: Thread finished: S4 Spike (300t) 4-81
2026-05-31 18:29:37,361 INFO o.a.j.t.JMeterThread: Stopping because end time detected by thread: S4 Spike (300t) 4-240
2026-05-31 18:29:37,361 INFO o.a.j.t.JMeterThread: Thread finished: S4 Spike (300t) 4-240
2026-05-31 18:29:37,462 INFO o.a.j.t.JMeterThread: Stopping because end time detected by thread: S4 Spike (300t) 4-21
2026-05-31 18:29:37,462 INFO o.a.j.t.JMeterThread: Thread finished: S4 Spike (300t) 4-21
2026-05-31 18:29:37,705 INFO o.a.j.t.JMeterThread: Stopping because end time detected by thread: S4 Spike (300t) 4-206
2026-05-31 18:29:37,705 INFO o.a.j.t.JMeterThread: Thread finished: S4 Spike (300t) 4-206
2026-05-31 18:29:37,724 INFO o.a.j.t.JMeterThread: Stopping because end time detected by thread: S4 Spike (300t) 4-157
2026-05-31 18:29:37,724 INFO o.a.j.t.JMeterThread: Thread finished: S4 Spike (300t) 4-157
2026-05-31 18:29:37,837 INFO o.a.j.t.JMeterThread: Stopping because end time detected by thread: S4 Spike (300t) 4-20
2026-05-31 18:29:37,837 INFO o.a.j.t.JMeterThread: Thread finished: S4 Spike (300t) 4-20
2026-05-31 18:29:37,912 INFO o.a.j.t.JMeterThread: Stopping because end time detected by thread: S4 Spike (300t) 4-254
2026-05-31 18:29:37,913 INFO o.a.j.t.JMeterThread: Thread finished: S4 Spike (300t) 4-254
2026-05-31 18:29:38,015 INFO o.a.j.t.JMeterThread: Stopping because end time detected by thread: S4 Spike (300t) 4-38
2026-05-31 18:29:38,015 INFO o.a.j.t.JMeterThread: Thread finished: S4 Spike (300t) 4-38
2026-05-31 18:29:38,200 INFO o.a.j.t.JMeterThread: Stopping because end time detected by thread: S4 Spike (300t) 4-166
2026-05-31 18:29:38,200 INFO o.a.j.t.JMeterThread: Thread finished: S4 Spike (300t) 4-166
2026-05-31 18:29:38,280 INFO o.a.j.t.JMeterThread: Stopping because end time detected by thread: S4 Spike (300t) 4-27
2026-05-31 18:29:38,280 INFO o.a.j.t.JMeterThread: Thread finished: S4 Spike (300t) 4-27
2026-05-31 18:29:38,302 INFO o.a.j.t.JMeterThread: Stopping because end time detected by thread: S4 Spike (300t) 4-70
2026-05-31 18:29:38,303 INFO o.a.j.t.JMeterThread: Thread finished: S4 Spike (300t) 4-70
2026-05-31 18:29:38,541 INFO o.a.j.t.JMeterThread: Stopping because end time detected by thread: S4 Spike (300t) 4-98
2026-05-31 18:29:38,541 INFO o.a.j.t.JMeterThread: Thread finished: S4 Spike (300t) 4-98
2026-05-31 18:29:38,655 INFO o.a.j.t.JMeterThread: Stopping because end time detected by thread: S4 Spike (300t) 4-243
2026-05-31 18:29:38,655 INFO o.a.j.t.JMeterThread: Thread finished: S4 Spike (300t) 4-243
2026-05-31 18:29:38,676 INFO o.a.j.t.JMeterThread: Stopping because end time detected by thread: S4 Spike (300t) 4-248
2026-05-31 18:29:38,676 INFO o.a.j.t.JMeterThread: Thread finished: S4 Spike (300t) 4-248
2026-05-31 18:29:38,696 INFO o.a.j.t.JMeterThread: Stopping because end time detected by thread: S4 Spike (300t) 4-68
2026-05-31 18:29:38,696 INFO o.a.j.t.JMeterThread: Thread finished: S4 Spike (300t) 4-68
2026-05-31 18:29:38,696 INFO o.a.j.t.JMeterThread: Stopping because end time detected by thread: S4 Spike (300t) 4-40
2026-05-31 18:29:38,696 INFO o.a.j.t.JMeterThread: Thread finished: S4 Spike (300t) 4-40
2026-05-31 18:29:38,770 INFO o.a.j.t.JMeterThread: Stopping because end time detected by thread: S4 Spike (300t) 4-286
2026-05-31 18:29:38,770 INFO o.a.j.t.JMeterThread: Thread finished: S4 Spike (300t) 4-286
2026-05-31 18:29:38,800 INFO o.a.j.t.JMeterThread: Stopping because end time detected by thread: S4 Spike (300t) 4-196
2026-05-31 18:29:38,800 INFO o.a.j.t.JMeterThread: Thread finished: S4 Spike (300t) 4-196
2026-05-31 18:29:38,964 INFO o.a.j.t.JMeterThread: Stopping because end time detected by thread: S4 Spike (300t) 4-190
2026-05-31 18:29:38,964 INFO o.a.j.t.JMeterThread: Thread finished: S4 Spike (300t) 4-190
2026-05-31 18:29:38,974 INFO o.a.j.t.JMeterThread: Stopping because end time detected by thread: S4 Spike (300t) 4-148
2026-05-31 18:29:38,974 INFO o.a.j.t.JMeterThread: Thread finished: S4 Spike (300t) 4-148
2026-05-31 18:29:39,022 INFO o.a.j.t.JMeterThread: Stopping because end time detected by thread: S4 Spike (300t) 4-153
2026-05-31 18:29:39,022 INFO o.a.j.t.JMeterThread: Thread finished: S4 Spike (300t) 4-153
2026-05-31 18:29:39,215 INFO o.a.j.t.JMeterThread: Stopping because end time detected by thread: S4 Spike (300t) 4-225
2026-05-31 18:29:39,215 INFO o.a.j.t.JMeterThread: Thread finished: S4 Spike (300t) 4-225
2026-05-31 18:29:39,384 INFO o.a.j.t.JMeterThread: Stopping because end time detected by thread: S4 Spike (300t) 4-90
2026-05-31 18:29:39,384 INFO o.a.j.t.JMeterThread: Thread finished: S4 Spike (300t) 4-90
2026-05-31 18:29:39,388 INFO o.a.j.t.JMeterThread: Stopping because end time detected by thread: S4 Spike (300t) 4-33
2026-05-31 18:29:39,388 INFO o.a.j.t.JMeterThread: Thread finished: S4 Spike (300t) 4-33
2026-05-31 18:29:39,393 INFO o.a.j.t.JMeterThread: Stopping because end time detected by thread: S4 Spike (300t) 4-80
2026-05-31 18:29:39,393 INFO o.a.j.t.JMeterThread: Thread finished: S4 Spike (300t) 4-80
2026-05-31 18:29:39,472 INFO o.a.j.t.JMeterThread: Stopping because end time detected by thread: S4 Spike (300t) 4-163
2026-05-31 18:29:39,472 INFO o.a.j.t.JMeterThread: Thread finished: S4 Spike (300t) 4-163
2026-05-31 18:29:39,633 INFO o.a.j.t.JMeterThread: Stopping because end time detected by thread: S4 Spike (300t) 4-203
2026-05-31 18:29:39,633 INFO o.a.j.t.JMeterThread: Thread finished: S4 Spike (300t) 4-203
2026-05-31 18:29:39,636 INFO o.a.j.t.JMeterThread: Stopping because end time detected by thread: S4 Spike (300t) 4-211
2026-05-31 18:29:39,636 INFO o.a.j.t.JMeterThread: Thread finished: S4 Spike (300t) 4-211
2026-05-31 18:29:39,822 INFO o.a.j.t.JMeterThread: Stopping because end time detected by thread: S4 Spike (300t) 4-94
2026-05-31 18:29:39,823 INFO o.a.j.t.JMeterThread: Thread finished: S4 Spike (300t) 4-94
2026-05-31 18:29:39,837 INFO o.a.j.t.JMeterThread: Stopping because end time detected by thread: S4 Spike (300t) 4-110
2026-05-31 18:29:39,837 INFO o.a.j.t.JMeterThread: Thread finished: S4 Spike (300t) 4-110
2026-05-31 18:29:39,999 INFO o.a.j.t.JMeterThread: Stopping because end time detected by thread: S4 Spike (300t) 4-145
2026-05-31 18:29:39,999 INFO o.a.j.t.JMeterThread: Thread finished: S4 Spike (300t) 4-145
2026-05-31 18:29:40,071 INFO o.a.j.t.JMeterThread: Stopping because end time detected by thread: S4 Spike (300t) 4-16
2026-05-31 18:29:40,071 INFO o.a.j.t.JMeterThread: Thread finished: S4 Spike (300t) 4-16
2026-05-31 18:29:40,128 INFO o.a.j.t.JMeterThread: Stopping because end time detected by thread: S4 Spike (300t) 4-204
2026-05-31 18:29:40,128 INFO o.a.j.t.JMeterThread: Thread finished: S4 Spike (300t) 4-204
2026-05-31 18:29:40,274 INFO o.a.j.t.JMeterThread: Stopping because end time detected by thread: S4 Spike (300t) 4-3
2026-05-31 18:29:40,274 INFO o.a.j.t.JMeterThread: Thread finished: S4 Spike (300t) 4-3
2026-05-31 18:29:40,408 INFO o.a.j.t.JMeterThread: Stopping because end time detected by thread: S4 Spike (300t) 4-141
2026-05-31 18:29:40,408 INFO o.a.j.t.JMeterThread: Stopping because end time detected by thread: S4 Spike (300t) 4-290
2026-05-31 18:29:40,408 INFO o.a.j.t.JMeterThread: Thread finished: S4 Spike (300t) 4-141
2026-05-31 18:29:40,409 INFO o.a.j.t.JMeterThread: Thread finished: S4 Spike (300t) 4-290
2026-05-31 18:29:40,410 INFO o.a.j.t.JMeterThread: Stopping because end time detected by thread: S4 Spike (300t) 4-53
2026-05-31 18:29:40,410 INFO o.a.j.t.JMeterThread: Thread finished: S4 Spike (300t) 4-53
2026-05-31 18:29:40,425 INFO o.a.j.t.JMeterThread: Stopping because end time detected by thread: S4 Spike (300t) 4-252
2026-05-31 18:29:40,425 INFO o.a.j.t.JMeterThread: Thread finished: S4 Spike (300t) 4-252
2026-05-31 18:29:40,432 INFO o.a.j.t.JMeterThread: Stopping because end time detected by thread: S4 Spike (300t) 4-183
2026-05-31 18:29:40,432 INFO o.a.j.t.JMeterThread: Thread finished: S4 Spike (300t) 4-183
2026-05-31 18:29:40,460 INFO o.a.j.t.JMeterThread: Stopping because end time detected by thread: S4 Spike (300t) 4-130
2026-05-31 18:29:40,460 INFO o.a.j.t.JMeterThread: Thread finished: S4 Spike (300t) 4-130
2026-05-31 18:29:40,550 INFO o.a.j.t.JMeterThread: Stopping because end time detected by thread: S4 Spike (300t) 4-212
2026-05-31 18:29:40,550 INFO o.a.j.t.JMeterThread: Thread finished: S4 Spike (300t) 4-212
2026-05-31 18:29:40,668 INFO o.a.j.t.JMeterThread: Stopping because end time detected by thread: S4 Spike (300t) 4-270
2026-05-31 18:29:40,668 INFO o.a.j.t.JMeterThread: Thread finished: S4 Spike (300t) 4-270
2026-05-31 18:29:40,789 INFO o.a.j.t.JMeterThread: Stopping because end time detected by thread: S4 Spike (300t) 4-256
2026-05-31 18:29:40,790 INFO o.a.j.t.JMeterThread: Thread finished: S4 Spike (300t) 4-256
2026-05-31 18:29:41,021 INFO o.a.j.t.JMeterThread: Stopping because end time detected by thread: S4 Spike (300t) 4-269
2026-05-31 18:29:41,021 INFO o.a.j.t.JMeterThread: Thread finished: S4 Spike (300t) 4-269
2026-05-31 18:29:41,287 INFO o.a.j.t.JMeterThread: Stopping because end time detected by thread: S4 Spike (300t) 4-143
2026-05-31 18:29:41,287 INFO o.a.j.t.JMeterThread: Stopping because end time detected by thread: S4 Spike (300t) 4-103
2026-05-31 18:29:41,287 INFO o.a.j.t.JMeterThread: Stopping because end time detected by thread: S4 Spike (300t) 4-156
2026-05-31 18:29:41,287 INFO o.a.j.t.JMeterThread: Thread finished: S4 Spike (300t) 4-156
2026-05-31 18:29:41,287 INFO o.a.j.t.JMeterThread: Thread finished: S4 Spike (300t) 4-103
2026-05-31 18:29:41,287 INFO o.a.j.t.JMeterThread: Thread finished: S4 Spike (300t) 4-143
2026-05-31 18:29:41,293 INFO o.a.j.t.JMeterThread: Stopping because end time detected by thread: S4 Spike (300t) 4-274
2026-05-31 18:29:41,293 INFO o.a.j.t.JMeterThread: Thread finished: S4 Spike (300t) 4-274
2026-05-31 18:29:41,522 INFO o.a.j.t.JMeterThread: Stopping because end time detected by thread: S4 Spike (300t) 4-136
2026-05-31 18:29:41,522 INFO o.a.j.t.JMeterThread: Thread finished: S4 Spike (300t) 4-136
2026-05-31 18:29:41,615 INFO o.a.j.t.JMeterThread: Stopping because end time detected by thread: S4 Spike (300t) 4-150
2026-05-31 18:29:41,615 INFO o.a.j.t.JMeterThread: Thread finished: S4 Spike (300t) 4-150
2026-05-31 18:29:41,717 INFO o.a.j.t.JMeterThread: Stopping because end time detected by thread: S4 Spike (300t) 4-158
2026-05-31 18:29:41,717 INFO o.a.j.t.JMeterThread: Thread finished: S4 Spike (300t) 4-158
2026-05-31 18:29:41,790 INFO o.a.j.t.JMeterThread: Stopping because end time detected by thread: S4 Spike (300t) 4-74
2026-05-31 18:29:41,790 INFO o.a.j.t.JMeterThread: Thread finished: S4 Spike (300t) 4-74
2026-05-31 18:29:41,912 INFO o.a.j.t.JMeterThread: Stopping because end time detected by thread: S4 Spike (300t) 4-168
2026-05-31 18:29:41,912 INFO o.a.j.t.JMeterThread: Thread finished: S4 Spike (300t) 4-168
2026-05-31 18:29:41,918 INFO o.a.j.t.JMeterThread: Stopping because end time detected by thread: S4 Spike (300t) 4-4
2026-05-31 18:29:41,918 INFO o.a.j.t.JMeterThread: Thread finished: S4 Spike (300t) 4-4
2026-05-31 18:29:41,991 INFO o.a.j.t.JMeterThread: Stopping because end time detected by thread: S4 Spike (300t) 4-118
2026-05-31 18:29:41,991 INFO o.a.j.t.JMeterThread: Thread finished: S4 Spike (300t) 4-118
2026-05-31 18:29:42,032 INFO o.a.j.t.JMeterThread: Stopping because end time detected by thread: S4 Spike (300t) 4-49
2026-05-31 18:29:42,032 INFO o.a.j.t.JMeterThread: Thread finished: S4 Spike (300t) 4-49
2026-05-31 18:29:42,042 INFO o.a.j.t.JMeterThread: Stopping because end time detected by thread: S4 Spike (300t) 4-297
2026-05-31 18:29:42,043 INFO o.a.j.t.JMeterThread: Thread finished: S4 Spike (300t) 4-297
2026-05-31 18:29:42,254 INFO o.a.j.t.JMeterThread: Stopping because end time detected by thread: S4 Spike (300t) 4-146
2026-05-31 18:29:42,254 INFO o.a.j.t.JMeterThread: Thread finished: S4 Spike (300t) 4-146
2026-05-31 18:29:42,324 INFO o.a.j.t.JMeterThread: Stopping because end time detected by thread: S4 Spike (300t) 4-300
2026-05-31 18:29:42,324 INFO o.a.j.t.JMeterThread: Thread finished: S4 Spike (300t) 4-300
2026-05-31 18:29:42,324 INFO o.a.j.t.JMeterThread: Stopping because end time detected by thread: S4 Spike (300t) 4-77
2026-05-31 18:29:42,325 INFO o.a.j.t.JMeterThread: Thread finished: S4 Spike (300t) 4-77
2026-05-31 18:29:42,478 INFO o.a.j.t.JMeterThread: Stopping because end time detected by thread: S4 Spike (300t) 4-112
2026-05-31 18:29:42,478 INFO o.a.j.t.JMeterThread: Thread finished: S4 Spike (300t) 4-112
2026-05-31 18:29:42,858 INFO o.a.j.t.JMeterThread: Stopping because end time detected by thread: S4 Spike (300t) 4-39
2026-05-31 18:29:42,858 INFO o.a.j.t.JMeterThread: Thread finished: S4 Spike (300t) 4-39
2026-05-31 18:29:43,145 INFO o.a.j.t.JMeterThread: Stopping because end time detected by thread: S4 Spike (300t) 4-210
2026-05-31 18:29:43,145 INFO o.a.j.t.JMeterThread: Thread finished: S4 Spike (300t) 4-210
2026-05-31 18:29:43,196 INFO o.a.j.t.JMeterThread: Stopping because end time detected by thread: S4 Spike (300t) 4-227
2026-05-31 18:29:43,197 INFO o.a.j.t.JMeterThread: Thread finished: S4 Spike (300t) 4-227
2026-05-31 18:29:43,212 INFO o.a.j.t.JMeterThread: Stopping because end time detected by thread: S4 Spike (300t) 4-282
2026-05-31 18:29:43,213 INFO o.a.j.t.JMeterThread: Thread finished: S4 Spike (300t) 4-282
2026-05-31 18:29:43,298 INFO o.a.j.t.JMeterThread: Stopping because end time detected by thread: S4 Spike (300t) 4-160
2026-05-31 18:29:43,298 INFO o.a.j.t.JMeterThread: Thread finished: S4 Spike (300t) 4-160
2026-05-31 18:29:43,309 INFO o.a.j.t.JMeterThread: Stopping because end time detected by thread: S4 Spike (300t) 4-65
2026-05-31 18:29:43,309 INFO o.a.j.t.JMeterThread: Thread finished: S4 Spike (300t) 4-65
2026-05-31 18:29:43,576 INFO o.a.j.t.JMeterThread: Stopping because end time detected by thread: S4 Spike (300t) 4-185
2026-05-31 18:29:43,576 INFO o.a.j.t.JMeterThread: Thread finished: S4 Spike (300t) 4-185
2026-05-31 18:29:43,731 INFO o.a.j.t.JMeterThread: Stopping because end time detected by thread: S4 Spike (300t) 4-48
2026-05-31 18:29:43,731 INFO o.a.j.t.JMeterThread: Thread finished: S4 Spike (300t) 4-48
2026-05-31 18:29:43,843 INFO o.a.j.t.JMeterThread: Stopping because end time detected by thread: S4 Spike (300t) 4-215
2026-05-31 18:29:43,843 INFO o.a.j.t.JMeterThread: Thread finished: S4 Spike (300t) 4-215
2026-05-31 18:29:44,051 INFO o.a.j.t.JMeterThread: Stopping because end time detected by thread: S4 Spike (300t) 4-200
2026-05-31 18:29:44,051 INFO o.a.j.t.JMeterThread: Thread finished: S4 Spike (300t) 4-200
2026-05-31 18:29:44,215 INFO o.a.j.t.JMeterThread: Stopping because end time detected by thread: S4 Spike (300t) 4-192
2026-05-31 18:29:44,215 INFO o.a.j.t.JMeterThread: Thread finished: S4 Spike (300t) 4-192
2026-05-31 18:29:44,224 INFO o.a.j.t.JMeterThread: Stopping because end time detected by thread: S4 Spike (300t) 4-45
2026-05-31 18:29:44,224 INFO o.a.j.t.JMeterThread: Thread finished: S4 Spike (300t) 4-45
2026-05-31 18:29:44,469 INFO o.a.j.t.JMeterThread: Stopping because end time detected by thread: S4 Spike (300t) 4-99
2026-05-31 18:29:44,469 INFO o.a.j.t.JMeterThread: Thread finished: S4 Spike (300t) 4-99
2026-05-31 18:29:44,480 INFO o.a.j.t.JMeterThread: Stopping because end time detected by thread: S4 Spike (300t) 4-23
2026-05-31 18:29:44,480 INFO o.a.j.t.JMeterThread: Thread finished: S4 Spike (300t) 4-23
2026-05-31 18:29:44,672 INFO o.a.j.t.JMeterThread: Stopping because end time detected by thread: S4 Spike (300t) 4-253
2026-05-31 18:29:44,672 INFO o.a.j.t.JMeterThread: Thread finished: S4 Spike (300t) 4-253
2026-05-31 18:29:44,815 INFO o.a.j.t.JMeterThread: Stopping because end time detected by thread: S4 Spike (300t) 4-265
2026-05-31 18:29:44,815 INFO o.a.j.t.JMeterThread: Thread finished: S4 Spike (300t) 4-265
2026-05-31 18:29:44,946 INFO o.a.j.t.JMeterThread: Stopping because end time detected by thread: S4 Spike (300t) 4-272
2026-05-31 18:29:44,946 INFO o.a.j.t.JMeterThread: Thread finished: S4 Spike (300t) 4-272
2026-05-31 18:29:45,059 INFO o.a.j.t.JMeterThread: Stopping because end time detected by thread: S4 Spike (300t) 4-115
2026-05-31 18:29:45,059 INFO o.a.j.t.JMeterThread: Thread finished: S4 Spike (300t) 4-115
2026-05-31 18:29:45,139 INFO o.a.j.t.JMeterThread: Stopping because end time detected by thread: S4 Spike (300t) 4-289
2026-05-31 18:29:45,139 INFO o.a.j.t.JMeterThread: Thread finished: S4 Spike (300t) 4-289
2026-05-31 18:29:45,486 INFO o.a.j.t.JMeterThread: Stopping because end time detected by thread: S4 Spike (300t) 4-261
2026-05-31 18:29:45,487 INFO o.a.j.t.JMeterThread: Thread finished: S4 Spike (300t) 4-261
2026-05-31 18:29:45,599 INFO o.a.j.t.JMeterThread: Stopping because end time detected by thread: S4 Spike (300t) 4-127
2026-05-31 18:29:45,599 INFO o.a.j.t.JMeterThread: Thread finished: S4 Spike (300t) 4-127
2026-05-31 18:29:45,645 INFO o.a.j.t.JMeterThread: Stopping because end time detected by thread: S4 Spike (300t) 4-51
2026-05-31 18:29:45,646 INFO o.a.j.t.JMeterThread: Thread finished: S4 Spike (300t) 4-51
2026-05-31 18:29:45,707 INFO o.a.j.t.JMeterThread: Stopping because end time detected by thread: S4 Spike (300t) 4-108
2026-05-31 18:29:45,707 INFO o.a.j.t.JMeterThread: Thread finished: S4 Spike (300t) 4-108
2026-05-31 18:29:45,726 INFO o.a.j.t.JMeterThread: Stopping because end time detected by thread: S4 Spike (300t) 4-237
2026-05-31 18:29:45,727 INFO o.a.j.t.JMeterThread: Thread finished: S4 Spike (300t) 4-237
2026-05-31 18:29:45,869 INFO o.a.j.t.JMeterThread: Stopping because end time detected by thread: S4 Spike (300t) 4-213
2026-05-31 18:29:45,869 INFO o.a.j.t.JMeterThread: Thread finished: S4 Spike (300t) 4-213
2026-05-31 18:29:45,962 INFO o.a.j.t.JMeterThread: Stopping because end time detected by thread: S4 Spike (300t) 4-232
2026-05-31 18:29:45,962 INFO o.a.j.t.JMeterThread: Thread finished: S4 Spike (300t) 4-232
2026-05-31 18:29:46,003 INFO o.a.j.t.JMeterThread: Stopping because end time detected by thread: S4 Spike (300t) 4-155
2026-05-31 18:29:46,003 INFO o.a.j.t.JMeterThread: Thread finished: S4 Spike (300t) 4-155
2026-05-31 18:29:46,056 INFO o.a.j.t.JMeterThread: Stopping because end time detected by thread: S4 Spike (300t) 4-219
2026-05-31 18:29:46,056 INFO o.a.j.t.JMeterThread: Thread finished: S4 Spike (300t) 4-219
2026-05-31 18:29:46,228 INFO o.a.j.t.JMeterThread: Stopping because end time detected by thread: S4 Spike (300t) 4-14
2026-05-31 18:29:46,228 INFO o.a.j.t.JMeterThread: Thread finished: S4 Spike (300t) 4-14
2026-05-31 18:29:46,259 INFO o.a.j.t.JMeterThread: Stopping because end time detected by thread: S4 Spike (300t) 4-85
2026-05-31 18:29:46,259 INFO o.a.j.t.JMeterThread: Thread finished: S4 Spike (300t) 4-85
2026-05-31 18:29:46,323 INFO o.a.j.t.JMeterThread: Stopping because end time detected by thread: S4 Spike (300t) 4-84
2026-05-31 18:29:46,324 INFO o.a.j.t.JMeterThread: Thread finished: S4 Spike (300t) 4-84
2026-05-31 18:29:46,369 INFO o.a.j.t.JMeterThread: Stopping because end time detected by thread: S4 Spike (300t) 4-186
2026-05-31 18:29:46,370 INFO o.a.j.t.JMeterThread: Thread finished: S4 Spike (300t) 4-186
2026-05-31 18:29:46,488 INFO o.a.j.t.JMeterThread: Stopping because end time detected by thread: S4 Spike (300t) 4-97
2026-05-31 18:29:46,488 INFO o.a.j.t.JMeterThread: Thread finished: S4 Spike (300t) 4-97
2026-05-31 18:29:46,496 INFO o.a.j.t.JMeterThread: Stopping because end time detected by thread: S4 Spike (300t) 4-195
2026-05-31 18:29:46,496 INFO o.a.j.t.JMeterThread: Thread finished: S4 Spike (300t) 4-195
2026-05-31 18:29:46,635 INFO o.a.j.t.JMeterThread: Stopping because end time detected by thread: S4 Spike (300t) 4-52
2026-05-31 18:29:46,635 INFO o.a.j.t.JMeterThread: Thread finished: S4 Spike (300t) 4-52
2026-05-31 18:29:46,886 INFO o.a.j.t.JMeterThread: Stopping because end time detected by thread: S4 Spike (300t) 4-111
2026-05-31 18:29:46,886 INFO o.a.j.t.JMeterThread: Thread finished: S4 Spike (300t) 4-111
2026-05-31 18:29:47,274 INFO o.a.j.t.JMeterThread: Stopping because end time detected by thread: S4 Spike (300t) 4-275
2026-05-31 18:29:47,274 INFO o.a.j.t.JMeterThread: Thread finished: S4 Spike (300t) 4-275
2026-05-31 18:29:47,375 INFO o.a.j.t.JMeterThread: Stopping because end time detected by thread: S4 Spike (300t) 4-86
2026-05-31 18:29:47,376 INFO o.a.j.t.JMeterThread: Thread finished: S4 Spike (300t) 4-86
2026-05-31 18:29:47,463 INFO o.a.j.t.JMeterThread: Stopping because end time detected by thread: S4 Spike (300t) 4-162
2026-05-31 18:29:47,463 INFO o.a.j.t.JMeterThread: Thread finished: S4 Spike (300t) 4-162
2026-05-31 18:29:47,552 INFO o.a.j.t.JMeterThread: Stopping because end time detected by thread: S4 Spike (300t) 4-154
2026-05-31 18:29:47,552 INFO o.a.j.t.JMeterThread: Thread finished: S4 Spike (300t) 4-154
2026-05-31 18:29:47,556 INFO o.a.j.t.JMeterThread: Stopping because end time detected by thread: S4 Spike (300t) 4-292
2026-05-31 18:29:47,557 INFO o.a.j.t.JMeterThread: Thread finished: S4 Spike (300t) 4-292
2026-05-31 18:29:47,640 INFO o.a.j.t.JMeterThread: Stopping because end time detected by thread: S4 Spike (300t) 4-278
2026-05-31 18:29:47,640 INFO o.a.j.t.JMeterThread: Thread finished: S4 Spike (300t) 4-278
2026-05-31 18:29:47,741 INFO o.a.j.t.JMeterThread: Stopping because end time detected by thread: S4 Spike (300t) 4-131
2026-05-31 18:29:47,742 INFO o.a.j.t.JMeterThread: Thread finished: S4 Spike (300t) 4-131
2026-05-31 18:29:47,777 INFO o.a.j.t.JMeterThread: Stopping because end time detected by thread: S4 Spike (300t) 4-124
2026-05-31 18:29:47,777 INFO o.a.j.t.JMeterThread: Thread finished: S4 Spike (300t) 4-124
2026-05-31 18:29:47,947 INFO o.a.j.t.JMeterThread: Stopping because end time detected by thread: S4 Spike (300t) 4-13
2026-05-31 18:29:47,947 INFO o.a.j.t.JMeterThread: Thread finished: S4 Spike (300t) 4-13
2026-05-31 18:29:48,124 INFO o.a.j.t.JMeterThread: Stopping because end time detected by thread: S4 Spike (300t) 4-179
2026-05-31 18:29:48,124 INFO o.a.j.t.JMeterThread: Thread finished: S4 Spike (300t) 4-179
2026-05-31 18:29:48,144 INFO o.a.j.t.JMeterThread: Stopping because end time detected by thread: S4 Spike (300t) 4-88
2026-05-31 18:29:48,145 INFO o.a.j.t.JMeterThread: Thread finished: S4 Spike (300t) 4-88
2026-05-31 18:29:48,439 INFO o.a.j.t.JMeterThread: Stopping because end time detected by thread: S4 Spike (300t) 4-255
2026-05-31 18:29:48,439 INFO o.a.j.t.JMeterThread: Thread finished: S4 Spike (300t) 4-255
2026-05-31 18:29:48,455 INFO o.a.j.t.JMeterThread: Stopping because end time detected by thread: S4 Spike (300t) 4-75
2026-05-31 18:29:48,455 INFO o.a.j.t.JMeterThread: Thread finished: S4 Spike (300t) 4-75
2026-05-31 18:29:48,465 INFO o.a.j.t.JMeterThread: Stopping because end time detected by thread: S4 Spike (300t) 4-29
2026-05-31 18:29:48,465 INFO o.a.j.t.JMeterThread: Thread finished: S4 Spike (300t) 4-29
2026-05-31 18:29:48,692 INFO o.a.j.t.JMeterThread: Stopping because end time detected by thread: S4 Spike (300t) 4-46
2026-05-31 18:29:48,692 INFO o.a.j.t.JMeterThread: Thread finished: S4 Spike (300t) 4-46
2026-05-31 18:29:48,728 INFO o.a.j.t.JMeterThread: Stopping because end time detected by thread: S4 Spike (300t) 4-257
2026-05-31 18:29:48,728 INFO o.a.j.t.JMeterThread: Thread finished: S4 Spike (300t) 4-257
2026-05-31 18:29:48,823 INFO o.a.j.t.JMeterThread: Stopping because end time detected by thread: S4 Spike (300t) 4-57
2026-05-31 18:29:48,824 INFO o.a.j.t.JMeterThread: Thread finished: S4 Spike (300t) 4-57
2026-05-31 18:29:48,989 INFO o.a.j.t.JMeterThread: Stopping because end time detected by thread: S4 Spike (300t) 4-60
2026-05-31 18:29:48,989 INFO o.a.j.t.JMeterThread: Thread finished: S4 Spike (300t) 4-60
2026-05-31 18:29:49,097 INFO o.a.j.t.JMeterThread: Stopping because end time detected by thread: S4 Spike (300t) 4-239
2026-05-31 18:29:49,097 INFO o.a.j.t.JMeterThread: Thread finished: S4 Spike (300t) 4-239
2026-05-31 18:29:49,407 INFO o.a.j.t.JMeterThread: Stopping because end time detected by thread: S4 Spike (300t) 4-299
2026-05-31 18:29:49,408 INFO o.a.j.t.JMeterThread: Thread finished: S4 Spike (300t) 4-299
2026-05-31 18:29:49,467 INFO o.a.j.t.JMeterThread: Stopping because end time detected by thread: S4 Spike (300t) 4-177
2026-05-31 18:29:49,467 INFO o.a.j.t.JMeterThread: Thread finished: S4 Spike (300t) 4-177
2026-05-31 18:29:49,593 INFO o.a.j.t.JMeterThread: Stopping because end time detected by thread: S4 Spike (300t) 4-245
2026-05-31 18:29:49,593 INFO o.a.j.t.JMeterThread: Thread finished: S4 Spike (300t) 4-245
2026-05-31 18:29:49,735 INFO o.a.j.t.JMeterThread: Stopping because end time detected by thread: S4 Spike (300t) 4-31
2026-05-31 18:29:49,735 INFO o.a.j.t.JMeterThread: Thread finished: S4 Spike (300t) 4-31
2026-05-31 18:29:49,846 INFO o.a.j.t.JMeterThread: Stopping because end time detected by thread: S4 Spike (300t) 4-10
2026-05-31 18:29:49,847 INFO o.a.j.t.JMeterThread: Stopping because end time detected by thread: S4 Spike (300t) 4-105
2026-05-31 18:29:49,847 INFO o.a.j.t.JMeterThread: Thread finished: S4 Spike (300t) 4-10
2026-05-31 18:29:49,847 INFO o.a.j.t.JMeterThread: Thread finished: S4 Spike (300t) 4-105
2026-05-31 18:29:49,999 INFO o.a.j.t.JMeterThread: Stopping because end time detected by thread: S4 Spike (300t) 4-135
2026-05-31 18:29:49,999 INFO o.a.j.t.JMeterThread: Thread finished: S4 Spike (300t) 4-135
2026-05-31 18:29:50,038 INFO o.a.j.t.JMeterThread: Stopping because end time detected by thread: S4 Spike (300t) 4-64
2026-05-31 18:29:50,038 INFO o.a.j.t.JMeterThread: Thread finished: S4 Spike (300t) 4-64
2026-05-31 18:29:50,153 INFO o.a.j.t.JMeterThread: Stopping because end time detected by thread: S4 Spike (300t) 4-267
2026-05-31 18:29:50,153 INFO o.a.j.t.JMeterThread: Thread finished: S4 Spike (300t) 4-267
2026-05-31 18:29:50,210 INFO o.a.j.t.JMeterThread: Stopping because end time detected by thread: S4 Spike (300t) 4-268
2026-05-31 18:29:50,210 INFO o.a.j.t.JMeterThread: Thread finished: S4 Spike (300t) 4-268
2026-05-31 18:29:50,316 INFO o.a.j.t.JMeterThread: Stopping because end time detected by thread: S4 Spike (300t) 4-54
2026-05-31 18:29:50,317 INFO o.a.j.t.JMeterThread: Thread finished: S4 Spike (300t) 4-54
2026-05-31 18:29:50,772 INFO o.a.j.t.JMeterThread: Stopping because end time detected by thread: S4 Spike (300t) 4-1
2026-05-31 18:29:50,772 INFO o.a.j.t.JMeterThread: Thread finished: S4 Spike (300t) 4-1
2026-05-31 18:29:50,848 INFO o.a.j.t.JMeterThread: Stopping because end time detected by thread: S4 Spike (300t) 4-180
2026-05-31 18:29:50,848 INFO o.a.j.t.JMeterThread: Thread finished: S4 Spike (300t) 4-180
2026-05-31 18:29:50,962 INFO o.a.j.t.JMeterThread: Stopping because end time detected by thread: S4 Spike (300t) 4-178
2026-05-31 18:29:50,962 INFO o.a.j.t.JMeterThread: Thread finished: S4 Spike (300t) 4-178
2026-05-31 18:29:51,200 INFO o.a.j.t.JMeterThread: Stopping because end time detected by thread: S4 Spike (300t) 4-19
2026-05-31 18:29:51,200 INFO o.a.j.t.JMeterThread: Thread finished: S4 Spike (300t) 4-19
2026-05-31 18:29:51,224 INFO o.a.j.t.JMeterThread: Stopping because end time detected by thread: S4 Spike (300t) 4-175
2026-05-31 18:29:51,224 INFO o.a.j.t.JMeterThread: Thread finished: S4 Spike (300t) 4-175
2026-05-31 18:29:51,231 INFO o.a.j.t.JMeterThread: Stopping because end time detected by thread: S4 Spike (300t) 4-171
2026-05-31 18:29:51,231 INFO o.a.j.t.JMeterThread: Thread finished: S4 Spike (300t) 4-171
2026-05-31 18:29:51,325 INFO o.a.j.t.JMeterThread: Stopping because end time detected by thread: S4 Spike (300t) 4-220
2026-05-31 18:29:51,325 INFO o.a.j.t.JMeterThread: Thread finished: S4 Spike (300t) 4-220
2026-05-31 18:29:51,336 INFO o.a.j.t.JMeterThread: Stopping because end time detected by thread: S4 Spike (300t) 4-28
2026-05-31 18:29:51,337 INFO o.a.j.t.JMeterThread: Thread finished: S4 Spike (300t) 4-28
2026-05-31 18:29:51,384 INFO o.a.j.t.JMeterThread: Stopping because end time detected by thread: S4 Spike (300t) 4-188
2026-05-31 18:29:51,384 INFO o.a.j.t.JMeterThread: Thread finished: S4 Spike (300t) 4-188
2026-05-31 18:29:51,480 INFO o.a.j.t.JMeterThread: Stopping because end time detected by thread: S4 Spike (300t) 4-187
2026-05-31 18:29:51,480 INFO o.a.j.t.JMeterThread: Thread finished: S4 Spike (300t) 4-187
2026-05-31 18:29:51,597 INFO o.a.j.t.JMeterThread: Stopping because end time detected by thread: S4 Spike (300t) 4-249
2026-05-31 18:29:51,597 INFO o.a.j.t.JMeterThread: Thread finished: S4 Spike (300t) 4-249
2026-05-31 18:29:51,656 INFO o.a.j.t.JMeterThread: Stopping because end time detected by thread: S4 Spike (300t) 4-159
2026-05-31 18:29:51,656 INFO o.a.j.t.JMeterThread: Thread finished: S4 Spike (300t) 4-159
2026-05-31 18:29:51,805 INFO o.a.j.t.JMeterThread: Stopping because end time detected by thread: S4 Spike (300t) 4-298
2026-05-31 18:29:51,805 INFO o.a.j.t.JMeterThread: Thread finished: S4 Spike (300t) 4-298
2026-05-31 18:29:51,934 INFO o.a.j.t.JMeterThread: Stopping because end time detected by thread: S4 Spike (300t) 4-11
2026-05-31 18:29:51,934 INFO o.a.j.t.JMeterThread: Thread finished: S4 Spike (300t) 4-11
2026-05-31 18:29:51,997 INFO o.a.j.t.JMeterThread: Stopping because end time detected by thread: S4 Spike (300t) 4-224
2026-05-31 18:29:51,997 INFO o.a.j.t.JMeterThread: Thread finished: S4 Spike (300t) 4-224
2026-05-31 18:29:52,060 INFO o.a.j.t.JMeterThread: Stopping because end time detected by thread: S4 Spike (300t) 4-25
2026-05-31 18:29:52,060 INFO o.a.j.t.JMeterThread: Thread finished: S4 Spike (300t) 4-25
2026-05-31 18:29:52,060 INFO o.a.j.t.JMeterThread: Stopping because end time detected by thread: S4 Spike (300t) 4-176
2026-05-31 18:29:52,061 INFO o.a.j.t.JMeterThread: Thread finished: S4 Spike (300t) 4-176
2026-05-31 18:29:52,261 INFO o.a.j.t.JMeterThread: Stopping because end time detected by thread: S4 Spike (300t) 4-209
2026-05-31 18:29:52,261 INFO o.a.j.t.JMeterThread: Thread finished: S4 Spike (300t) 4-209
2026-05-31 18:29:52,325 INFO o.a.j.t.JMeterThread: Stopping because end time detected by thread: S4 Spike (300t) 4-66
2026-05-31 18:29:52,325 INFO o.a.j.t.JMeterThread: Thread finished: S4 Spike (300t) 4-66
2026-05-31 18:29:52,444 INFO o.a.j.t.JMeterThread: Stopping because end time detected by thread: S4 Spike (300t) 4-238
2026-05-31 18:29:52,444 INFO o.a.j.t.JMeterThread: Thread finished: S4 Spike (300t) 4-238
2026-05-31 18:29:52,493 INFO o.a.j.t.JMeterThread: Stopping because end time detected by thread: S4 Spike (300t) 4-129
2026-05-31 18:29:52,493 INFO o.a.j.t.JMeterThread: Thread finished: S4 Spike (300t) 4-129
2026-05-31 18:29:52,745 INFO o.a.j.t.JMeterThread: Stopping because end time detected by thread: S4 Spike (300t) 4-205
2026-05-31 18:29:52,745 INFO o.a.j.t.JMeterThread: Thread finished: S4 Spike (300t) 4-205
2026-05-31 18:29:52,823 INFO o.a.j.t.JMeterThread: Stopping because end time detected by thread: S4 Spike (300t) 4-198
2026-05-31 18:29:52,823 INFO o.a.j.t.JMeterThread: Thread finished: S4 Spike (300t) 4-198
2026-05-31 18:29:53,263 INFO o.a.j.t.JMeterThread: Stopping because end time detected by thread: S4 Spike (300t) 4-174
2026-05-31 18:29:53,264 INFO o.a.j.t.JMeterThread: Thread finished: S4 Spike (300t) 4-174
2026-05-31 18:29:53,473 INFO o.a.j.t.JMeterThread: Stopping because end time detected by thread: S4 Spike (300t) 4-73
2026-05-31 18:29:53,473 INFO o.a.j.t.JMeterThread: Thread finished: S4 Spike (300t) 4-73
2026-05-31 18:29:53,520 INFO o.a.j.t.JMeterThread: Stopping because end time detected by thread: S4 Spike (300t) 4-236
2026-05-31 18:29:53,521 INFO o.a.j.t.JMeterThread: Thread finished: S4 Spike (300t) 4-236
2026-05-31 18:29:53,595 INFO o.a.j.t.JMeterThread: Stopping because end time detected by thread: S4 Spike (300t) 4-34
2026-05-31 18:29:53,595 INFO o.a.j.t.JMeterThread: Thread finished: S4 Spike (300t) 4-34
2026-05-31 18:29:53,605 INFO o.a.j.t.JMeterThread: Stopping because end time detected by thread: S4 Spike (300t) 4-119
2026-05-31 18:29:53,605 INFO o.a.j.t.JMeterThread: Thread finished: S4 Spike (300t) 4-119
2026-05-31 18:29:53,743 INFO o.a.j.t.JMeterThread: Stopping because end time detected by thread: S4 Spike (300t) 4-263
2026-05-31 18:29:53,743 INFO o.a.j.t.JMeterThread: Thread finished: S4 Spike (300t) 4-263
2026-05-31 18:29:53,943 INFO o.a.j.t.JMeterThread: Stopping because end time detected by thread: S4 Spike (300t) 4-233
2026-05-31 18:29:53,943 INFO o.a.j.t.JMeterThread: Thread finished: S4 Spike (300t) 4-233
2026-05-31 18:29:54,205 INFO o.a.j.t.JMeterThread: Stopping because end time detected by thread: S4 Spike (300t) 4-140
2026-05-31 18:29:54,205 INFO o.a.j.t.JMeterThread: Thread finished: S4 Spike (300t) 4-140
2026-05-31 18:29:54,291 INFO o.a.j.t.JMeterThread: Stopping because end time detected by thread: S4 Spike (300t) 4-18
2026-05-31 18:29:54,291 INFO o.a.j.t.JMeterThread: Thread finished: S4 Spike (300t) 4-18
2026-05-31 18:29:54,332 INFO o.a.j.t.JMeterThread: Stopping because end time detected by thread: S4 Spike (300t) 4-42
2026-05-31 18:29:54,332 INFO o.a.j.t.JMeterThread: Thread finished: S4 Spike (300t) 4-42
2026-05-31 18:29:54,460 INFO o.a.j.t.JMeterThread: Stopping because end time detected by thread: S4 Spike (300t) 4-126
2026-05-31 18:29:54,460 INFO o.a.j.t.JMeterThread: Thread finished: S4 Spike (300t) 4-126
2026-05-31 18:29:54,489 INFO o.a.j.t.JMeterThread: Stopping because end time detected by thread: S4 Spike (300t) 4-56
2026-05-31 18:29:54,489 INFO o.a.j.t.JMeterThread: Thread finished: S4 Spike (300t) 4-56
2026-05-31 18:29:54,615 INFO o.a.j.t.JMeterThread: Stopping because end time detected by thread: S4 Spike (300t) 4-128
2026-05-31 18:29:54,615 INFO o.a.j.t.JMeterThread: Thread finished: S4 Spike (300t) 4-128
2026-05-31 18:29:54,671 INFO o.a.j.t.JMeterThread: Stopping because end time detected by thread: S4 Spike (300t) 4-59
2026-05-31 18:29:54,671 INFO o.a.j.t.JMeterThread: Thread finished: S4 Spike (300t) 4-59
2026-05-31 18:29:54,713 INFO o.a.j.t.JMeterThread: Stopping because end time detected by thread: S4 Spike (300t) 4-78
2026-05-31 18:29:54,713 INFO o.a.j.t.JMeterThread: Thread finished: S4 Spike (300t) 4-78
2026-05-31 18:29:54,778 INFO o.a.j.t.JMeterThread: Stopping because end time detected by thread: S4 Spike (300t) 4-43
2026-05-31 18:29:54,778 INFO o.a.j.t.JMeterThread: Thread finished: S4 Spike (300t) 4-43
2026-05-31 18:29:54,778 INFO o.a.j.t.JMeterThread: Stopping because end time detected by thread: S4 Spike (300t) 4-36
2026-05-31 18:29:54,778 INFO o.a.j.t.JMeterThread: Thread finished: S4 Spike (300t) 4-36
2026-05-31 18:29:54,790 INFO o.a.j.t.JMeterThread: Stopping because end time detected by thread: S4 Spike (300t) 4-173
2026-05-31 18:29:54,790 INFO o.a.j.t.JMeterThread: Thread finished: S4 Spike (300t) 4-173
2026-05-31 18:29:54,883 INFO o.a.j.t.JMeterThread: Stopping because end time detected by thread: S4 Spike (300t) 4-251
2026-05-31 18:29:54,883 INFO o.a.j.t.JMeterThread: Thread finished: S4 Spike (300t) 4-251
2026-05-31 18:29:55,064 INFO o.a.j.t.JMeterThread: Stopping because end time detected by thread: S4 Spike (300t) 4-144
2026-05-31 18:29:55,064 INFO o.a.j.t.JMeterThread: Thread finished: S4 Spike (300t) 4-144
2026-05-31 18:29:55,072 INFO o.a.j.t.JMeterThread: Stopping because end time detected by thread: S4 Spike (300t) 4-280
2026-05-31 18:29:55,072 INFO o.a.j.t.JMeterThread: Thread finished: S4 Spike (300t) 4-280
2026-05-31 18:29:55,110 INFO o.a.j.t.JMeterThread: Stopping because end time detected by thread: S4 Spike (300t) 4-41
2026-05-31 18:29:55,110 INFO o.a.j.t.JMeterThread: Thread finished: S4 Spike (300t) 4-41
2026-05-31 18:29:55,171 INFO o.a.j.t.JMeterThread: Stopping because end time detected by thread: S4 Spike (300t) 4-93
2026-05-31 18:29:55,171 INFO o.a.j.t.JMeterThread: Thread finished: S4 Spike (300t) 4-93
2026-05-31 18:29:55,351 INFO o.a.j.t.JMeterThread: Stopping because end time detected by thread: S4 Spike (300t) 4-63
2026-05-31 18:29:55,351 INFO o.a.j.t.JMeterThread: Thread finished: S4 Spike (300t) 4-63
2026-05-31 18:29:55,360 INFO o.a.j.t.JMeterThread: Stopping because end time detected by thread: S4 Spike (300t) 4-69
2026-05-31 18:29:55,360 INFO o.a.j.t.JMeterThread: Thread finished: S4 Spike (300t) 4-69
2026-05-31 18:29:55,394 INFO o.a.j.t.JMeterThread: Stopping because end time detected by thread: S4 Spike (300t) 4-279
2026-05-31 18:29:55,394 INFO o.a.j.t.JMeterThread: Thread finished: S4 Spike (300t) 4-279
2026-05-31 18:29:55,455 INFO o.a.j.t.JMeterThread: Stopping because end time detected by thread: S4 Spike (300t) 4-164
2026-05-31 18:29:55,455 INFO o.a.j.t.JMeterThread: Thread finished: S4 Spike (300t) 4-164
2026-05-31 18:29:55,499 INFO o.a.j.t.JMeterThread: Stopping because end time detected by thread: S4 Spike (300t) 4-72
2026-05-31 18:29:55,499 INFO o.a.j.t.JMeterThread: Thread finished: S4 Spike (300t) 4-72
2026-05-31 18:29:55,653 INFO o.a.j.t.JMeterThread: Stopping because end time detected by thread: S4 Spike (300t) 4-207
2026-05-31 18:29:55,653 INFO o.a.j.t.JMeterThread: Thread finished: S4 Spike (300t) 4-207
2026-05-31 18:29:55,854 INFO o.a.j.t.JMeterThread: Stopping because end time detected by thread: S4 Spike (300t) 4-15
2026-05-31 18:29:55,855 INFO o.a.j.t.JMeterThread: Thread finished: S4 Spike (300t) 4-15
2026-05-31 18:29:55,969 INFO o.a.j.t.JMeterThread: Stopping because end time detected by thread: S4 Spike (300t) 4-172
2026-05-31 18:29:55,970 INFO o.a.j.t.JMeterThread: Thread finished: S4 Spike (300t) 4-172
2026-05-31 18:29:56,016 INFO o.a.j.t.JMeterThread: Stopping because end time detected by thread: S4 Spike (300t) 4-199
2026-05-31 18:29:56,017 INFO o.a.j.t.JMeterThread: Thread finished: S4 Spike (300t) 4-199
2026-05-31 18:29:56,255 INFO o.a.j.t.JMeterThread: Stopping because end time detected by thread: S4 Spike (300t) 4-137
2026-05-31 18:29:56,255 INFO o.a.j.t.JMeterThread: Thread finished: S4 Spike (300t) 4-137
2026-05-31 18:29:56,409 INFO o.a.j.t.JMeterThread: Stopping because end time detected by thread: S4 Spike (300t) 4-24
2026-05-31 18:29:56,409 INFO o.a.j.t.JMeterThread: Thread finished: S4 Spike (300t) 4-24
2026-05-31 18:29:56,479 INFO o.a.j.t.JMeterThread: Stopping because end time detected by thread: S4 Spike (300t) 4-151
2026-05-31 18:29:56,480 INFO o.a.j.t.JMeterThread: Thread finished: S4 Spike (300t) 4-151
2026-05-31 18:29:56,536 INFO o.a.j.t.JMeterThread: Stopping because end time detected by thread: S4 Spike (300t) 4-142
2026-05-31 18:29:56,536 INFO o.a.j.t.JMeterThread: Thread finished: S4 Spike (300t) 4-142
2026-05-31 18:29:56,785 INFO o.a.j.t.JMeterThread: Stopping because end time detected by thread: S4 Spike (300t) 4-247
2026-05-31 18:29:56,785 INFO o.a.j.t.JMeterThread: Thread finished: S4 Spike (300t) 4-247
2026-05-31 18:29:56,801 INFO o.a.j.t.JMeterThread: Stopping because end time detected by thread: S4 Spike (300t) 4-7
2026-05-31 18:29:56,801 INFO o.a.j.t.JMeterThread: Thread finished: S4 Spike (300t) 4-7
2026-05-31 18:29:56,898 INFO o.a.j.t.JMeterThread: Stopping because end time detected by thread: S4 Spike (300t) 4-9
2026-05-31 18:29:56,898 INFO o.a.j.t.JMeterThread: Thread finished: S4 Spike (300t) 4-9
2026-05-31 18:29:56,946 INFO o.a.j.t.JMeterThread: Stopping because end time detected by thread: S4 Spike (300t) 4-116
2026-05-31 18:29:56,946 INFO o.a.j.t.JMeterThread: Thread finished: S4 Spike (300t) 4-116
2026-05-31 18:29:57,134 INFO o.a.j.t.JMeterThread: Stopping because end time detected by thread: S4 Spike (300t) 4-287
2026-05-31 18:29:57,134 INFO o.a.j.t.JMeterThread: Thread finished: S4 Spike (300t) 4-287
2026-05-31 18:29:57,448 INFO o.a.j.t.JMeterThread: Stopping because end time detected by thread: S4 Spike (300t) 4-113
2026-05-31 18:29:57,448 INFO o.a.j.t.JMeterThread: Thread finished: S4 Spike (300t) 4-113
2026-05-31 18:29:57,524 INFO o.a.j.t.JMeterThread: Stopping because end time detected by thread: S4 Spike (300t) 4-123
2026-05-31 18:29:57,524 INFO o.a.j.t.JMeterThread: Thread finished: S4 Spike (300t) 4-123
2026-05-31 18:29:57,720 INFO o.a.j.t.JMeterThread: Stopping because end time detected by thread: S4 Spike (300t) 4-101
2026-05-31 18:29:57,720 INFO o.a.j.t.JMeterThread: Thread finished: S4 Spike (300t) 4-101
2026-05-31 18:29:57,807 INFO o.a.j.t.JMeterThread: Stopping because end time detected by thread: S4 Spike (300t) 4-165
2026-05-31 18:29:57,807 INFO o.a.j.t.JMeterThread: Thread finished: S4 Spike (300t) 4-165
2026-05-31 18:29:57,846 INFO o.a.j.t.JMeterThread: Stopping because end time detected by thread: S4 Spike (300t) 4-89
2026-05-31 18:29:57,846 INFO o.a.j.t.JMeterThread: Thread finished: S4 Spike (300t) 4-89
2026-05-31 18:29:57,846 INFO o.a.j.t.JMeterThread: Stopping because end time detected by thread: S4 Spike (300t) 4-71
2026-05-31 18:29:57,846 INFO o.a.j.t.JMeterThread: Thread finished: S4 Spike (300t) 4-71
2026-05-31 18:29:57,869 INFO o.a.j.t.JMeterThread: Stopping because end time detected by thread: S4 Spike (300t) 4-266
2026-05-31 18:29:57,869 INFO o.a.j.t.JMeterThread: Thread finished: S4 Spike (300t) 4-266
2026-05-31 18:29:57,923 INFO o.a.j.t.JMeterThread: Stopping because end time detected by thread: S4 Spike (300t) 4-30
2026-05-31 18:29:57,923 INFO o.a.j.t.JMeterThread: Thread finished: S4 Spike (300t) 4-30
2026-05-31 18:29:58,068 INFO o.a.j.t.JMeterThread: Stopping because end time detected by thread: S4 Spike (300t) 4-167
2026-05-31 18:29:58,068 INFO o.a.j.t.JMeterThread: Thread finished: S4 Spike (300t) 4-167
2026-05-31 18:29:58,296 INFO o.a.j.t.JMeterThread: Stopping because end time detected by thread: S4 Spike (300t) 4-125
2026-05-31 18:29:58,296 INFO o.a.j.t.JMeterThread: Thread finished: S4 Spike (300t) 4-125
2026-05-31 18:29:58,305 INFO o.a.j.t.JMeterThread: Stopping because end time detected by thread: S4 Spike (300t) 4-149
2026-05-31 18:29:58,305 INFO o.a.j.t.JMeterThread: Thread finished: S4 Spike (300t) 4-149
2026-05-31 18:29:58,508 INFO o.a.j.t.JMeterThread: Stopping because end time detected by thread: S4 Spike (300t) 4-276
2026-05-31 18:29:58,508 INFO o.a.j.t.JMeterThread: Thread finished: S4 Spike (300t) 4-276
2026-05-31 18:29:58,536 INFO o.a.j.t.JMeterThread: Stopping because end time detected by thread: S4 Spike (300t) 4-208
2026-05-31 18:29:58,537 INFO o.a.j.t.JMeterThread: Thread finished: S4 Spike (300t) 4-208
2026-05-31 18:29:58,591 INFO o.a.j.t.JMeterThread: Stopping because end time detected by thread: S4 Spike (300t) 4-218
2026-05-31 18:29:58,591 INFO o.a.j.t.JMeterThread: Thread finished: S4 Spike (300t) 4-218
2026-05-31 18:29:58,648 INFO o.a.j.t.JMeterThread: Stopping because end time detected by thread: S4 Spike (300t) 4-234
2026-05-31 18:29:58,648 INFO o.a.j.t.JMeterThread: Thread finished: S4 Spike (300t) 4-234
2026-05-31 18:29:58,698 INFO o.a.j.t.JMeterThread: Stopping because end time detected by thread: S4 Spike (300t) 4-291
2026-05-31 18:29:58,698 INFO o.a.j.t.JMeterThread: Thread finished: S4 Spike (300t) 4-291
2026-05-31 18:29:58,704 INFO o.a.j.t.JMeterThread: Stopping because end time detected by thread: S4 Spike (300t) 4-37
2026-05-31 18:29:58,704 INFO o.a.j.t.JMeterThread: Thread finished: S4 Spike (300t) 4-37
2026-05-31 18:29:58,844 INFO o.a.j.t.JMeterThread: Stopping because end time detected by thread: S4 Spike (300t) 4-170
2026-05-31 18:29:58,845 INFO o.a.j.t.JMeterThread: Thread finished: S4 Spike (300t) 4-170
2026-05-31 18:29:58,948 INFO o.a.j.t.JMeterThread: Stopping because end time detected by thread: S4 Spike (300t) 4-92
2026-05-31 18:29:58,948 INFO o.a.j.t.JMeterThread: Thread finished: S4 Spike (300t) 4-92
2026-05-31 18:29:59,220 INFO o.a.j.t.JMeterThread: Stopping because end time detected by thread: S4 Spike (300t) 4-169
2026-05-31 18:29:59,220 INFO o.a.j.t.JMeterThread: Thread finished: S4 Spike (300t) 4-169
2026-05-31 18:29:59,313 INFO o.a.j.t.JMeterThread: Stopping because end time detected by thread: S4 Spike (300t) 4-288
2026-05-31 18:29:59,314 INFO o.a.j.t.JMeterThread: Thread finished: S4 Spike (300t) 4-288
2026-05-31 18:29:59,378 INFO o.a.j.t.JMeterThread: Stopping because end time detected by thread: S4 Spike (300t) 4-242
2026-05-31 18:29:59,378 INFO o.a.j.t.JMeterThread: Thread finished: S4 Spike (300t) 4-242
2026-05-31 18:29:59,502 INFO o.a.j.t.JMeterThread: Stopping because end time detected by thread: S4 Spike (300t) 4-277
2026-05-31 18:29:59,502 INFO o.a.j.t.JMeterThread: Thread finished: S4 Spike (300t) 4-277
2026-05-31 18:29:59,639 INFO o.a.j.t.JMeterThread: Stopping because end time detected by thread: S4 Spike (300t) 4-134
2026-05-31 18:29:59,641 INFO o.a.j.t.JMeterThread: Thread finished: S4 Spike (300t) 4-134
2026-05-31 18:30:00,165 INFO o.a.j.r.Summariser: summary +   5059 in 00:00:30 =  167.7/s Avg:  1615 Min:     1 Max: 34459 Err:  4747 (93.83%) Active: 23 Started: 750 Finished: 727
2026-05-31 18:30:00,165 INFO o.a.j.r.Summariser: summary = 169539 in 00:19:47 =  142.8/s Avg:  1063 Min:     1 Max: 40582 Err: 122862 (72.47%)
2026-05-31 18:30:00,165 INFO o.a.j.t.JMeterThread: Stopping because end time detected by thread: S4 Spike (300t) 4-222
2026-05-31 18:30:00,165 INFO o.a.j.t.JMeterThread: Thread finished: S4 Spike (300t) 4-222
2026-05-31 18:30:00,246 INFO o.a.j.t.JMeterThread: Stopping because end time detected by thread: S4 Spike (300t) 4-17
2026-05-31 18:30:00,246 INFO o.a.j.t.JMeterThread: Thread finished: S4 Spike (300t) 4-17
2026-05-31 18:30:00,537 INFO o.a.j.t.JMeterThread: Stopping because end time detected by thread: S4 Spike (300t) 4-229
2026-05-31 18:30:00,537 INFO o.a.j.t.JMeterThread: Thread finished: S4 Spike (300t) 4-229
2026-05-31 18:30:00,599 INFO o.a.j.t.JMeterThread: Stopping because end time detected by thread: S4 Spike (300t) 4-147
2026-05-31 18:30:00,599 INFO o.a.j.t.JMeterThread: Thread finished: S4 Spike (300t) 4-147
2026-05-31 18:30:00,757 INFO o.a.j.t.JMeterThread: Stopping because end time detected by thread: S4 Spike (300t) 4-102
2026-05-31 18:30:00,757 INFO o.a.j.t.JMeterThread: Thread finished: S4 Spike (300t) 4-102
2026-05-31 18:30:00,925 INFO o.a.j.t.JMeterThread: Stopping because end time detected by thread: S4 Spike (300t) 4-26
2026-05-31 18:30:00,925 INFO o.a.j.t.JMeterThread: Thread finished: S4 Spike (300t) 4-26
2026-05-31 18:30:01,058 INFO o.a.j.t.JMeterThread: Stopping because end time detected by thread: S4 Spike (300t) 4-5
2026-05-31 18:30:01,058 INFO o.a.j.t.JMeterThread: Thread finished: S4 Spike (300t) 4-5
2026-05-31 18:30:01,698 INFO o.a.j.t.JMeterThread: Stopping because end time detected by thread: S4 Spike (300t) 4-50
2026-05-31 18:30:01,698 INFO o.a.j.t.JMeterThread: Thread finished: S4 Spike (300t) 4-50
2026-05-31 18:30:02,100 INFO o.a.j.t.JMeterThread: Stopping because end time detected by thread: S4 Spike (300t) 4-194
2026-05-31 18:30:02,100 INFO o.a.j.t.JMeterThread: Thread finished: S4 Spike (300t) 4-194
2026-05-31 18:30:02,281 INFO o.a.j.t.JMeterThread: Stopping because end time detected by thread: S4 Spike (300t) 4-55
2026-05-31 18:30:02,281 INFO o.a.j.t.JMeterThread: Thread finished: S4 Spike (300t) 4-55
2026-05-31 18:30:02,536 INFO o.a.j.t.JMeterThread: Stopping because end time detected by thread: S4 Spike (300t) 4-217
2026-05-31 18:30:02,536 INFO o.a.j.t.JMeterThread: Thread finished: S4 Spike (300t) 4-217
2026-05-31 18:30:02,735 INFO o.a.j.t.JMeterThread: Stopping because end time detected by thread: S4 Spike (300t) 4-285
2026-05-31 18:30:02,735 INFO o.a.j.t.JMeterThread: Thread finished: S4 Spike (300t) 4-285
2026-05-31 18:30:02,923 INFO o.a.j.t.JMeterThread: Stopping because end time detected by thread: S4 Spike (300t) 4-139
2026-05-31 18:30:02,923 INFO o.a.j.t.JMeterThread: Thread finished: S4 Spike (300t) 4-139
2026-05-31 18:30:03,058 INFO o.a.j.t.JMeterThread: Stopping because end time detected by thread: S4 Spike (300t) 4-226
2026-05-31 18:30:03,058 INFO o.a.j.t.JMeterThread: Thread finished: S4 Spike (300t) 4-226
2026-05-31 18:30:03,490 INFO o.a.j.t.JMeterThread: Stopping because end time detected by thread: S4 Spike (300t) 4-214
2026-05-31 18:30:03,490 INFO o.a.j.t.JMeterThread: Thread finished: S4 Spike (300t) 4-214
2026-05-31 18:30:03,837 INFO o.a.j.t.JMeterThread: Stopping because end time detected by thread: S4 Spike (300t) 4-231
2026-05-31 18:30:03,837 INFO o.a.j.t.JMeterThread: Thread finished: S4 Spike (300t) 4-231
2026-05-31 18:30:03,981 INFO o.a.j.t.JMeterThread: Stopping because end time detected by thread: S4 Spike (300t) 4-262
2026-05-31 18:30:03,981 INFO o.a.j.t.JMeterThread: Thread finished: S4 Spike (300t) 4-262
2026-05-31 18:30:04,065 INFO o.a.j.t.JMeterThread: Stopping because end time detected by thread: S4 Spike (300t) 4-152
2026-05-31 18:30:04,066 INFO o.a.j.t.JMeterThread: Thread finished: S4 Spike (300t) 4-152
2026-05-31 18:30:04,688 INFO o.a.j.t.JMeterThread: Stopping because end time detected by thread: S4 Spike (300t) 4-244
2026-05-31 18:30:04,688 INFO o.a.j.t.JMeterThread: Thread finished: S4 Spike (300t) 4-244
2026-05-31 18:30:04,742 INFO o.a.j.t.JMeterThread: Stopping because end time detected by thread: S4 Spike (300t) 4-273
2026-05-31 18:30:04,742 INFO o.a.j.t.JMeterThread: Thread finished: S4 Spike (300t) 4-273
2026-05-31 18:30:04,950 INFO o.a.j.t.JMeterThread: Stopping because end time detected by thread: S4 Spike (300t) 4-104
2026-05-31 18:30:04,950 INFO o.a.j.t.JMeterThread: Thread finished: S4 Spike (300t) 4-104
2026-05-31 18:30:05,178 INFO o.a.j.t.JMeterThread: Stopping because end time detected by thread: S4 Spike (300t) 4-6
2026-05-31 18:30:05,178 INFO o.a.j.t.JMeterThread: Thread finished: S4 Spike (300t) 4-6
2026-05-31 18:30:05,226 INFO o.a.j.t.JMeterThread: Stopping because end time detected by thread: S4 Spike (300t) 4-117
2026-05-31 18:30:05,226 INFO o.a.j.t.JMeterThread: Thread finished: S4 Spike (300t) 4-117
2026-05-31 18:30:05,227 INFO o.a.j.e.StandardJMeterEngine: Starting ThreadGroup: 5 : S5 Overload (500t)
2026-05-31 18:30:05,227 INFO o.a.j.e.StandardJMeterEngine: Starting 500 threads for group S5 Overload (500t).
2026-05-31 18:30:05,227 INFO o.a.j.e.StandardJMeterEngine: Thread will continue on error
2026-05-31 18:30:05,228 INFO o.a.j.t.ThreadGroup: Starting thread group... number=5 threads=500 ramp-up=10 delayedStart=false
2026-05-31 18:30:05,229 INFO o.a.j.t.JMeterThread: Thread started: S5 Overload (500t) 5-1
2026-05-31 18:30:05,261 INFO o.a.j.t.JMeterThread: Thread started: S5 Overload (500t) 5-2
2026-05-31 18:30:05,273 INFO o.a.j.t.ThreadGroup: Started thread group number 5
2026-05-31 18:30:05,273 INFO o.a.j.e.StandardJMeterEngine: All thread groups have been started
2026-05-31 18:30:05,277 INFO o.a.j.t.JMeterThread: Thread started: S5 Overload (500t) 5-3
2026-05-31 18:30:05,292 INFO o.a.j.t.JMeterThread: Thread started: S5 Overload (500t) 5-4
2026-05-31 18:30:05,322 INFO o.a.j.t.JMeterThread: Thread started: S5 Overload (500t) 5-5
2026-05-31 18:30:05,338 INFO o.a.j.t.JMeterThread: Thread started: S5 Overload (500t) 5-6
2026-05-31 18:30:05,353 INFO o.a.j.t.JMeterThread: Thread started: S5 Overload (500t) 5-7
2026-05-31 18:30:05,384 INFO o.a.j.t.JMeterThread: Thread started: S5 Overload (500t) 5-8
2026-05-31 18:30:05,399 INFO o.a.j.t.JMeterThread: Thread started: S5 Overload (500t) 5-9
2026-05-31 18:30:05,417 INFO o.a.j.t.JMeterThread: Thread started: S5 Overload (500t) 5-10
2026-05-31 18:30:05,430 INFO o.a.j.t.JMeterThread: Thread started: S5 Overload (500t) 5-11
2026-05-31 18:30:05,451 INFO o.a.j.t.JMeterThread: Thread started: S5 Overload (500t) 5-12
2026-05-31 18:30:05,474 INFO o.a.j.t.JMeterThread: Thread started: S5 Overload (500t) 5-13
2026-05-31 18:30:05,492 INFO o.a.j.t.JMeterThread: Thread started: S5 Overload (500t) 5-14
2026-05-31 18:30:05,511 INFO o.a.j.t.JMeterThread: Thread started: S5 Overload (500t) 5-15
2026-05-31 18:30:05,531 INFO o.a.j.t.JMeterThread: Thread started: S5 Overload (500t) 5-16
2026-05-31 18:30:05,552 INFO o.a.j.t.JMeterThread: Thread started: S5 Overload (500t) 5-17
2026-05-31 18:30:05,571 INFO o.a.j.t.JMeterThread: Thread started: S5 Overload (500t) 5-18
2026-05-31 18:30:05,590 INFO o.a.j.t.JMeterThread: Thread started: S5 Overload (500t) 5-19
2026-05-31 18:30:05,611 INFO o.a.j.t.JMeterThread: Thread started: S5 Overload (500t) 5-20
2026-05-31 18:30:05,633 INFO o.a.j.t.JMeterThread: Thread started: S5 Overload (500t) 5-21
2026-05-31 18:30:05,651 INFO o.a.j.t.JMeterThread: Thread started: S5 Overload (500t) 5-22
2026-05-31 18:30:05,670 INFO o.a.j.t.JMeterThread: Thread started: S5 Overload (500t) 5-23
2026-05-31 18:30:05,692 INFO o.a.j.t.JMeterThread: Thread started: S5 Overload (500t) 5-24
2026-05-31 18:30:05,713 INFO o.a.j.t.JMeterThread: Thread started: S5 Overload (500t) 5-25
2026-05-31 18:30:05,731 INFO o.a.j.t.JMeterThread: Thread started: S5 Overload (500t) 5-26
2026-05-31 18:30:05,751 INFO o.a.j.t.JMeterThread: Thread started: S5 Overload (500t) 5-27
2026-05-31 18:30:05,772 INFO o.a.j.t.JMeterThread: Thread started: S5 Overload (500t) 5-28
2026-05-31 18:30:05,817 INFO o.a.j.t.JMeterThread: Thread started: S5 Overload (500t) 5-30
2026-05-31 18:30:05,818 INFO o.a.j.t.JMeterThread: Thread started: S5 Overload (500t) 5-29
2026-05-31 18:30:05,831 INFO o.a.j.t.JMeterThread: Thread started: S5 Overload (500t) 5-31
2026-05-31 18:30:05,852 INFO o.a.j.t.JMeterThread: Thread started: S5 Overload (500t) 5-32
2026-05-31 18:30:05,872 INFO o.a.j.t.JMeterThread: Thread started: S5 Overload (500t) 5-33
2026-05-31 18:30:05,890 INFO o.a.j.t.JMeterThread: Thread started: S5 Overload (500t) 5-34
2026-05-31 18:30:05,912 INFO o.a.j.t.JMeterThread: Thread started: S5 Overload (500t) 5-35
2026-05-31 18:30:05,965 INFO o.a.j.t.JMeterThread: Thread started: S5 Overload (500t) 5-37
2026-05-31 18:30:05,973 INFO o.a.j.t.JMeterThread: Thread started: S5 Overload (500t) 5-38
2026-05-31 18:30:05,978 INFO o.a.j.t.JMeterThread: Thread started: S5 Overload (500t) 5-36
2026-05-31 18:30:05,993 INFO o.a.j.t.JMeterThread: Thread started: S5 Overload (500t) 5-39
2026-05-31 18:30:06,014 INFO o.a.j.t.JMeterThread: Thread started: S5 Overload (500t) 5-40
2026-05-31 18:30:06,034 INFO o.a.j.t.JMeterThread: Thread started: S5 Overload (500t) 5-41
2026-05-31 18:30:06,054 INFO o.a.j.t.JMeterThread: Thread started: S5 Overload (500t) 5-42
2026-05-31 18:30:06,075 INFO o.a.j.t.JMeterThread: Thread started: S5 Overload (500t) 5-43
2026-05-31 18:30:06,095 INFO o.a.j.t.JMeterThread: Thread started: S5 Overload (500t) 5-44
2026-05-31 18:30:06,115 INFO o.a.j.t.JMeterThread: Thread started: S5 Overload (500t) 5-45
2026-05-31 18:30:06,136 INFO o.a.j.t.JMeterThread: Thread started: S5 Overload (500t) 5-46
2026-05-31 18:30:06,156 INFO o.a.j.t.JMeterThread: Thread started: S5 Overload (500t) 5-47
2026-05-31 18:30:06,175 INFO o.a.j.t.JMeterThread: Thread started: S5 Overload (500t) 5-48
2026-05-31 18:30:06,193 INFO o.a.j.t.JMeterThread: Thread started: S5 Overload (500t) 5-49
2026-05-31 18:30:06,229 INFO o.a.j.t.JMeterThread: Thread started: S5 Overload (500t) 5-51
2026-05-31 18:30:06,248 INFO o.a.j.t.JMeterThread: Thread started: S5 Overload (500t) 5-50
2026-05-31 18:30:06,255 INFO o.a.j.t.JMeterThread: Thread started: S5 Overload (500t) 5-52
2026-05-31 18:30:06,275 INFO o.a.j.t.JMeterThread: Thread started: S5 Overload (500t) 5-53
2026-05-31 18:30:06,297 INFO o.a.j.t.JMeterThread: Thread started: S5 Overload (500t) 5-54
2026-05-31 18:30:06,316 INFO o.a.j.t.JMeterThread: Thread started: S5 Overload (500t) 5-55
2026-05-31 18:30:06,335 INFO o.a.j.t.JMeterThread: Thread started: S5 Overload (500t) 5-56
2026-05-31 18:30:06,355 INFO o.a.j.t.JMeterThread: Thread started: S5 Overload (500t) 5-57
2026-05-31 18:30:06,376 INFO o.a.j.t.JMeterThread: Thread started: S5 Overload (500t) 5-58
2026-05-31 18:30:06,411 INFO o.a.j.t.JMeterThread: Thread started: S5 Overload (500t) 5-59
2026-05-31 18:30:06,419 INFO o.a.j.t.JMeterThread: Thread started: S5 Overload (500t) 5-60
2026-05-31 18:30:06,439 INFO o.a.j.t.JMeterThread: Thread started: S5 Overload (500t) 5-61
2026-05-31 18:30:06,472 INFO o.a.j.t.JMeterThread: Thread started: S5 Overload (500t) 5-62
2026-05-31 18:30:06,478 INFO o.a.j.t.JMeterThread: Thread started: S5 Overload (500t) 5-63
2026-05-31 18:30:06,498 INFO o.a.j.t.JMeterThread: Thread started: S5 Overload (500t) 5-64
2026-05-31 18:30:06,528 INFO o.a.j.t.JMeterThread: Thread started: S5 Overload (500t) 5-66
2026-05-31 18:30:06,549 INFO o.a.j.t.JMeterThread: Thread started: S5 Overload (500t) 5-65
2026-05-31 18:30:06,560 INFO o.a.j.t.JMeterThread: Thread started: S5 Overload (500t) 5-67
2026-05-31 18:30:06,581 INFO o.a.j.t.JMeterThread: Thread started: S5 Overload (500t) 5-68
2026-05-31 18:30:06,624 INFO o.a.j.t.JMeterThread: Thread started: S5 Overload (500t) 5-70
2026-05-31 18:30:06,629 INFO o.a.j.t.JMeterThread: Thread started: S5 Overload (500t) 5-69
2026-05-31 18:30:06,642 INFO o.a.j.t.JMeterThread: Thread started: S5 Overload (500t) 5-71
2026-05-31 18:30:06,650 INFO o.a.j.t.JMeterThread: Thread started: S5 Overload (500t) 5-72
2026-05-31 18:30:06,682 INFO o.a.j.t.JMeterThread: Thread started: S5 Overload (500t) 5-73
2026-05-31 18:30:06,702 INFO o.a.j.t.JMeterThread: Thread started: S5 Overload (500t) 5-74
2026-05-31 18:30:06,722 INFO o.a.j.t.JMeterThread: Thread started: S5 Overload (500t) 5-75
2026-05-31 18:30:06,743 INFO o.a.j.t.JMeterThread: Thread started: S5 Overload (500t) 5-76
2026-05-31 18:30:06,761 INFO o.a.j.t.JMeterThread: Thread started: S5 Overload (500t) 5-77
2026-05-31 18:30:06,782 INFO o.a.j.t.JMeterThread: Thread started: S5 Overload (500t) 5-78
2026-05-31 18:30:06,802 INFO o.a.j.t.JMeterThread: Thread started: S5 Overload (500t) 5-79
2026-05-31 18:30:06,822 INFO o.a.j.t.JMeterThread: Thread started: S5 Overload (500t) 5-80
2026-05-31 18:30:06,829 INFO o.a.j.t.JMeterThread: Thread started: S5 Overload (500t) 5-81
2026-05-31 18:30:06,862 INFO o.a.j.t.JMeterThread: Thread started: S5 Overload (500t) 5-82
2026-05-31 18:30:06,882 INFO o.a.j.t.JMeterThread: Thread started: S5 Overload (500t) 5-83
2026-05-31 18:30:06,903 INFO o.a.j.t.JMeterThread: Thread started: S5 Overload (500t) 5-84
2026-05-31 18:30:06,922 INFO o.a.j.t.JMeterThread: Thread started: S5 Overload (500t) 5-85
2026-05-31 18:30:06,943 INFO o.a.j.t.JMeterThread: Thread started: S5 Overload (500t) 5-86
2026-05-31 18:30:06,962 INFO o.a.j.t.JMeterThread: Thread started: S5 Overload (500t) 5-87
2026-05-31 18:30:06,983 INFO o.a.j.t.JMeterThread: Thread started: S5 Overload (500t) 5-88
2026-05-31 18:30:07,003 INFO o.a.j.t.JMeterThread: Thread started: S5 Overload (500t) 5-89
2026-05-31 18:30:07,022 INFO o.a.j.t.JMeterThread: Thread started: S5 Overload (500t) 5-90
2026-05-31 18:30:07,043 INFO o.a.j.t.JMeterThread: Thread started: S5 Overload (500t) 5-91
2026-05-31 18:30:07,078 INFO o.a.j.t.JMeterThread: Thread started: S5 Overload (500t) 5-92
2026-05-31 18:30:07,097 INFO o.a.j.t.JMeterThread: Thread started: S5 Overload (500t) 5-93
2026-05-31 18:30:07,117 INFO o.a.j.t.JMeterThread: Thread started: S5 Overload (500t) 5-94
2026-05-31 18:30:07,122 INFO o.a.j.t.JMeterThread: Thread started: S5 Overload (500t) 5-95
2026-05-31 18:30:07,142 INFO o.a.j.t.JMeterThread: Thread started: S5 Overload (500t) 5-96
2026-05-31 18:30:07,163 INFO o.a.j.t.JMeterThread: Thread started: S5 Overload (500t) 5-97
2026-05-31 18:30:07,183 INFO o.a.j.t.JMeterThread: Thread started: S5 Overload (500t) 5-98
2026-05-31 18:30:07,203 INFO o.a.j.t.JMeterThread: Thread started: S5 Overload (500t) 5-99
2026-05-31 18:30:07,223 INFO o.a.j.t.JMeterThread: Thread started: S5 Overload (500t) 5-100
2026-05-31 18:30:07,244 INFO o.a.j.t.JMeterThread: Thread started: S5 Overload (500t) 5-101
2026-05-31 18:30:07,262 INFO o.a.j.t.JMeterThread: Thread started: S5 Overload (500t) 5-102
2026-05-31 18:30:07,282 INFO o.a.j.t.JMeterThread: Thread started: S5 Overload (500t) 5-103
2026-05-31 18:30:07,301 INFO o.a.j.t.JMeterThread: Thread started: S5 Overload (500t) 5-104
2026-05-31 18:30:07,337 INFO o.a.j.t.JMeterThread: Thread started: S5 Overload (500t) 5-105
2026-05-31 18:30:07,360 INFO o.a.j.t.JMeterThread: Thread started: S5 Overload (500t) 5-106
2026-05-31 18:30:07,381 INFO o.a.j.t.JMeterThread: Thread started: S5 Overload (500t) 5-108
2026-05-31 18:30:07,401 INFO o.a.j.t.JMeterThread: Thread started: S5 Overload (500t) 5-109
2026-05-31 18:30:07,407 INFO o.a.j.t.JMeterThread: Thread started: S5 Overload (500t) 5-107
2026-05-31 18:30:07,423 INFO o.a.j.t.JMeterThread: Thread started: S5 Overload (500t) 5-110
2026-05-31 18:30:07,457 INFO o.a.j.t.JMeterThread: Thread started: S5 Overload (500t) 5-111
2026-05-31 18:30:07,462 INFO o.a.j.t.JMeterThread: Thread started: S5 Overload (500t) 5-112
2026-05-31 18:30:07,481 INFO o.a.j.t.JMeterThread: Thread started: S5 Overload (500t) 5-113
2026-05-31 18:30:07,504 INFO o.a.j.t.JMeterThread: Thread started: S5 Overload (500t) 5-114
2026-05-31 18:30:07,524 INFO o.a.j.t.JMeterThread: Thread started: S5 Overload (500t) 5-115
2026-05-31 18:30:07,545 INFO o.a.j.t.JMeterThread: Thread started: S5 Overload (500t) 5-116
2026-05-31 18:30:07,565 INFO o.a.j.t.JMeterThread: Thread started: S5 Overload (500t) 5-117
2026-05-31 18:30:07,585 INFO o.a.j.t.JMeterThread: Thread started: S5 Overload (500t) 5-118
2026-05-31 18:30:07,625 INFO o.a.j.t.JMeterThread: Thread started: S5 Overload (500t) 5-120
2026-05-31 18:30:07,646 INFO o.a.j.t.JMeterThread: Thread started: S5 Overload (500t) 5-121
2026-05-31 18:30:07,647 INFO o.a.j.t.JMeterThread: Thread started: S5 Overload (500t) 5-119
2026-05-31 18:30:07,664 INFO o.a.j.t.JMeterThread: Thread started: S5 Overload (500t) 5-122
2026-05-31 18:30:07,698 INFO o.a.j.t.JMeterThread: Thread started: S5 Overload (500t) 5-123
2026-05-31 18:30:07,719 INFO o.a.j.t.JMeterThread: Thread started: S5 Overload (500t) 5-124
2026-05-31 18:30:07,739 INFO o.a.j.t.JMeterThread: Thread started: S5 Overload (500t) 5-125
2026-05-31 18:30:07,745 INFO o.a.j.t.JMeterThread: Thread started: S5 Overload (500t) 5-126
2026-05-31 18:30:07,785 INFO o.a.j.t.JMeterThread: Thread started: S5 Overload (500t) 5-128
2026-05-31 18:30:07,807 INFO o.a.j.t.JMeterThread: Thread started: S5 Overload (500t) 5-127
2026-05-31 18:30:07,807 INFO o.a.j.t.JMeterThread: Thread started: S5 Overload (500t) 5-129
2026-05-31 18:30:07,827 INFO o.a.j.t.JMeterThread: Thread started: S5 Overload (500t) 5-130
2026-05-31 18:30:07,848 INFO o.a.j.t.JMeterThread: Thread started: S5 Overload (500t) 5-131
2026-05-31 18:30:07,867 INFO o.a.j.t.JMeterThread: Thread started: S5 Overload (500t) 5-132
2026-05-31 18:30:07,902 INFO o.a.j.t.JMeterThread: Thread started: S5 Overload (500t) 5-133
2026-05-31 18:30:07,922 INFO o.a.j.t.JMeterThread: Thread started: S5 Overload (500t) 5-134
2026-05-31 18:30:07,943 INFO o.a.j.t.JMeterThread: Thread started: S5 Overload (500t) 5-135
2026-05-31 18:30:07,946 INFO o.a.j.t.JMeterThread: Thread started: S5 Overload (500t) 5-136
2026-05-31 18:30:07,966 INFO o.a.j.t.JMeterThread: Thread started: S5 Overload (500t) 5-137
2026-05-31 18:30:07,985 INFO o.a.j.t.JMeterThread: Thread started: S5 Overload (500t) 5-138
2026-05-31 18:30:08,006 INFO o.a.j.t.JMeterThread: Thread started: S5 Overload (500t) 5-139
2026-05-31 18:30:08,027 INFO o.a.j.t.JMeterThread: Thread started: S5 Overload (500t) 5-140
2026-05-31 18:30:08,047 INFO o.a.j.t.JMeterThread: Thread started: S5 Overload (500t) 5-141
2026-05-31 18:30:08,066 INFO o.a.j.t.JMeterThread: Thread started: S5 Overload (500t) 5-142
2026-05-31 18:30:08,086 INFO o.a.j.t.JMeterThread: Thread started: S5 Overload (500t) 5-143
2026-05-31 18:30:08,089 INFO o.a.j.t.JMeterThread: Thread started: S5 Overload (500t) 5-144
2026-05-31 18:30:08,127 INFO o.a.j.t.JMeterThread: Thread started: S5 Overload (500t) 5-145
2026-05-31 18:30:08,153 INFO o.a.j.t.JMeterThread: Thread started: S5 Overload (500t) 5-147
2026-05-31 18:30:08,189 INFO o.a.j.t.JMeterThread: Thread started: S5 Overload (500t) 5-146
2026-05-31 18:30:08,201 INFO o.a.j.t.JMeterThread: Thread started: S5 Overload (500t) 5-148
2026-05-31 18:30:08,222 INFO o.a.j.t.JMeterThread: Thread started: S5 Overload (500t) 5-149
2026-05-31 18:30:08,225 INFO o.a.j.t.JMeterThread: Thread started: S5 Overload (500t) 5-150
2026-05-31 18:30:08,258 INFO o.a.j.t.JMeterThread: Thread started: S5 Overload (500t) 5-151
2026-05-31 18:30:08,263 INFO o.a.j.t.JMeterThread: Thread started: S5 Overload (500t) 5-152
2026-05-31 18:30:08,317 INFO o.a.j.t.JMeterThread: Thread started: S5 Overload (500t) 5-154
2026-05-31 18:30:08,323 INFO o.a.j.t.JMeterThread: Thread started: S5 Overload (500t) 5-155
2026-05-31 18:30:08,326 INFO o.a.j.t.JMeterThread: Thread started: S5 Overload (500t) 5-153
2026-05-31 18:30:08,344 INFO o.a.j.t.JMeterThread: Thread started: S5 Overload (500t) 5-156
2026-05-31 18:30:08,364 INFO o.a.j.t.JMeterThread: Thread started: S5 Overload (500t) 5-157
2026-05-31 18:30:08,384 INFO o.a.j.t.JMeterThread: Thread started: S5 Overload (500t) 5-158
2026-05-31 18:30:08,404 INFO o.a.j.t.JMeterThread: Thread started: S5 Overload (500t) 5-159
2026-05-31 18:30:08,423 INFO o.a.j.t.JMeterThread: Thread started: S5 Overload (500t) 5-160
2026-05-31 18:30:08,444 INFO o.a.j.t.JMeterThread: Thread started: S5 Overload (500t) 5-161
2026-05-31 18:30:08,450 INFO o.a.j.t.JMeterThread: Thread started: S5 Overload (500t) 5-162
2026-05-31 18:30:08,500 INFO o.a.j.t.JMeterThread: Thread started: S5 Overload (500t) 5-163
2026-05-31 18:30:08,503 INFO o.a.j.t.JMeterThread: Thread started: S5 Overload (500t) 5-164
2026-05-31 18:30:08,523 INFO o.a.j.t.JMeterThread: Thread started: S5 Overload (500t) 5-165
2026-05-31 18:30:08,548 INFO o.a.j.t.JMeterThread: Thread started: S5 Overload (500t) 5-167
2026-05-31 18:30:08,557 INFO o.a.j.t.JMeterThread: Thread started: S5 Overload (500t) 5-166
2026-05-31 18:30:08,582 INFO o.a.j.t.JMeterThread: Thread started: S5 Overload (500t) 5-168
2026-05-31 18:30:08,602 INFO o.a.j.t.JMeterThread: Thread started: S5 Overload (500t) 5-169
2026-05-31 18:30:08,624 INFO o.a.j.t.JMeterThread: Thread started: S5 Overload (500t) 5-170
2026-05-31 18:30:08,643 INFO o.a.j.t.JMeterThread: Thread started: S5 Overload (500t) 5-171
2026-05-31 18:30:08,663 INFO o.a.j.t.JMeterThread: Thread started: S5 Overload (500t) 5-172
2026-05-31 18:30:08,683 INFO o.a.j.t.JMeterThread: Thread started: S5 Overload (500t) 5-173
2026-05-31 18:30:08,690 INFO o.a.j.t.JMeterThread: Thread started: S5 Overload (500t) 5-174
2026-05-31 18:30:08,739 INFO o.a.j.t.JMeterThread: Thread started: S5 Overload (500t) 5-175
2026-05-31 18:30:08,759 INFO o.a.j.t.JMeterThread: Thread started: S5 Overload (500t) 5-176
2026-05-31 18:30:08,779 INFO o.a.j.t.JMeterThread: Thread started: S5 Overload (500t) 5-177
2026-05-31 18:30:08,783 INFO o.a.j.t.JMeterThread: Thread started: S5 Overload (500t) 5-178
2026-05-31 18:30:08,805 INFO o.a.j.t.JMeterThread: Thread started: S5 Overload (500t) 5-179
2026-05-31 18:30:08,824 INFO o.a.j.t.JMeterThread: Thread started: S5 Overload (500t) 5-180
2026-05-31 18:30:08,844 INFO o.a.j.t.JMeterThread: Thread started: S5 Overload (500t) 5-181
2026-05-31 18:30:08,864 INFO o.a.j.t.JMeterThread: Thread started: S5 Overload (500t) 5-182
2026-05-31 18:30:08,884 INFO o.a.j.t.JMeterThread: Thread started: S5 Overload (500t) 5-183
2026-05-31 18:30:08,890 INFO o.a.j.t.JMeterThread: Thread started: S5 Overload (500t) 5-184
2026-05-31 18:30:08,924 INFO o.a.j.t.JMeterThread: Thread started: S5 Overload (500t) 5-185
2026-05-31 18:30:08,945 INFO o.a.j.t.JMeterThread: Thread started: S5 Overload (500t) 5-186
2026-05-31 18:30:08,964 INFO o.a.j.t.JMeterThread: Thread started: S5 Overload (500t) 5-187
2026-05-31 18:30:09,004 INFO o.a.j.t.JMeterThread: Thread started: S5 Overload (500t) 5-188
2026-05-31 18:30:09,024 INFO o.a.j.t.JMeterThread: Thread started: S5 Overload (500t) 5-189
2026-05-31 18:30:09,024 INFO o.a.j.t.JMeterThread: Thread started: S5 Overload (500t) 5-190
2026-05-31 18:30:09,051 INFO o.a.j.t.JMeterThread: Thread started: S5 Overload (500t) 5-192
2026-05-31 18:30:09,064 INFO o.a.j.t.JMeterThread: Thread started: S5 Overload (500t) 5-191
2026-05-31 18:30:09,103 INFO o.a.j.t.JMeterThread: Thread started: S5 Overload (500t) 5-193
2026-05-31 18:30:09,129 INFO o.a.j.t.JMeterThread: Thread started: S5 Overload (500t) 5-194
2026-05-31 18:30:09,145 INFO o.a.j.t.JMeterThread: Thread started: S5 Overload (500t) 5-196
2026-05-31 18:30:09,150 INFO o.a.j.t.JMeterThread: Thread started: S5 Overload (500t) 5-195
2026-05-31 18:30:09,184 INFO o.a.j.t.JMeterThread: Thread started: S5 Overload (500t) 5-198
2026-05-31 18:30:09,190 INFO o.a.j.t.JMeterThread: Thread started: S5 Overload (500t) 5-197
2026-05-31 18:30:09,204 INFO o.a.j.t.JMeterThread: Thread started: S5 Overload (500t) 5-199
2026-05-31 18:30:09,226 INFO o.a.j.t.JMeterThread: Thread started: S5 Overload (500t) 5-200
2026-05-31 18:30:09,245 INFO o.a.j.t.JMeterThread: Thread started: S5 Overload (500t) 5-201
2026-05-31 18:30:09,265 INFO o.a.j.t.JMeterThread: Thread started: S5 Overload (500t) 5-202
2026-05-31 18:30:09,289 INFO o.a.j.t.JMeterThread: Thread started: S5 Overload (500t) 5-203
2026-05-31 18:30:09,330 INFO o.a.j.t.JMeterThread: Thread started: S5 Overload (500t) 5-205
2026-05-31 18:30:09,338 INFO o.a.j.t.JMeterThread: Thread started: S5 Overload (500t) 5-204
2026-05-31 18:30:09,344 INFO o.a.j.t.JMeterThread: Thread started: S5 Overload (500t) 5-206
2026-05-31 18:30:09,365 INFO o.a.j.t.JMeterThread: Thread started: S5 Overload (500t) 5-207
2026-05-31 18:30:09,384 INFO o.a.j.t.JMeterThread: Thread started: S5 Overload (500t) 5-208
2026-05-31 18:30:09,404 INFO o.a.j.t.JMeterThread: Thread started: S5 Overload (500t) 5-209
2026-05-31 18:30:09,424 INFO o.a.j.t.JMeterThread: Thread started: S5 Overload (500t) 5-210
2026-05-31 18:30:09,445 INFO o.a.j.t.JMeterThread: Thread started: S5 Overload (500t) 5-211
2026-05-31 18:30:09,449 INFO o.a.j.t.JMeterThread: Thread started: S5 Overload (500t) 5-212
2026-05-31 18:30:09,469 INFO o.a.j.t.JMeterThread: Thread started: S5 Overload (500t) 5-213
2026-05-31 18:30:09,505 INFO o.a.j.t.JMeterThread: Thread started: S5 Overload (500t) 5-214
2026-05-31 18:30:09,509 INFO o.a.j.t.JMeterThread: Thread started: S5 Overload (500t) 5-215
2026-05-31 18:30:09,544 INFO o.a.j.t.JMeterThread: Thread started: S5 Overload (500t) 5-216
2026-05-31 18:30:09,588 INFO o.a.j.t.JMeterThread: Thread started: S5 Overload (500t) 5-218
2026-05-31 18:30:09,598 INFO o.a.j.t.JMeterThread: Thread started: S5 Overload (500t) 5-217
2026-05-31 18:30:09,624 INFO o.a.j.t.JMeterThread: Thread started: S5 Overload (500t) 5-220
2026-05-31 18:30:09,638 INFO o.a.j.t.JMeterThread: Thread started: S5 Overload (500t) 5-219
2026-05-31 18:30:09,644 INFO o.a.j.t.JMeterThread: Thread started: S5 Overload (500t) 5-221
2026-05-31 18:30:09,664 INFO o.a.j.t.JMeterThread: Thread started: S5 Overload (500t) 5-222
2026-05-31 18:30:09,684 INFO o.a.j.t.JMeterThread: Thread started: S5 Overload (500t) 5-223
2026-05-31 18:30:09,704 INFO o.a.j.t.JMeterThread: Thread started: S5 Overload (500t) 5-224
2026-05-31 18:30:09,724 INFO o.a.j.t.JMeterThread: Thread started: S5 Overload (500t) 5-225
2026-05-31 18:30:09,744 INFO o.a.j.t.JMeterThread: Thread started: S5 Overload (500t) 5-226
2026-05-31 18:30:09,764 INFO o.a.j.t.JMeterThread: Thread started: S5 Overload (500t) 5-227
2026-05-31 18:30:09,785 INFO o.a.j.t.JMeterThread: Thread started: S5 Overload (500t) 5-228
2026-05-31 18:30:09,789 INFO o.a.j.t.JMeterThread: Thread started: S5 Overload (500t) 5-229
2026-05-31 18:30:09,824 INFO o.a.j.t.JMeterThread: Thread started: S5 Overload (500t) 5-230
2026-05-31 18:30:09,847 INFO o.a.j.t.JMeterThread: Thread started: S5 Overload (500t) 5-231
2026-05-31 18:30:09,868 INFO o.a.j.t.JMeterThread: Thread started: S5 Overload (500t) 5-232
2026-05-31 18:30:09,891 INFO o.a.j.t.JMeterThread: Thread started: S5 Overload (500t) 5-234
2026-05-31 18:30:09,917 INFO o.a.j.t.JMeterThread: Thread started: S5 Overload (500t) 5-233
2026-05-31 18:30:09,925 INFO o.a.j.t.JMeterThread: Thread started: S5 Overload (500t) 5-235
2026-05-31 18:30:09,944 INFO o.a.j.t.JMeterThread: Thread started: S5 Overload (500t) 5-236
2026-05-31 18:30:09,965 INFO o.a.j.t.JMeterThread: Thread started: S5 Overload (500t) 5-237
2026-05-31 18:30:09,971 INFO o.a.j.t.JMeterThread: Thread started: S5 Overload (500t) 5-238
2026-05-31 18:30:10,005 INFO o.a.j.t.JMeterThread: Thread started: S5 Overload (500t) 5-239
2026-05-31 18:30:10,023 INFO o.a.j.t.JMeterThread: Thread started: S5 Overload (500t) 5-240
2026-05-31 18:30:10,043 INFO o.a.j.t.JMeterThread: Thread started: S5 Overload (500t) 5-241
2026-05-31 18:30:10,063 INFO o.a.j.t.JMeterThread: Thread started: S5 Overload (500t) 5-242
2026-05-31 18:30:10,083 INFO o.a.j.t.JMeterThread: Thread started: S5 Overload (500t) 5-243
2026-05-31 18:30:10,103 INFO o.a.j.t.JMeterThread: Thread started: S5 Overload (500t) 5-244
2026-05-31 18:30:10,126 INFO o.a.j.t.JMeterThread: Thread started: S5 Overload (500t) 5-245
2026-05-31 18:30:10,147 INFO o.a.j.t.JMeterThread: Thread started: S5 Overload (500t) 5-246
2026-05-31 18:30:10,167 INFO o.a.j.t.JMeterThread: Thread started: S5 Overload (500t) 5-247
2026-05-31 18:30:10,184 INFO o.a.j.t.JMeterThread: Thread started: S5 Overload (500t) 5-248
2026-05-31 18:30:10,232 INFO o.a.j.t.JMeterThread: Thread started: S5 Overload (500t) 5-249
2026-05-31 18:30:10,252 INFO o.a.j.t.JMeterThread: Thread started: S5 Overload (500t) 5-250
2026-05-31 18:30:10,264 INFO o.a.j.t.JMeterThread: Thread started: S5 Overload (500t) 5-252
2026-05-31 18:30:10,272 INFO o.a.j.t.JMeterThread: Thread started: S5 Overload (500t) 5-251
2026-05-31 18:30:10,285 INFO o.a.j.t.JMeterThread: Thread started: S5 Overload (500t) 5-253
2026-05-31 18:30:10,302 INFO o.a.j.t.JMeterThread: Thread started: S5 Overload (500t) 5-254
2026-05-31 18:30:10,322 INFO o.a.j.t.JMeterThread: Thread started: S5 Overload (500t) 5-255
2026-05-31 18:30:10,343 INFO o.a.j.t.JMeterThread: Thread started: S5 Overload (500t) 5-256
2026-05-31 18:30:10,363 INFO o.a.j.t.JMeterThread: Thread started: S5 Overload (500t) 5-257
2026-05-31 18:30:10,384 INFO o.a.j.t.JMeterThread: Thread started: S5 Overload (500t) 5-258
2026-05-31 18:30:10,408 INFO o.a.j.t.JMeterThread: Thread started: S5 Overload (500t) 5-259
2026-05-31 18:30:10,427 INFO o.a.j.t.JMeterThread: Thread started: S5 Overload (500t) 5-260
2026-05-31 18:30:10,463 INFO o.a.j.t.JMeterThread: Thread started: S5 Overload (500t) 5-262
2026-05-31 18:30:10,474 INFO o.a.j.t.JMeterThread: Thread started: S5 Overload (500t) 5-261
2026-05-31 18:30:10,484 INFO o.a.j.t.JMeterThread: Thread started: S5 Overload (500t) 5-263
2026-05-31 18:30:10,523 INFO o.a.j.t.JMeterThread: Thread started: S5 Overload (500t) 5-265
2026-05-31 18:30:10,532 INFO o.a.j.t.JMeterThread: Thread started: S5 Overload (500t) 5-264
2026-05-31 18:30:10,543 INFO o.a.j.t.JMeterThread: Thread started: S5 Overload (500t) 5-266
2026-05-31 18:30:10,563 INFO o.a.j.t.JMeterThread: Thread started: S5 Overload (500t) 5-267
2026-05-31 18:30:10,584 INFO o.a.j.t.JMeterThread: Thread started: S5 Overload (500t) 5-268
2026-05-31 18:30:10,590 INFO o.a.j.t.JMeterThread: Thread started: S5 Overload (500t) 5-269
2026-05-31 18:30:10,623 INFO o.a.j.t.JMeterThread: Thread started: S5 Overload (500t) 5-270
2026-05-31 18:30:10,628 INFO o.a.j.t.JMeterThread: Thread started: S5 Overload (500t) 5-271
2026-05-31 18:30:10,648 INFO o.a.j.t.JMeterThread: Thread started: S5 Overload (500t) 5-272
2026-05-31 18:30:10,686 INFO o.a.j.t.JMeterThread: Thread started: S5 Overload (500t) 5-273
2026-05-31 18:30:10,706 INFO o.a.j.t.JMeterThread: Thread started: S5 Overload (500t) 5-274
2026-05-31 18:30:10,729 INFO o.a.j.t.JMeterThread: Thread started: S5 Overload (500t) 5-276
2026-05-31 18:30:10,735 INFO o.a.j.t.JMeterThread: Thread started: S5 Overload (500t) 5-275
2026-05-31 18:30:10,764 INFO o.a.j.t.JMeterThread: Thread started: S5 Overload (500t) 5-277
2026-05-31 18:30:10,769 INFO o.a.j.t.JMeterThread: Thread started: S5 Overload (500t) 5-278
2026-05-31 18:30:10,804 INFO o.a.j.t.JMeterThread: Thread started: S5 Overload (500t) 5-279
2026-05-31 18:30:10,823 INFO o.a.j.t.JMeterThread: Thread started: S5 Overload (500t) 5-280
2026-05-31 18:30:10,843 INFO o.a.j.t.JMeterThread: Thread started: S5 Overload (500t) 5-281
2026-05-31 18:30:10,848 INFO o.a.j.t.JMeterThread: Thread started: S5 Overload (500t) 5-282
2026-05-31 18:30:10,904 INFO o.a.j.t.JMeterThread: Thread started: S5 Overload (500t) 5-284
2026-05-31 18:30:10,912 INFO o.a.j.t.JMeterThread: Thread started: S5 Overload (500t) 5-283
2026-05-31 18:30:10,923 INFO o.a.j.t.JMeterThread: Thread started: S5 Overload (500t) 5-285
2026-05-31 18:30:10,943 INFO o.a.j.t.JMeterThread: Thread started: S5 Overload (500t) 5-286
2026-05-31 18:30:10,957 INFO o.a.j.t.JMeterThread: Thread started: S5 Overload (500t) 5-287
2026-05-31 18:30:10,995 INFO o.a.j.t.JMeterThread: Thread started: S5 Overload (500t) 5-288
2026-05-31 18:30:11,015 INFO o.a.j.t.JMeterThread: Thread started: S5 Overload (500t) 5-289
2026-05-31 18:30:11,022 INFO o.a.j.t.JMeterThread: Thread started: S5 Overload (500t) 5-290
2026-05-31 18:30:11,044 INFO o.a.j.t.JMeterThread: Thread started: S5 Overload (500t) 5-291
2026-05-31 18:30:11,063 INFO o.a.j.t.JMeterThread: Thread started: S5 Overload (500t) 5-292
2026-05-31 18:30:11,084 INFO o.a.j.t.JMeterThread: Thread started: S5 Overload (500t) 5-293
2026-05-31 18:30:11,105 INFO o.a.j.t.JMeterThread: Thread started: S5 Overload (500t) 5-294
2026-05-31 18:30:11,124 INFO o.a.j.t.JMeterThread: Thread started: S5 Overload (500t) 5-295
2026-05-31 18:30:11,144 INFO o.a.j.t.JMeterThread: Thread started: S5 Overload (500t) 5-296
2026-05-31 18:30:11,163 INFO o.a.j.t.JMeterThread: Thread started: S5 Overload (500t) 5-297
2026-05-31 18:30:11,184 INFO o.a.j.t.JMeterThread: Thread started: S5 Overload (500t) 5-298
2026-05-31 18:30:11,203 INFO o.a.j.t.JMeterThread: Thread started: S5 Overload (500t) 5-299
2026-05-31 18:30:11,224 INFO o.a.j.t.JMeterThread: Thread started: S5 Overload (500t) 5-300
2026-05-31 18:30:11,254 INFO o.a.j.t.JMeterThread: Thread started: S5 Overload (500t) 5-301
2026-05-31 18:30:11,274 INFO o.a.j.t.JMeterThread: Thread started: S5 Overload (500t) 5-302
2026-05-31 18:30:11,289 INFO o.a.j.t.JMeterThread: Thread started: S5 Overload (500t) 5-304
2026-05-31 18:30:11,295 INFO o.a.j.t.JMeterThread: Thread started: S5 Overload (500t) 5-303
2026-05-31 18:30:11,308 INFO o.a.j.t.JMeterThread: Thread started: S5 Overload (500t) 5-305
2026-05-31 18:30:11,329 INFO o.a.j.t.JMeterThread: Thread started: S5 Overload (500t) 5-306
2026-05-31 18:30:11,364 INFO o.a.j.t.JMeterThread: Thread started: S5 Overload (500t) 5-307
2026-05-31 18:30:11,414 INFO o.a.j.t.JMeterThread: Thread started: S5 Overload (500t) 5-308
2026-05-31 18:30:11,423 INFO o.a.j.t.JMeterThread: Thread started: S5 Overload (500t) 5-310
2026-05-31 18:30:11,433 INFO o.a.j.t.JMeterThread: Thread started: S5 Overload (500t) 5-309
2026-05-31 18:30:11,443 INFO o.a.j.t.JMeterThread: Thread started: S5 Overload (500t) 5-311
2026-05-31 18:30:11,463 INFO o.a.j.t.JMeterThread: Thread started: S5 Overload (500t) 5-312
2026-05-31 18:30:11,483 INFO o.a.j.t.JMeterThread: Thread started: S5 Overload (500t) 5-313
2026-05-31 18:30:11,504 INFO o.a.j.t.JMeterThread: Thread started: S5 Overload (500t) 5-314
2026-05-31 18:30:11,535 INFO o.a.j.t.JMeterThread: Thread started: S5 Overload (500t) 5-315
2026-05-31 18:30:11,553 INFO o.a.j.t.JMeterThread: Thread started: S5 Overload (500t) 5-316
2026-05-31 18:30:11,568 INFO o.a.j.t.JMeterThread: Thread started: S5 Overload (500t) 5-318
2026-05-31 18:30:11,574 INFO o.a.j.t.JMeterThread: Thread started: S5 Overload (500t) 5-317
2026-05-31 18:30:11,603 INFO o.a.j.t.JMeterThread: Thread started: S5 Overload (500t) 5-319
2026-05-31 18:30:11,608 INFO o.a.j.t.JMeterThread: Thread started: S5 Overload (500t) 5-320
2026-05-31 18:30:11,628 INFO o.a.j.t.JMeterThread: Thread started: S5 Overload (500t) 5-321
2026-05-31 18:30:11,664 INFO o.a.j.t.JMeterThread: Thread started: S5 Overload (500t) 5-322
2026-05-31 18:30:11,670 INFO o.a.j.t.JMeterThread: Thread started: S5 Overload (500t) 5-323
2026-05-31 18:30:11,689 INFO o.a.j.t.JMeterThread: Thread started: S5 Overload (500t) 5-324
2026-05-31 18:30:11,724 INFO o.a.j.t.JMeterThread: Thread started: S5 Overload (500t) 5-325
2026-05-31 18:30:11,729 INFO o.a.j.t.JMeterThread: Thread started: S5 Overload (500t) 5-326
2026-05-31 18:30:11,748 INFO o.a.j.t.JMeterThread: Thread started: S5 Overload (500t) 5-327
2026-05-31 18:30:11,784 INFO o.a.j.t.JMeterThread: Thread started: S5 Overload (500t) 5-328
2026-05-31 18:30:11,813 INFO o.a.j.t.JMeterThread: Thread started: S5 Overload (500t) 5-329
2026-05-31 18:30:11,834 INFO o.a.j.t.JMeterThread: Thread started: S5 Overload (500t) 5-330
2026-05-31 18:30:11,854 INFO o.a.j.t.JMeterThread: Thread started: S5 Overload (500t) 5-331
2026-05-31 18:30:11,863 INFO o.a.j.t.JMeterThread: Thread started: S5 Overload (500t) 5-332
2026-05-31 18:30:11,883 INFO o.a.j.t.JMeterThread: Thread started: S5 Overload (500t) 5-333
2026-05-31 18:30:11,903 INFO o.a.j.t.JMeterThread: Thread started: S5 Overload (500t) 5-334
2026-05-31 18:30:11,908 INFO o.a.j.t.JMeterThread: Thread started: S5 Overload (500t) 5-335
2026-05-31 18:30:11,943 INFO o.a.j.t.JMeterThread: Thread started: S5 Overload (500t) 5-336
2026-05-31 18:30:11,963 INFO o.a.j.t.JMeterThread: Thread started: S5 Overload (500t) 5-337
2026-05-31 18:30:11,983 INFO o.a.j.t.JMeterThread: Thread started: S5 Overload (500t) 5-338
2026-05-31 18:30:12,003 INFO o.a.j.t.JMeterThread: Thread started: S5 Overload (500t) 5-339
2026-05-31 18:30:12,023 INFO o.a.j.t.JMeterThread: Thread started: S5 Overload (500t) 5-340
2026-05-31 18:30:12,042 INFO o.a.j.t.JMeterThread: Thread started: S5 Overload (500t) 5-341
2026-05-31 18:30:12,063 INFO o.a.j.t.JMeterThread: Thread started: S5 Overload (500t) 5-342
2026-05-31 18:30:12,093 INFO o.a.j.t.JMeterThread: Thread started: S5 Overload (500t) 5-343
2026-05-31 18:30:12,113 INFO o.a.j.t.JMeterThread: Thread started: S5 Overload (500t) 5-344
2026-05-31 18:30:12,128 INFO o.a.j.t.JMeterThread: Thread started: S5 Overload (500t) 5-346
2026-05-31 18:30:12,134 INFO o.a.j.t.JMeterThread: Thread started: S5 Overload (500t) 5-345
2026-05-31 18:30:12,149 INFO o.a.j.t.JMeterThread: Thread started: S5 Overload (500t) 5-347
2026-05-31 18:30:12,183 INFO o.a.j.t.JMeterThread: Thread started: S5 Overload (500t) 5-348
2026-05-31 18:30:12,203 INFO o.a.j.t.JMeterThread: Thread started: S5 Overload (500t) 5-349
2026-05-31 18:30:12,225 INFO o.a.j.t.JMeterThread: Thread started: S5 Overload (500t) 5-350
2026-05-31 18:30:12,228 INFO o.a.j.t.JMeterThread: Thread started: S5 Overload (500t) 5-351
2026-05-31 18:30:12,263 INFO o.a.j.t.JMeterThread: Thread started: S5 Overload (500t) 5-352
2026-05-31 18:30:12,270 INFO o.a.j.t.JMeterThread: Thread started: S5 Overload (500t) 5-353
2026-05-31 18:30:12,304 INFO o.a.j.t.JMeterThread: Thread started: S5 Overload (500t) 5-354
2026-05-31 18:30:12,324 INFO o.a.j.t.JMeterThread: Thread started: S5 Overload (500t) 5-355
2026-05-31 18:30:12,330 INFO o.a.j.t.JMeterThread: Thread started: S5 Overload (500t) 5-356
2026-05-31 18:30:12,373 INFO o.a.j.t.JMeterThread: Thread started: S5 Overload (500t) 5-357
2026-05-31 18:30:12,393 INFO o.a.j.t.JMeterThread: Thread started: S5 Overload (500t) 5-358
2026-05-31 18:30:12,410 INFO o.a.j.t.JMeterThread: Thread started: S5 Overload (500t) 5-360
2026-05-31 18:30:12,412 INFO o.a.j.t.JMeterThread: Thread started: S5 Overload (500t) 5-359
2026-05-31 18:30:12,429 INFO o.a.j.t.JMeterThread: Thread started: S5 Overload (500t) 5-361
2026-05-31 18:30:12,461 INFO o.a.j.t.JMeterThread: Thread started: S5 Overload (500t) 5-362
2026-05-31 18:30:12,480 INFO o.a.j.t.JMeterThread: Thread started: S5 Overload (500t) 5-363
2026-05-31 18:30:12,489 INFO o.a.j.t.JMeterThread: Thread started: S5 Overload (500t) 5-364
2026-05-31 18:30:12,508 INFO o.a.j.t.JMeterThread: Thread started: S5 Overload (500t) 5-365
2026-05-31 18:30:12,543 INFO o.a.j.t.JMeterThread: Thread started: S5 Overload (500t) 5-366
2026-05-31 18:30:12,550 INFO o.a.j.t.JMeterThread: Thread started: S5 Overload (500t) 5-367
2026-05-31 18:30:12,588 INFO o.a.j.t.JMeterThread: Thread started: S5 Overload (500t) 5-368
2026-05-31 18:30:12,609 INFO o.a.j.t.JMeterThread: Thread started: S5 Overload (500t) 5-369
2026-05-31 18:30:12,629 INFO o.a.j.t.JMeterThread: Thread started: S5 Overload (500t) 5-370
2026-05-31 18:30:12,651 INFO o.a.j.t.JMeterThread: Thread started: S5 Overload (500t) 5-372
2026-05-31 18:30:12,652 INFO o.a.j.t.JMeterThread: Thread started: S5 Overload (500t) 5-371
2026-05-31 18:30:12,695 INFO o.a.j.t.JMeterThread: Thread started: S5 Overload (500t) 5-373
2026-05-31 18:30:12,711 INFO o.a.j.t.JMeterThread: Thread started: S5 Overload (500t) 5-374
2026-05-31 18:30:12,731 INFO o.a.j.t.JMeterThread: Thread started: S5 Overload (500t) 5-375
2026-05-31 18:30:12,750 INFO o.a.j.t.JMeterThread: Thread started: S5 Overload (500t) 5-376
2026-05-31 18:30:12,771 INFO o.a.j.t.JMeterThread: Thread started: S5 Overload (500t) 5-377
2026-05-31 18:30:12,792 INFO o.a.j.t.JMeterThread: Thread started: S5 Overload (500t) 5-378
2026-05-31 18:30:12,811 INFO o.a.j.t.JMeterThread: Thread started: S5 Overload (500t) 5-379
2026-05-31 18:30:12,830 INFO o.a.j.t.JMeterThread: Thread started: S5 Overload (500t) 5-380
2026-05-31 18:30:12,850 INFO o.a.j.t.JMeterThread: Thread started: S5 Overload (500t) 5-381
2026-05-31 18:30:12,870 INFO o.a.j.t.JMeterThread: Thread started: S5 Overload (500t) 5-382
2026-05-31 18:30:12,890 INFO o.a.j.t.JMeterThread: Thread started: S5 Overload (500t) 5-383
2026-05-31 18:30:12,911 INFO o.a.j.t.JMeterThread: Thread started: S5 Overload (500t) 5-384
2026-05-31 18:30:12,935 INFO o.a.j.t.JMeterThread: Thread started: S5 Overload (500t) 5-385
2026-05-31 18:30:12,953 INFO o.a.j.t.JMeterThread: Thread started: S5 Overload (500t) 5-386
2026-05-31 18:30:12,969 INFO o.a.j.t.JMeterThread: Thread started: S5 Overload (500t) 5-388
2026-05-31 18:30:12,974 INFO o.a.j.t.JMeterThread: Thread started: S5 Overload (500t) 5-387
2026-05-31 18:30:13,015 INFO o.a.j.t.JMeterThread: Thread started: S5 Overload (500t) 5-389
2026-05-31 18:30:13,035 INFO o.a.j.t.JMeterThread: Thread started: S5 Overload (500t) 5-390
2026-05-31 18:30:13,054 INFO o.a.j.t.JMeterThread: Thread started: S5 Overload (500t) 5-391
2026-05-31 18:30:13,074 INFO o.a.j.t.JMeterThread: Thread started: S5 Overload (500t) 5-392
2026-05-31 18:30:13,094 INFO o.a.j.t.JMeterThread: Thread started: S5 Overload (500t) 5-393
2026-05-31 18:30:13,113 INFO o.a.j.t.JMeterThread: Thread started: S5 Overload (500t) 5-394
2026-05-31 18:30:13,134 INFO o.a.j.t.JMeterThread: Thread started: S5 Overload (500t) 5-395
2026-05-31 18:30:13,148 INFO o.a.j.t.JMeterThread: Thread started: S5 Overload (500t) 5-397
2026-05-31 18:30:13,154 INFO o.a.j.t.JMeterThread: Thread started: S5 Overload (500t) 5-396
2026-05-31 18:30:13,194 INFO o.a.j.t.JMeterThread: Thread started: S5 Overload (500t) 5-398
2026-05-31 18:30:13,214 INFO o.a.j.t.JMeterThread: Thread started: S5 Overload (500t) 5-399
2026-05-31 18:30:13,234 INFO o.a.j.t.JMeterThread: Thread started: S5 Overload (500t) 5-400
2026-05-31 18:30:13,254 INFO o.a.j.t.JMeterThread: Thread started: S5 Overload (500t) 5-401
2026-05-31 18:30:13,276 INFO o.a.j.t.JMeterThread: Thread started: S5 Overload (500t) 5-402
2026-05-31 18:30:13,295 INFO o.a.j.t.JMeterThread: Thread started: S5 Overload (500t) 5-403
2026-05-31 18:30:13,313 INFO o.a.j.t.JMeterThread: Thread started: S5 Overload (500t) 5-404
2026-05-31 18:30:13,335 INFO o.a.j.t.JMeterThread: Thread started: S5 Overload (500t) 5-405
2026-05-31 18:30:13,355 INFO o.a.j.t.JMeterThread: Thread started: S5 Overload (500t) 5-406
2026-05-31 18:30:13,375 INFO o.a.j.t.JMeterThread: Thread started: S5 Overload (500t) 5-407
2026-05-31 18:30:13,394 INFO o.a.j.t.JMeterThread: Thread started: S5 Overload (500t) 5-408
2026-05-31 18:30:13,414 INFO o.a.j.t.JMeterThread: Thread started: S5 Overload (500t) 5-409
2026-05-31 18:30:13,434 INFO o.a.j.t.JMeterThread: Thread started: S5 Overload (500t) 5-410
2026-05-31 18:30:13,454 INFO o.a.j.t.JMeterThread: Thread started: S5 Overload (500t) 5-411
2026-05-31 18:30:13,475 INFO o.a.j.t.JMeterThread: Thread started: S5 Overload (500t) 5-412
2026-05-31 18:30:13,496 INFO o.a.j.t.JMeterThread: Thread started: S5 Overload (500t) 5-413
2026-05-31 18:30:13,516 INFO o.a.j.t.JMeterThread: Thread started: S5 Overload (500t) 5-414
2026-05-31 18:30:13,538 INFO o.a.j.t.JMeterThread: Thread started: S5 Overload (500t) 5-415
2026-05-31 18:30:13,558 INFO o.a.j.t.JMeterThread: Thread started: S5 Overload (500t) 5-416
2026-05-31 18:30:13,579 INFO o.a.j.t.JMeterThread: Thread started: S5 Overload (500t) 5-417
2026-05-31 18:30:13,597 INFO o.a.j.t.JMeterThread: Thread started: S5 Overload (500t) 5-418
2026-05-31 18:30:13,619 INFO o.a.j.t.JMeterThread: Thread started: S5 Overload (500t) 5-419
2026-05-31 18:30:13,637 INFO o.a.j.t.JMeterThread: Thread started: S5 Overload (500t) 5-420
2026-05-31 18:30:13,658 INFO o.a.j.t.JMeterThread: Thread started: S5 Overload (500t) 5-421
2026-05-31 18:30:13,678 INFO o.a.j.t.JMeterThread: Thread started: S5 Overload (500t) 5-422
2026-05-31 18:30:13,698 INFO o.a.j.t.JMeterThread: Thread started: S5 Overload (500t) 5-423
2026-05-31 18:30:13,718 INFO o.a.j.t.JMeterThread: Thread started: S5 Overload (500t) 5-424
2026-05-31 18:30:13,737 INFO o.a.j.t.JMeterThread: Thread started: S5 Overload (500t) 5-425
2026-05-31 18:30:13,757 INFO o.a.j.t.JMeterThread: Thread started: S5 Overload (500t) 5-426
2026-05-31 18:30:13,777 INFO o.a.j.t.JMeterThread: Thread started: S5 Overload (500t) 5-427
2026-05-31 18:30:13,797 INFO o.a.j.t.JMeterThread: Thread started: S5 Overload (500t) 5-428
2026-05-31 18:30:13,817 INFO o.a.j.t.JMeterThread: Thread started: S5 Overload (500t) 5-429
2026-05-31 18:30:13,830 INFO o.a.j.t.JMeterThread: Thread started: S5 Overload (500t) 5-431
2026-05-31 18:30:13,838 INFO o.a.j.t.JMeterThread: Thread started: S5 Overload (500t) 5-430
2026-05-31 18:30:13,848 INFO o.a.j.t.JMeterThread: Thread started: S5 Overload (500t) 5-432
2026-05-31 18:30:13,868 INFO o.a.j.t.JMeterThread: Thread started: S5 Overload (500t) 5-433
2026-05-31 18:30:13,917 INFO o.a.j.t.JMeterThread: Thread started: S5 Overload (500t) 5-434
2026-05-31 18:30:13,936 INFO o.a.j.t.JMeterThread: Thread started: S5 Overload (500t) 5-435
2026-05-31 18:30:13,948 INFO o.a.j.t.JMeterThread: Thread started: S5 Overload (500t) 5-437
2026-05-31 18:30:13,956 INFO o.a.j.t.JMeterThread: Thread started: S5 Overload (500t) 5-436
2026-05-31 18:30:13,996 INFO o.a.j.t.JMeterThread: Thread started: S5 Overload (500t) 5-438
2026-05-31 18:30:14,017 INFO o.a.j.t.JMeterThread: Thread started: S5 Overload (500t) 5-439
2026-05-31 18:30:14,036 INFO o.a.j.t.JMeterThread: Thread started: S5 Overload (500t) 5-440
2026-05-31 18:30:14,058 INFO o.a.j.t.JMeterThread: Thread started: S5 Overload (500t) 5-441
2026-05-31 18:30:14,078 INFO o.a.j.t.JMeterThread: Thread started: S5 Overload (500t) 5-442
2026-05-31 18:30:14,089 INFO o.a.j.t.JMeterThread: Thread started: S5 Overload (500t) 5-444
2026-05-31 18:30:14,097 INFO o.a.j.t.JMeterThread: Thread started: S5 Overload (500t) 5-443
2026-05-31 18:30:14,137 INFO o.a.j.t.JMeterThread: Thread started: S5 Overload (500t) 5-445
2026-05-31 18:30:14,150 INFO o.a.j.t.JMeterThread: Thread started: S5 Overload (500t) 5-447
2026-05-31 18:30:14,157 INFO o.a.j.t.JMeterThread: Thread started: S5 Overload (500t) 5-446
2026-05-31 18:30:14,197 INFO o.a.j.t.JMeterThread: Thread started: S5 Overload (500t) 5-448
2026-05-31 18:30:14,217 INFO o.a.j.t.JMeterThread: Thread started: S5 Overload (500t) 5-449
2026-05-31 18:30:14,236 INFO o.a.j.t.JMeterThread: Thread started: S5 Overload (500t) 5-450
2026-05-31 18:30:14,249 INFO o.a.j.t.JMeterThread: Thread started: S5 Overload (500t) 5-452
2026-05-31 18:30:14,256 INFO o.a.j.t.JMeterThread: Thread started: S5 Overload (500t) 5-451
2026-05-31 18:30:14,296 INFO o.a.j.t.JMeterThread: Thread started: S5 Overload (500t) 5-453
2026-05-31 18:30:14,308 INFO o.a.j.t.JMeterThread: Thread started: S5 Overload (500t) 5-455
2026-05-31 18:30:14,317 INFO o.a.j.t.JMeterThread: Thread started: S5 Overload (500t) 5-454
2026-05-31 18:30:14,357 INFO o.a.j.t.JMeterThread: Thread started: S5 Overload (500t) 5-456
2026-05-31 18:30:14,377 INFO o.a.j.t.JMeterThread: Thread started: S5 Overload (500t) 5-457
2026-05-31 18:30:14,397 INFO o.a.j.t.JMeterThread: Thread started: S5 Overload (500t) 5-458
2026-05-31 18:30:14,418 INFO o.a.j.t.JMeterThread: Thread started: S5 Overload (500t) 5-459
2026-05-31 18:30:14,430 INFO o.a.j.t.JMeterThread: Thread started: S5 Overload (500t) 5-461
2026-05-31 18:30:14,437 INFO o.a.j.t.JMeterThread: Thread started: S5 Overload (500t) 5-460
2026-05-31 18:30:14,470 INFO o.a.j.t.JMeterThread: Thread started: S5 Overload (500t) 5-463
2026-05-31 18:30:14,477 INFO o.a.j.t.JMeterThread: Thread started: S5 Overload (500t) 5-462
2026-05-31 18:30:14,516 INFO o.a.j.t.JMeterThread: Thread started: S5 Overload (500t) 5-464
2026-05-31 18:30:14,537 INFO o.a.j.t.JMeterThread: Thread started: S5 Overload (500t) 5-465
2026-05-31 18:30:14,557 INFO o.a.j.t.JMeterThread: Thread started: S5 Overload (500t) 5-466
2026-05-31 18:30:14,568 INFO o.a.j.t.JMeterThread: Thread started: S5 Overload (500t) 5-468
2026-05-31 18:30:14,577 INFO o.a.j.t.JMeterThread: Thread started: S5 Overload (500t) 5-467
2026-05-31 18:30:14,617 INFO o.a.j.t.JMeterThread: Thread started: S5 Overload (500t) 5-469
2026-05-31 18:30:14,637 INFO o.a.j.t.JMeterThread: Thread started: S5 Overload (500t) 5-470
2026-05-31 18:30:14,648 INFO o.a.j.t.JMeterThread: Thread started: S5 Overload (500t) 5-472
2026-05-31 18:30:14,658 INFO o.a.j.t.JMeterThread: Thread started: S5 Overload (500t) 5-471
2026-05-31 18:30:14,698 INFO o.a.j.t.JMeterThread: Thread started: S5 Overload (500t) 5-473
2026-05-31 18:30:14,719 INFO o.a.j.t.JMeterThread: Thread started: S5 Overload (500t) 5-474
2026-05-31 18:30:14,738 INFO o.a.j.t.JMeterThread: Thread started: S5 Overload (500t) 5-475
2026-05-31 18:30:14,748 INFO o.a.j.t.JMeterThread: Thread started: S5 Overload (500t) 5-477
2026-05-31 18:30:14,758 INFO o.a.j.t.JMeterThread: Thread started: S5 Overload (500t) 5-476
2026-05-31 18:30:14,796 INFO o.a.j.t.JMeterThread: Thread started: S5 Overload (500t) 5-478
2026-05-31 18:30:14,817 INFO o.a.j.t.JMeterThread: Thread started: S5 Overload (500t) 5-479
2026-05-31 18:30:14,837 INFO o.a.j.t.JMeterThread: Thread started: S5 Overload (500t) 5-480
2026-05-31 18:30:14,858 INFO o.a.j.t.JMeterThread: Thread started: S5 Overload (500t) 5-481
2026-05-31 18:30:14,877 INFO o.a.j.t.JMeterThread: Thread started: S5 Overload (500t) 5-482
2026-05-31 18:30:14,897 INFO o.a.j.t.JMeterThread: Thread started: S5 Overload (500t) 5-483
2026-05-31 18:30:14,918 INFO o.a.j.t.JMeterThread: Thread started: S5 Overload (500t) 5-484
2026-05-31 18:30:14,940 INFO o.a.j.t.JMeterThread: Thread started: S5 Overload (500t) 5-485
2026-05-31 18:30:14,959 INFO o.a.j.t.JMeterThread: Thread started: S5 Overload (500t) 5-486
2026-05-31 18:30:14,972 INFO o.a.j.t.JMeterThread: Thread started: S5 Overload (500t) 5-488
2026-05-31 18:30:14,978 INFO o.a.j.t.JMeterThread: Thread started: S5 Overload (500t) 5-487
2026-05-31 18:30:15,008 INFO o.a.j.t.JMeterThread: Thread started: S5 Overload (500t) 5-490
2026-05-31 18:30:15,018 INFO o.a.j.t.JMeterThread: Thread started: S5 Overload (500t) 5-489
2026-05-31 18:30:15,058 INFO o.a.j.t.JMeterThread: Thread started: S5 Overload (500t) 5-491
2026-05-31 18:30:15,077 INFO o.a.j.t.JMeterThread: Thread started: S5 Overload (500t) 5-492
2026-05-31 18:30:15,097 INFO o.a.j.t.JMeterThread: Thread started: S5 Overload (500t) 5-493
2026-05-31 18:30:15,108 INFO o.a.j.t.JMeterThread: Thread started: S5 Overload (500t) 5-495
2026-05-31 18:30:15,117 INFO o.a.j.t.JMeterThread: Thread started: S5 Overload (500t) 5-494
2026-05-31 18:30:15,157 INFO o.a.j.t.JMeterThread: Thread started: S5 Overload (500t) 5-496
2026-05-31 18:30:15,169 INFO o.a.j.t.JMeterThread: Thread started: S5 Overload (500t) 5-498
2026-05-31 18:30:15,177 INFO o.a.j.t.JMeterThread: Thread started: S5 Overload (500t) 5-497
2026-05-31 18:30:15,224 INFO o.a.j.t.JMeterThread: Thread started: S5 Overload (500t) 5-499
2026-05-31 18:30:15,238 INFO o.a.j.t.JMeterThread: Thread started: S5 Overload (500t) 5-500
2026-05-31 18:30:30,001 INFO o.a.j.r.Summariser: summary +  21325 in 00:00:30 =  714.7/s Avg:   319 Min:     2 Max: 32789 Err:  5032 (23.60%) Active: 500 Started: 1250 Finished: 750
2026-05-31 18:30:30,001 INFO o.a.j.r.Summariser: summary = 190864 in 00:20:17 =  156.9/s Avg:   980 Min:     1 Max: 40582 Err: 127894 (67.01%)
2026-05-31 18:31:00,008 INFO o.a.j.r.Summariser: summary +  30591 in 00:00:30 = 1019.5/s Avg:   501 Min:     1 Max: 31258 Err: 10010 (32.72%) Active: 500 Started: 1250 Finished: 750
2026-05-31 18:31:00,008 INFO o.a.j.r.Summariser: summary = 221455 in 00:20:47 =  177.6/s Avg:   914 Min:     1 Max: 40582 Err: 137904 (62.27%)
2026-05-31 18:31:05,241 INFO o.a.j.t.JMeterThread: Stopping because end time detected by thread: S5 Overload (500t) 5-66
2026-05-31 18:31:05,241 INFO o.a.j.t.JMeterThread: Thread finished: S5 Overload (500t) 5-66
2026-05-31 18:31:05,241 INFO o.a.j.t.JMeterThread: Stopping because end time detected by thread: S5 Overload (500t) 5-124
2026-05-31 18:31:05,241 INFO o.a.j.t.JMeterThread: Thread finished: S5 Overload (500t) 5-124
2026-05-31 18:31:05,241 INFO o.a.j.t.JMeterThread: Stopping because end time detected by thread: S5 Overload (500t) 5-102
2026-05-31 18:31:05,241 INFO o.a.j.t.JMeterThread: Stopping because end time detected by thread: S5 Overload (500t) 5-52
2026-05-31 18:31:05,241 INFO o.a.j.t.JMeterThread: Thread finished: S5 Overload (500t) 5-52
2026-05-31 18:31:05,241 INFO o.a.j.t.JMeterThread: Thread finished: S5 Overload (500t) 5-102
2026-05-31 18:31:05,243 INFO o.a.j.t.JMeterThread: Stopping because end time detected by thread: S5 Overload (500t) 5-113
2026-05-31 18:31:05,243 INFO o.a.j.t.JMeterThread: Thread finished: S5 Overload (500t) 5-113
2026-05-31 18:31:05,243 INFO o.a.j.t.JMeterThread: Stopping because end time detected by thread: S5 Overload (500t) 5-145
2026-05-31 18:31:05,243 INFO o.a.j.t.JMeterThread: Thread finished: S5 Overload (500t) 5-145
2026-05-31 18:31:05,244 INFO o.a.j.t.JMeterThread: Stopping because end time detected by thread: S5 Overload (500t) 5-73
2026-05-31 18:31:05,244 INFO o.a.j.t.JMeterThread: Thread finished: S5 Overload (500t) 5-73
2026-05-31 18:31:05,244 INFO o.a.j.t.JMeterThread: Stopping because end time detected by thread: S5 Overload (500t) 5-59
2026-05-31 18:31:05,244 INFO o.a.j.t.JMeterThread: Thread finished: S5 Overload (500t) 5-59
2026-05-31 18:31:05,244 INFO o.a.j.t.JMeterThread: Stopping because end time detected by thread: S5 Overload (500t) 5-108
2026-05-31 18:31:05,244 INFO o.a.j.t.JMeterThread: Thread finished: S5 Overload (500t) 5-108
2026-05-31 18:31:05,244 INFO o.a.j.t.JMeterThread: Stopping because end time detected by thread: S5 Overload (500t) 5-156
2026-05-31 18:31:05,244 INFO o.a.j.t.JMeterThread: Thread finished: S5 Overload (500t) 5-156
2026-05-31 18:31:05,244 INFO o.a.j.t.JMeterThread: Stopping because end time detected by thread: S5 Overload (500t) 5-115
2026-05-31 18:31:05,244 INFO o.a.j.t.JMeterThread: Thread finished: S5 Overload (500t) 5-115
2026-05-31 18:31:05,244 INFO o.a.j.t.JMeterThread: Stopping because end time detected by thread: S5 Overload (500t) 5-129
2026-05-31 18:31:05,244 INFO o.a.j.t.JMeterThread: Thread finished: S5 Overload (500t) 5-129
2026-05-31 18:31:05,244 INFO o.a.j.t.JMeterThread: Stopping because end time detected by thread: S5 Overload (500t) 5-31
2026-05-31 18:31:05,244 INFO o.a.j.t.JMeterThread: Thread finished: S5 Overload (500t) 5-31
2026-05-31 18:31:05,244 INFO o.a.j.t.JMeterThread: Stopping because end time detected by thread: S5 Overload (500t) 5-62
2026-05-31 18:31:05,244 INFO o.a.j.t.JMeterThread: Thread finished: S5 Overload (500t) 5-62
2026-05-31 18:31:05,244 INFO o.a.j.t.JMeterThread: Stopping because end time detected by thread: S5 Overload (500t) 5-150
2026-05-31 18:31:05,244 INFO o.a.j.t.JMeterThread: Thread finished: S5 Overload (500t) 5-150
2026-05-31 18:31:05,244 INFO o.a.j.t.JMeterThread: Stopping because end time detected by thread: S5 Overload (500t) 5-155
2026-05-31 18:31:05,244 INFO o.a.j.t.JMeterThread: Thread finished: S5 Overload (500t) 5-155
2026-05-31 18:31:05,247 INFO o.a.j.t.JMeterThread: Stopping because end time detected by thread: S5 Overload (500t) 5-171
2026-05-31 18:31:05,247 INFO o.a.j.t.JMeterThread: Thread finished: S5 Overload (500t) 5-171
2026-05-31 18:31:05,247 INFO o.a.j.t.JMeterThread: Stopping because end time detected by thread: S5 Overload (500t) 5-128
2026-05-31 18:31:05,247 INFO o.a.j.t.JMeterThread: Thread finished: S5 Overload (500t) 5-128
2026-05-31 18:31:05,247 INFO o.a.j.t.JMeterThread: Stopping because end time detected by thread: S5 Overload (500t) 5-110
2026-05-31 18:31:05,247 INFO o.a.j.t.JMeterThread: Thread finished: S5 Overload (500t) 5-110
2026-05-31 18:31:05,247 INFO o.a.j.t.JMeterThread: Stopping because end time detected by thread: S5 Overload (500t) 5-10
2026-05-31 18:31:05,247 INFO o.a.j.t.JMeterThread: Thread finished: S5 Overload (500t) 5-10
2026-05-31 18:31:05,247 INFO o.a.j.t.JMeterThread: Stopping because end time detected by thread: S5 Overload (500t) 5-68
2026-05-31 18:31:05,247 INFO o.a.j.t.JMeterThread: Thread finished: S5 Overload (500t) 5-68
2026-05-31 18:31:05,247 INFO o.a.j.t.JMeterThread: Stopping because end time detected by thread: S5 Overload (500t) 5-20
2026-05-31 18:31:05,247 INFO o.a.j.t.JMeterThread: Thread finished: S5 Overload (500t) 5-20
2026-05-31 18:31:05,247 INFO o.a.j.t.JMeterThread: Stopping because end time detected by thread: S5 Overload (500t) 5-61
2026-05-31 18:31:05,247 INFO o.a.j.t.JMeterThread: Thread finished: S5 Overload (500t) 5-61
2026-05-31 18:31:05,247 INFO o.a.j.t.JMeterThread: Stopping because end time detected by thread: S5 Overload (500t) 5-85
2026-05-31 18:31:05,247 INFO o.a.j.t.JMeterThread: Thread finished: S5 Overload (500t) 5-85
2026-05-31 18:31:05,248 INFO o.a.j.t.JMeterThread: Stopping because end time detected by thread: S5 Overload (500t) 5-196
2026-05-31 18:31:05,248 INFO o.a.j.t.JMeterThread: Thread finished: S5 Overload (500t) 5-196
2026-05-31 18:31:05,248 INFO o.a.j.t.JMeterThread: Stopping because end time detected by thread: S5 Overload (500t) 5-75
2026-05-31 18:31:05,248 INFO o.a.j.t.JMeterThread: Thread finished: S5 Overload (500t) 5-75
2026-05-31 18:31:05,248 INFO o.a.j.t.JMeterThread: Stopping because end time detected by thread: S5 Overload (500t) 5-92
2026-05-31 18:31:05,248 INFO o.a.j.t.JMeterThread: Thread finished: S5 Overload (500t) 5-92
2026-05-31 18:31:05,253 INFO o.a.j.t.JMeterThread: Stopping because end time detected by thread: S5 Overload (500t) 5-98
2026-05-31 18:31:05,253 INFO o.a.j.t.JMeterThread: Thread finished: S5 Overload (500t) 5-98
2026-05-31 18:31:05,253 INFO o.a.j.t.JMeterThread: Stopping because end time detected by thread: S5 Overload (500t) 5-218
2026-05-31 18:31:05,253 INFO o.a.j.t.JMeterThread: Thread finished: S5 Overload (500t) 5-218
2026-05-31 18:31:05,253 INFO o.a.j.t.JMeterThread: Stopping because end time detected by thread: S5 Overload (500t) 5-133
2026-05-31 18:31:05,253 INFO o.a.j.t.JMeterThread: Thread finished: S5 Overload (500t) 5-133
2026-05-31 18:31:05,253 INFO o.a.j.t.JMeterThread: Stopping because end time detected by thread: S5 Overload (500t) 5-161
2026-05-31 18:31:05,253 INFO o.a.j.t.JMeterThread: Thread finished: S5 Overload (500t) 5-161
2026-05-31 18:31:05,254 INFO o.a.j.t.JMeterThread: Stopping because end time detected by thread: S5 Overload (500t) 5-63
2026-05-31 18:31:05,254 INFO o.a.j.t.JMeterThread: Thread finished: S5 Overload (500t) 5-63
2026-05-31 18:31:05,254 INFO o.a.j.t.JMeterThread: Stopping because end time detected by thread: S5 Overload (500t) 5-246
2026-05-31 18:31:05,254 INFO o.a.j.t.JMeterThread: Thread finished: S5 Overload (500t) 5-246
2026-05-31 18:31:05,254 INFO o.a.j.t.JMeterThread: Stopping because end time detected by thread: S5 Overload (500t) 5-69
2026-05-31 18:31:05,254 INFO o.a.j.t.JMeterThread: Thread finished: S5 Overload (500t) 5-69
2026-05-31 18:31:05,254 INFO o.a.j.t.JMeterThread: Stopping because end time detected by thread: S5 Overload (500t) 5-194
2026-05-31 18:31:05,254 INFO o.a.j.t.JMeterThread: Thread finished: S5 Overload (500t) 5-194
2026-05-31 18:31:05,254 INFO o.a.j.t.JMeterThread: Stopping because end time detected by thread: S5 Overload (500t) 5-134
2026-05-31 18:31:05,254 INFO o.a.j.t.JMeterThread: Stopping because end time detected by thread: S5 Overload (500t) 5-38
2026-05-31 18:31:05,254 INFO o.a.j.t.JMeterThread: Stopping because end time detected by thread: S5 Overload (500t) 5-225
2026-05-31 18:31:05,254 INFO o.a.j.t.JMeterThread: Thread finished: S5 Overload (500t) 5-38
2026-05-31 18:31:05,254 INFO o.a.j.t.JMeterThread: Thread finished: S5 Overload (500t) 5-225
2026-05-31 18:31:05,254 INFO o.a.j.t.JMeterThread: Thread finished: S5 Overload (500t) 5-134
2026-05-31 18:31:05,254 INFO o.a.j.t.JMeterThread: Stopping because end time detected by thread: S5 Overload (500t) 5-29
2026-05-31 18:31:05,254 INFO o.a.j.t.JMeterThread: Thread finished: S5 Overload (500t) 5-29
2026-05-31 18:31:05,254 INFO o.a.j.t.JMeterThread: Stopping because end time detected by thread: S5 Overload (500t) 5-193
2026-05-31 18:31:05,254 INFO o.a.j.t.JMeterThread: Thread finished: S5 Overload (500t) 5-193
2026-05-31 18:31:05,254 INFO o.a.j.t.JMeterThread: Stopping because end time detected by thread: S5 Overload (500t) 5-165
2026-05-31 18:31:05,254 INFO o.a.j.t.JMeterThread: Thread finished: S5 Overload (500t) 5-165
2026-05-31 18:31:05,254 INFO o.a.j.t.JMeterThread: Stopping because end time detected by thread: S5 Overload (500t) 5-80
2026-05-31 18:31:05,254 INFO o.a.j.t.JMeterThread: Thread finished: S5 Overload (500t) 5-80
2026-05-31 18:31:05,254 INFO o.a.j.t.JMeterThread: Stopping because end time detected by thread: S5 Overload (500t) 5-191
2026-05-31 18:31:05,254 INFO o.a.j.t.JMeterThread: Thread finished: S5 Overload (500t) 5-191
2026-05-31 18:31:05,254 INFO o.a.j.t.JMeterThread: Stopping because end time detected by thread: S5 Overload (500t) 5-222
2026-05-31 18:31:05,254 INFO o.a.j.t.JMeterThread: Thread finished: S5 Overload (500t) 5-222
2026-05-31 18:31:05,255 INFO o.a.j.t.JMeterThread: Stopping because end time detected by thread: S5 Overload (500t) 5-41
2026-05-31 18:31:05,255 INFO o.a.j.t.JMeterThread: Thread finished: S5 Overload (500t) 5-41
2026-05-31 18:31:05,255 INFO o.a.j.t.JMeterThread: Stopping because end time detected by thread: S5 Overload (500t) 5-153
2026-05-31 18:31:05,255 INFO o.a.j.t.JMeterThread: Thread finished: S5 Overload (500t) 5-153
2026-05-31 18:31:05,255 INFO o.a.j.t.JMeterThread: Stopping because end time detected by thread: S5 Overload (500t) 5-270
2026-05-31 18:31:05,255 INFO o.a.j.t.JMeterThread: Thread finished: S5 Overload (500t) 5-270
2026-05-31 18:31:05,256 INFO o.a.j.t.JMeterThread: Stopping because end time detected by thread: S5 Overload (500t) 5-55
2026-05-31 18:31:05,256 INFO o.a.j.t.JMeterThread: Thread finished: S5 Overload (500t) 5-55
2026-05-31 18:31:05,258 INFO o.a.j.t.JMeterThread: Stopping because end time detected by thread: S5 Overload (500t) 5-284
2026-05-31 18:31:05,258 INFO o.a.j.t.JMeterThread: Thread finished: S5 Overload (500t) 5-284
2026-05-31 18:31:05,258 INFO o.a.j.t.JMeterThread: Stopping because end time detected by thread: S5 Overload (500t) 5-76
2026-05-31 18:31:05,258 INFO o.a.j.t.JMeterThread: Stopping because end time detected by thread: S5 Overload (500t) 5-89
2026-05-31 18:31:05,258 INFO o.a.j.t.JMeterThread: Thread finished: S5 Overload (500t) 5-76
2026-05-31 18:31:05,258 INFO o.a.j.t.JMeterThread: Thread finished: S5 Overload (500t) 5-89
2026-05-31 18:31:05,258 INFO o.a.j.t.JMeterThread: Stopping because end time detected by thread: S5 Overload (500t) 5-227
2026-05-31 18:31:05,258 INFO o.a.j.t.JMeterThread: Thread finished: S5 Overload (500t) 5-227
2026-05-31 18:31:05,258 INFO o.a.j.t.JMeterThread: Stopping because end time detected by thread: S5 Overload (500t) 5-44
2026-05-31 18:31:05,258 INFO o.a.j.t.JMeterThread: Thread finished: S5 Overload (500t) 5-44
2026-05-31 18:31:05,259 INFO o.a.j.t.JMeterThread: Stopping because end time detected by thread: S5 Overload (500t) 5-318
2026-05-31 18:31:05,259 INFO o.a.j.t.JMeterThread: Stopping because end time detected by thread: S5 Overload (500t) 5-269
2026-05-31 18:31:05,258 INFO o.a.j.t.JMeterThread: Stopping because end time detected by thread: S5 Overload (500t) 5-182
2026-05-31 18:31:05,259 INFO o.a.j.t.JMeterThread: Thread finished: S5 Overload (500t) 5-269
2026-05-31 18:31:05,259 INFO o.a.j.t.JMeterThread: Thread finished: S5 Overload (500t) 5-318
2026-05-31 18:31:05,258 INFO o.a.j.t.JMeterThread: Stopping because end time detected by thread: S5 Overload (500t) 5-118
2026-05-31 18:31:05,258 INFO o.a.j.t.JMeterThread: Stopping because end time detected by thread: S5 Overload (500t) 5-42
2026-05-31 18:31:05,258 INFO o.a.j.t.JMeterThread: Stopping because end time detected by thread: S5 Overload (500t) 5-67
2026-05-31 18:31:05,259 INFO o.a.j.t.JMeterThread: Thread finished: S5 Overload (500t) 5-42
2026-05-31 18:31:05,259 INFO o.a.j.t.JMeterThread: Thread finished: S5 Overload (500t) 5-67
2026-05-31 18:31:05,259 INFO o.a.j.t.JMeterThread: Stopping because end time detected by thread: S5 Overload (500t) 5-283
2026-05-31 18:31:05,259 INFO o.a.j.t.JMeterThread: Thread finished: S5 Overload (500t) 5-283
2026-05-31 18:31:05,258 INFO o.a.j.t.JMeterThread: Stopping because end time detected by thread: S5 Overload (500t) 5-58
2026-05-31 18:31:05,259 INFO o.a.j.t.JMeterThread: Thread finished: S5 Overload (500t) 5-58
2026-05-31 18:31:05,258 INFO o.a.j.t.JMeterThread: Stopping because end time detected by thread: S5 Overload (500t) 5-30
2026-05-31 18:31:05,259 INFO o.a.j.t.JMeterThread: Stopping because end time detected by thread: S5 Overload (500t) 5-230
2026-05-31 18:31:05,259 INFO o.a.j.t.JMeterThread: Thread finished: S5 Overload (500t) 5-230
2026-05-31 18:31:05,259 INFO o.a.j.t.JMeterThread: Stopping because end time detected by thread: S5 Overload (500t) 5-34
2026-05-31 18:31:05,259 INFO o.a.j.t.JMeterThread: Thread finished: S5 Overload (500t) 5-34
2026-05-31 18:31:05,259 INFO o.a.j.t.JMeterThread: Thread finished: S5 Overload (500t) 5-118
2026-05-31 18:31:05,259 INFO o.a.j.t.JMeterThread: Thread finished: S5 Overload (500t) 5-30
2026-05-31 18:31:05,259 INFO o.a.j.t.JMeterThread: Thread finished: S5 Overload (500t) 5-182
2026-05-31 18:31:05,259 INFO o.a.j.t.JMeterThread: Stopping because end time detected by thread: S5 Overload (500t) 5-327
2026-05-31 18:31:05,259 INFO o.a.j.t.JMeterThread: Thread finished: S5 Overload (500t) 5-327
2026-05-31 18:31:05,261 INFO o.a.j.t.JMeterThread: Stopping because end time detected by thread: S5 Overload (500t) 5-144
2026-05-31 18:31:05,261 INFO o.a.j.t.JMeterThread: Thread finished: S5 Overload (500t) 5-144
2026-05-31 18:31:05,261 INFO o.a.j.t.JMeterThread: Stopping because end time detected by thread: S5 Overload (500t) 5-95
2026-05-31 18:31:05,261 INFO o.a.j.t.JMeterThread: Thread finished: S5 Overload (500t) 5-95
2026-05-31 18:31:05,261 INFO o.a.j.t.JMeterThread: Stopping because end time detected by thread: S5 Overload (500t) 5-330
2026-05-31 18:31:05,261 INFO o.a.j.t.JMeterThread: Stopping because end time detected by thread: S5 Overload (500t) 5-220
2026-05-31 18:31:05,261 INFO o.a.j.t.JMeterThread: Stopping because end time detected by thread: S5 Overload (500t) 5-86
2026-05-31 18:31:05,261 INFO o.a.j.t.JMeterThread: Thread finished: S5 Overload (500t) 5-220
2026-05-31 18:31:05,261 INFO o.a.j.t.JMeterThread: Stopping because end time detected by thread: S5 Overload (500t) 5-273
2026-05-31 18:31:05,261 INFO o.a.j.t.JMeterThread: Thread finished: S5 Overload (500t) 5-330
2026-05-31 18:31:05,261 INFO o.a.j.t.JMeterThread: Thread finished: S5 Overload (500t) 5-273
2026-05-31 18:31:05,261 INFO o.a.j.t.JMeterThread: Stopping because end time detected by thread: S5 Overload (500t) 5-185
2026-05-31 18:31:05,261 INFO o.a.j.t.JMeterThread: Thread finished: S5 Overload (500t) 5-185
2026-05-31 18:31:05,261 INFO o.a.j.t.JMeterThread: Thread finished: S5 Overload (500t) 5-86
2026-05-31 18:31:05,261 INFO o.a.j.t.JMeterThread: Stopping because end time detected by thread: S5 Overload (500t) 5-357
2026-05-31 18:31:05,261 INFO o.a.j.t.JMeterThread: Thread finished: S5 Overload (500t) 5-357
2026-05-31 18:31:05,261 INFO o.a.j.t.JMeterThread: Stopping because end time detected by thread: S5 Overload (500t) 5-50
2026-05-31 18:31:05,261 INFO o.a.j.t.JMeterThread: Thread finished: S5 Overload (500t) 5-50
2026-05-31 18:31:05,261 INFO o.a.j.t.JMeterThread: Stopping because end time detected by thread: S5 Overload (500t) 5-322
2026-05-31 18:31:05,261 INFO o.a.j.t.JMeterThread: Thread finished: S5 Overload (500t) 5-322
2026-05-31 18:31:05,261 INFO o.a.j.t.JMeterThread: Stopping because end time detected by thread: S5 Overload (500t) 5-188
2026-05-31 18:31:05,261 INFO o.a.j.t.JMeterThread: Thread finished: S5 Overload (500t) 5-188
2026-05-31 18:31:05,261 INFO o.a.j.t.JMeterThread: Stopping because end time detected by thread: S5 Overload (500t) 5-39
2026-05-31 18:31:05,261 INFO o.a.j.t.JMeterThread: Thread finished: S5 Overload (500t) 5-39
2026-05-31 18:31:05,261 INFO o.a.j.t.JMeterThread: Stopping because end time detected by thread: S5 Overload (500t) 5-8
2026-05-31 18:31:05,261 INFO o.a.j.t.JMeterThread: Thread finished: S5 Overload (500t) 5-8
2026-05-31 18:31:05,261 INFO o.a.j.t.JMeterThread: Stopping because end time detected by thread: S5 Overload (500t) 5-274
2026-05-31 18:31:05,261 INFO o.a.j.t.JMeterThread: Thread finished: S5 Overload (500t) 5-274
2026-05-31 18:31:05,261 INFO o.a.j.t.JMeterThread: Stopping because end time detected by thread: S5 Overload (500t) 5-120
2026-05-31 18:31:05,261 INFO o.a.j.t.JMeterThread: Stopping because end time detected by thread: S5 Overload (500t) 5-93
2026-05-31 18:31:05,261 INFO o.a.j.t.JMeterThread: Thread finished: S5 Overload (500t) 5-120
2026-05-31 18:31:05,261 INFO o.a.j.t.JMeterThread: Stopping because end time detected by thread: S5 Overload (500t) 5-162
2026-05-31 18:31:05,262 INFO o.a.j.t.JMeterThread: Thread finished: S5 Overload (500t) 5-162
2026-05-31 18:31:05,262 INFO o.a.j.t.JMeterThread: Thread finished: S5 Overload (500t) 5-93
2026-05-31 18:31:05,262 INFO o.a.j.t.JMeterThread: Stopping because end time detected by thread: S5 Overload (500t) 5-279
2026-05-31 18:31:05,262 INFO o.a.j.t.JMeterThread: Thread finished: S5 Overload (500t) 5-279
2026-05-31 18:31:05,262 INFO o.a.j.t.JMeterThread: Stopping because end time detected by thread: S5 Overload (500t) 5-231
2026-05-31 18:31:05,262 INFO o.a.j.t.JMeterThread: Thread finished: S5 Overload (500t) 5-231
2026-05-31 18:31:05,262 INFO o.a.j.t.JMeterThread: Stopping because end time detected by thread: S5 Overload (500t) 5-189
2026-05-31 18:31:05,262 INFO o.a.j.t.JMeterThread: Thread finished: S5 Overload (500t) 5-189
2026-05-31 18:31:05,262 INFO o.a.j.t.JMeterThread: Stopping because end time detected by thread: S5 Overload (500t) 5-105
2026-05-31 18:31:05,262 INFO o.a.j.t.JMeterThread: Thread finished: S5 Overload (500t) 5-105
2026-05-31 18:31:05,262 INFO o.a.j.t.JMeterThread: Stopping because end time detected by thread: S5 Overload (500t) 5-181
2026-05-31 18:31:05,262 INFO o.a.j.t.JMeterThread: Thread finished: S5 Overload (500t) 5-181
2026-05-31 18:31:05,262 INFO o.a.j.t.JMeterThread: Stopping because end time detected by thread: S5 Overload (500t) 5-204
2026-05-31 18:31:05,262 INFO o.a.j.t.JMeterThread: Thread finished: S5 Overload (500t) 5-204
2026-05-31 18:31:05,262 INFO o.a.j.t.JMeterThread: Stopping because end time detected by thread: S5 Overload (500t) 5-303
2026-05-31 18:31:05,262 INFO o.a.j.t.JMeterThread: Thread finished: S5 Overload (500t) 5-303
2026-05-31 18:31:05,263 INFO o.a.j.t.JMeterThread: Stopping because end time detected by thread: S5 Overload (500t) 5-138
2026-05-31 18:31:05,263 INFO o.a.j.t.JMeterThread: Thread finished: S5 Overload (500t) 5-138
2026-05-31 18:31:05,263 INFO o.a.j.t.JMeterThread: Stopping because end time detected by thread: S5 Overload (500t) 5-148
2026-05-31 18:31:05,263 INFO o.a.j.t.JMeterThread: Thread finished: S5 Overload (500t) 5-148
2026-05-31 18:31:05,263 INFO o.a.j.t.JMeterThread: Stopping because end time detected by thread: S5 Overload (500t) 5-135
2026-05-31 18:31:05,263 INFO o.a.j.t.JMeterThread: Thread finished: S5 Overload (500t) 5-135
2026-05-31 18:31:05,263 INFO o.a.j.t.JMeterThread: Stopping because end time detected by thread: S5 Overload (500t) 5-51
2026-05-31 18:31:05,263 INFO o.a.j.t.JMeterThread: Thread finished: S5 Overload (500t) 5-51
2026-05-31 18:31:05,263 INFO o.a.j.t.JMeterThread: Stopping because end time detected by thread: S5 Overload (500t) 5-23
2026-05-31 18:31:05,263 INFO o.a.j.t.JMeterThread: Thread finished: S5 Overload (500t) 5-23
2026-05-31 18:31:05,263 INFO o.a.j.t.JMeterThread: Stopping because end time detected by thread: S5 Overload (500t) 5-36
2026-05-31 18:31:05,263 INFO o.a.j.t.JMeterThread: Thread finished: S5 Overload (500t) 5-36
2026-05-31 18:31:05,263 INFO o.a.j.t.JMeterThread: Stopping because end time detected by thread: S5 Overload (500t) 5-371
2026-05-31 18:31:05,263 INFO o.a.j.t.JMeterThread: Thread finished: S5 Overload (500t) 5-371
2026-05-31 18:31:05,263 INFO o.a.j.t.JMeterThread: Stopping because end time detected by thread: S5 Overload (500t) 5-121
2026-05-31 18:31:05,263 INFO o.a.j.t.JMeterThread: Thread finished: S5 Overload (500t) 5-121
2026-05-31 18:31:05,263 INFO o.a.j.t.JMeterThread: Stopping because end time detected by thread: S5 Overload (500t) 5-64
2026-05-31 18:31:05,263 INFO o.a.j.t.JMeterThread: Thread finished: S5 Overload (500t) 5-64
2026-05-31 18:31:05,263 INFO o.a.j.t.JMeterThread: Stopping because end time detected by thread: S5 Overload (500t) 5-49
2026-05-31 18:31:05,263 INFO o.a.j.t.JMeterThread: Thread finished: S5 Overload (500t) 5-49
2026-05-31 18:31:05,263 INFO o.a.j.t.JMeterThread: Stopping because end time detected by thread: S5 Overload (500t) 5-348
2026-05-31 18:31:05,263 INFO o.a.j.t.JMeterThread: Thread finished: S5 Overload (500t) 5-348
2026-05-31 18:31:05,264 INFO o.a.j.t.JMeterThread: Stopping because end time detected by thread: S5 Overload (500t) 5-40
2026-05-31 18:31:05,264 INFO o.a.j.t.JMeterThread: Thread finished: S5 Overload (500t) 5-40
2026-05-31 18:31:05,264 INFO o.a.j.t.JMeterThread: Stopping because end time detected by thread: S5 Overload (500t) 5-190
2026-05-31 18:31:05,264 INFO o.a.j.t.JMeterThread: Thread finished: S5 Overload (500t) 5-190
2026-05-31 18:31:05,264 INFO o.a.j.t.JMeterThread: Stopping because end time detected by thread: S5 Overload (500t) 5-219
2026-05-31 18:31:05,264 INFO o.a.j.t.JMeterThread: Thread finished: S5 Overload (500t) 5-219
2026-05-31 18:31:05,265 INFO o.a.j.t.JMeterThread: Stopping because end time detected by thread: S5 Overload (500t) 5-179
2026-05-31 18:31:05,265 INFO o.a.j.t.JMeterThread: Thread finished: S5 Overload (500t) 5-179
2026-05-31 18:31:05,265 INFO o.a.j.t.JMeterThread: Stopping because end time detected by thread: S5 Overload (500t) 5-197
2026-05-31 18:31:05,265 INFO o.a.j.t.JMeterThread: Thread finished: S5 Overload (500t) 5-197
2026-05-31 18:31:05,265 INFO o.a.j.t.JMeterThread: Stopping because end time detected by thread: S5 Overload (500t) 5-11
2026-05-31 18:31:05,265 INFO o.a.j.t.JMeterThread: Thread finished: S5 Overload (500t) 5-11
2026-05-31 18:31:05,265 INFO o.a.j.t.JMeterThread: Stopping because end time detected by thread: S5 Overload (500t) 5-195
2026-05-31 18:31:05,265 INFO o.a.j.t.JMeterThread: Thread finished: S5 Overload (500t) 5-195
2026-05-31 18:31:05,266 INFO o.a.j.t.JMeterThread: Stopping because end time detected by thread: S5 Overload (500t) 5-419
2026-05-31 18:31:05,266 INFO o.a.j.t.JMeterThread: Thread finished: S5 Overload (500t) 5-419
2026-05-31 18:31:05,270 INFO o.a.j.t.JMeterThread: Stopping because end time detected by thread: S5 Overload (500t) 5-127
2026-05-31 18:31:05,270 INFO o.a.j.t.JMeterThread: Thread finished: S5 Overload (500t) 5-127
2026-05-31 18:31:05,271 INFO o.a.j.t.JMeterThread: Stopping because end time detected by thread: S5 Overload (500t) 5-364
2026-05-31 18:31:05,271 INFO o.a.j.t.JMeterThread: Stopping because end time detected by thread: S5 Overload (500t) 5-433
2026-05-31 18:31:05,271 INFO o.a.j.t.JMeterThread: Thread finished: S5 Overload (500t) 5-364
2026-05-31 18:31:05,271 INFO o.a.j.t.JMeterThread: Thread finished: S5 Overload (500t) 5-433
2026-05-31 18:31:05,271 INFO o.a.j.t.JMeterThread: Stopping because end time detected by thread: S5 Overload (500t) 5-292
2026-05-31 18:31:05,271 INFO o.a.j.t.JMeterThread: Thread finished: S5 Overload (500t) 5-292
2026-05-31 18:31:05,271 INFO o.a.j.t.JMeterThread: Stopping because end time detected by thread: S5 Overload (500t) 5-207
2026-05-31 18:31:05,271 INFO o.a.j.t.JMeterThread: Thread finished: S5 Overload (500t) 5-207
2026-05-31 18:31:05,272 INFO o.a.j.t.JMeterThread: Stopping because end time detected by thread: S5 Overload (500t) 5-319
2026-05-31 18:31:05,272 INFO o.a.j.t.JMeterThread: Thread finished: S5 Overload (500t) 5-319
2026-05-31 18:31:05,272 INFO o.a.j.t.JMeterThread: Stopping because end time detected by thread: S5 Overload (500t) 5-391
2026-05-31 18:31:05,272 INFO o.a.j.t.JMeterThread: Thread finished: S5 Overload (500t) 5-391
2026-05-31 18:31:05,272 INFO o.a.j.t.JMeterThread: Stopping because end time detected by thread: S5 Overload (500t) 5-337
2026-05-31 18:31:05,272 INFO o.a.j.t.JMeterThread: Thread finished: S5 Overload (500t) 5-337
2026-05-31 18:31:05,272 INFO o.a.j.t.JMeterThread: Stopping because end time detected by thread: S5 Overload (500t) 5-233
2026-05-31 18:31:05,272 INFO o.a.j.t.JMeterThread: Thread finished: S5 Overload (500t) 5-233
2026-05-31 18:31:05,272 INFO o.a.j.t.JMeterThread: Stopping because end time detected by thread: S5 Overload (500t) 5-35
2026-05-31 18:31:05,272 INFO o.a.j.t.JMeterThread: Thread finished: S5 Overload (500t) 5-35
2026-05-31 18:31:05,272 INFO o.a.j.t.JMeterThread: Stopping because end time detected by thread: S5 Overload (500t) 5-321
2026-05-31 18:31:05,272 INFO o.a.j.t.JMeterThread: Thread finished: S5 Overload (500t) 5-321
2026-05-31 18:31:05,275 INFO o.a.j.t.JMeterThread: Stopping because end time detected by thread: S5 Overload (500t) 5-237
2026-05-31 18:31:05,276 INFO o.a.j.t.JMeterThread: Thread finished: S5 Overload (500t) 5-237
2026-05-31 18:31:05,284 INFO o.a.j.t.JMeterThread: Stopping because end time detected by thread: S5 Overload (500t) 5-216
2026-05-31 18:31:05,284 INFO o.a.j.t.JMeterThread: Stopping because end time detected by thread: S5 Overload (500t) 5-136
2026-05-31 18:31:05,284 INFO o.a.j.t.JMeterThread: Stopping because end time detected by thread: S5 Overload (500t) 5-101
2026-05-31 18:31:05,284 INFO o.a.j.t.JMeterThread: Thread finished: S5 Overload (500t) 5-136
2026-05-31 18:31:05,284 INFO o.a.j.t.JMeterThread: Thread finished: S5 Overload (500t) 5-216
2026-05-31 18:31:05,284 INFO o.a.j.t.JMeterThread: Thread finished: S5 Overload (500t) 5-101
2026-05-31 18:31:05,284 INFO o.a.j.t.JMeterThread: Stopping because end time detected by thread: S5 Overload (500t) 5-240
2026-05-31 18:31:05,284 INFO o.a.j.t.JMeterThread: Thread finished: S5 Overload (500t) 5-240
2026-05-31 18:31:05,285 INFO o.a.j.t.JMeterThread: Stopping because end time detected by thread: S5 Overload (500t) 5-65
2026-05-31 18:31:05,285 INFO o.a.j.t.JMeterThread: Thread finished: S5 Overload (500t) 5-65
2026-05-31 18:31:05,285 INFO o.a.j.t.JMeterThread: Stopping because end time detected by thread: S5 Overload (500t) 5-420
2026-05-31 18:31:05,285 INFO o.a.j.t.JMeterThread: Thread finished: S5 Overload (500t) 5-420
2026-05-31 18:31:05,294 INFO o.a.j.t.JMeterThread: Stopping because end time detected by thread: S5 Overload (500t) 5-307
2026-05-31 18:31:05,294 INFO o.a.j.t.JMeterThread: Stopping because end time detected by thread: S5 Overload (500t) 5-320
2026-05-31 18:31:05,294 INFO o.a.j.t.JMeterThread: Stopping because end time detected by thread: S5 Overload (500t) 5-27
2026-05-31 18:31:05,294 INFO o.a.j.t.JMeterThread: Thread finished: S5 Overload (500t) 5-320
2026-05-31 18:31:05,294 INFO o.a.j.t.JMeterThread: Stopping because end time detected by thread: S5 Overload (500t) 5-422
2026-05-31 18:31:05,295 INFO o.a.j.t.JMeterThread: Stopping because end time detected by thread: S5 Overload (500t) 5-305
2026-05-31 18:31:05,295 INFO o.a.j.t.JMeterThread: Thread finished: S5 Overload (500t) 5-422
2026-05-31 18:31:05,294 INFO o.a.j.t.JMeterThread: Stopping because end time detected by thread: S5 Overload (500t) 5-122
2026-05-31 18:31:05,295 INFO o.a.j.t.JMeterThread: Thread finished: S5 Overload (500t) 5-122
2026-05-31 18:31:05,294 INFO o.a.j.t.JMeterThread: Stopping because end time detected by thread: S5 Overload (500t) 5-379
2026-05-31 18:31:05,295 INFO o.a.j.t.JMeterThread: Thread finished: S5 Overload (500t) 5-379
2026-05-31 18:31:05,295 INFO o.a.j.t.JMeterThread: Thread finished: S5 Overload (500t) 5-305
2026-05-31 18:31:05,295 INFO o.a.j.t.JMeterThread: Thread finished: S5 Overload (500t) 5-27
2026-05-31 18:31:05,294 INFO o.a.j.t.JMeterThread: Thread finished: S5 Overload (500t) 5-307
2026-05-31 18:31:05,295 INFO o.a.j.t.JMeterThread: Stopping because end time detected by thread: S5 Overload (500t) 5-224
2026-05-31 18:31:05,295 INFO o.a.j.t.JMeterThread: Thread finished: S5 Overload (500t) 5-224
2026-05-31 18:31:05,297 INFO o.a.j.t.JMeterThread: Stopping because end time detected by thread: S5 Overload (500t) 5-183
2026-05-31 18:31:05,297 INFO o.a.j.t.JMeterThread: Stopping because end time detected by thread: S5 Overload (500t) 5-9
2026-05-31 18:31:05,297 INFO o.a.j.t.JMeterThread: Stopping because end time detected by thread: S5 Overload (500t) 5-132
2026-05-31 18:31:05,297 INFO o.a.j.t.JMeterThread: Thread finished: S5 Overload (500t) 5-183
2026-05-31 18:31:05,297 INFO o.a.j.t.JMeterThread: Thread finished: S5 Overload (500t) 5-9
2026-05-31 18:31:05,297 INFO o.a.j.t.JMeterThread: Thread finished: S5 Overload (500t) 5-132
2026-05-31 18:31:05,298 INFO o.a.j.t.JMeterThread: Stopping because end time detected by thread: S5 Overload (500t) 5-257
2026-05-31 18:31:05,298 INFO o.a.j.t.JMeterThread: Thread finished: S5 Overload (500t) 5-257
2026-05-31 18:31:05,298 INFO o.a.j.t.JMeterThread: Stopping because end time detected by thread: S5 Overload (500t) 5-172
2026-05-31 18:31:05,298 INFO o.a.j.t.JMeterThread: Thread finished: S5 Overload (500t) 5-172
2026-05-31 18:31:05,298 INFO o.a.j.t.JMeterThread: Stopping because end time detected by thread: S5 Overload (500t) 5-33
2026-05-31 18:31:05,298 INFO o.a.j.t.JMeterThread: Thread finished: S5 Overload (500t) 5-33
2026-05-31 18:31:05,298 INFO o.a.j.t.JMeterThread: Stopping because end time detected by thread: S5 Overload (500t) 5-143
2026-05-31 18:31:05,298 INFO o.a.j.t.JMeterThread: Thread finished: S5 Overload (500t) 5-143
2026-05-31 18:31:05,298 INFO o.a.j.t.JMeterThread: Stopping because end time detected by thread: S5 Overload (500t) 5-453
2026-05-31 18:31:05,298 INFO o.a.j.t.JMeterThread: Thread finished: S5 Overload (500t) 5-453
2026-05-31 18:31:05,298 INFO o.a.j.t.JMeterThread: Stopping because end time detected by thread: S5 Overload (500t) 5-170
2026-05-31 18:31:05,298 INFO o.a.j.t.JMeterThread: Thread finished: S5 Overload (500t) 5-170
2026-05-31 18:31:05,298 INFO o.a.j.t.JMeterThread: Stopping because end time detected by thread: S5 Overload (500t) 5-354
2026-05-31 18:31:05,298 INFO o.a.j.t.JMeterThread: Thread finished: S5 Overload (500t) 5-354
2026-05-31 18:31:05,298 INFO o.a.j.t.JMeterThread: Stopping because end time detected by thread: S5 Overload (500t) 5-17
2026-05-31 18:31:05,298 INFO o.a.j.t.JMeterThread: Thread finished: S5 Overload (500t) 5-17
2026-05-31 18:31:05,308 INFO o.a.j.t.JMeterThread: Stopping because end time detected by thread: S5 Overload (500t) 5-3
2026-05-31 18:31:05,308 INFO o.a.j.t.JMeterThread: Stopping because end time detected by thread: S5 Overload (500t) 5-198
2026-05-31 18:31:05,308 INFO o.a.j.t.JMeterThread: Thread finished: S5 Overload (500t) 5-198
2026-05-31 18:31:05,308 INFO o.a.j.t.JMeterThread: Thread finished: S5 Overload (500t) 5-3
2026-05-31 18:31:05,308 INFO o.a.j.t.JMeterThread: Stopping because end time detected by thread: S5 Overload (500t) 5-202
2026-05-31 18:31:05,308 INFO o.a.j.t.JMeterThread: Thread finished: S5 Overload (500t) 5-202
2026-05-31 18:31:05,308 INFO o.a.j.t.JMeterThread: Stopping because end time detected by thread: S5 Overload (500t) 5-287
2026-05-31 18:31:05,308 INFO o.a.j.t.JMeterThread: Thread finished: S5 Overload (500t) 5-287
2026-05-31 18:31:05,309 INFO o.a.j.t.JMeterThread: Stopping because end time detected by thread: S5 Overload (500t) 5-408
2026-05-31 18:31:05,309 INFO o.a.j.t.JMeterThread: Thread finished: S5 Overload (500t) 5-408
2026-05-31 18:31:05,309 INFO o.a.j.t.JMeterThread: Stopping because end time detected by thread: S5 Overload (500t) 5-6
2026-05-31 18:31:05,309 INFO o.a.j.t.JMeterThread: Stopping because end time detected by thread: S5 Overload (500t) 5-341
2026-05-31 18:31:05,309 INFO o.a.j.t.JMeterThread: Thread finished: S5 Overload (500t) 5-341
2026-05-31 18:31:05,309 INFO o.a.j.t.JMeterThread: Thread finished: S5 Overload (500t) 5-6
2026-05-31 18:31:05,309 INFO o.a.j.t.JMeterThread: Stopping because end time detected by thread: S5 Overload (500t) 5-46
2026-05-31 18:31:05,309 INFO o.a.j.t.JMeterThread: Thread finished: S5 Overload (500t) 5-46
2026-05-31 18:31:05,309 INFO o.a.j.t.JMeterThread: Stopping because end time detected by thread: S5 Overload (500t) 5-470
2026-05-31 18:31:05,309 INFO o.a.j.t.JMeterThread: Thread finished: S5 Overload (500t) 5-470
2026-05-31 18:31:05,309 INFO o.a.j.t.JMeterThread: Stopping because end time detected by thread: S5 Overload (500t) 5-37
2026-05-31 18:31:05,309 INFO o.a.j.t.JMeterThread: Thread finished: S5 Overload (500t) 5-37
2026-05-31 18:31:05,318 INFO o.a.j.t.JMeterThread: Stopping because end time detected by thread: S5 Overload (500t) 5-390
2026-05-31 18:31:05,318 INFO o.a.j.t.JMeterThread: Thread finished: S5 Overload (500t) 5-390
2026-05-31 18:31:05,318 INFO o.a.j.t.JMeterThread: Stopping because end time detected by thread: S5 Overload (500t) 5-259
2026-05-31 18:31:05,318 INFO o.a.j.t.JMeterThread: Stopping because end time detected by thread: S5 Overload (500t) 5-28
2026-05-31 18:31:05,318 INFO o.a.j.t.JMeterThread: Thread finished: S5 Overload (500t) 5-28
2026-05-31 18:31:05,318 INFO o.a.j.t.JMeterThread: Stopping because end time detected by thread: S5 Overload (500t) 5-277
2026-05-31 18:31:05,318 INFO o.a.j.t.JMeterThread: Thread finished: S5 Overload (500t) 5-277
2026-05-31 18:31:05,318 INFO o.a.j.t.JMeterThread: Thread finished: S5 Overload (500t) 5-259
2026-05-31 18:31:05,321 INFO o.a.j.t.JMeterThread: Stopping because end time detected by thread: S5 Overload (500t) 5-211
2026-05-31 18:31:05,321 INFO o.a.j.t.JMeterThread: Thread finished: S5 Overload (500t) 5-211
2026-05-31 18:31:05,321 INFO o.a.j.t.JMeterThread: Stopping because end time detected by thread: S5 Overload (500t) 5-486
2026-05-31 18:31:05,321 INFO o.a.j.t.JMeterThread: Thread finished: S5 Overload (500t) 5-486
2026-05-31 18:31:05,321 INFO o.a.j.t.JMeterThread: Stopping because end time detected by thread: S5 Overload (500t) 5-160
2026-05-31 18:31:05,321 INFO o.a.j.t.JMeterThread: Thread finished: S5 Overload (500t) 5-160
2026-05-31 18:31:05,321 INFO o.a.j.t.JMeterThread: Stopping because end time detected by thread: S5 Overload (500t) 5-154
2026-05-31 18:31:05,321 INFO o.a.j.t.JMeterThread: Thread finished: S5 Overload (500t) 5-154
2026-05-31 18:31:05,321 INFO o.a.j.t.JMeterThread: Stopping because end time detected by thread: S5 Overload (500t) 5-376
2026-05-31 18:31:05,321 INFO o.a.j.t.JMeterThread: Thread finished: S5 Overload (500t) 5-376
2026-05-31 18:31:05,321 INFO o.a.j.t.JMeterThread: Stopping because end time detected by thread: S5 Overload (500t) 5-356
2026-05-31 18:31:05,321 INFO o.a.j.t.JMeterThread: Thread finished: S5 Overload (500t) 5-356
2026-05-31 18:31:05,322 INFO o.a.j.t.JMeterThread: Stopping because end time detected by thread: S5 Overload (500t) 5-340
2026-05-31 18:31:05,322 INFO o.a.j.t.JMeterThread: Thread finished: S5 Overload (500t) 5-340
2026-05-31 18:31:05,321 INFO o.a.j.t.JMeterThread: Stopping because end time detected by thread: S5 Overload (500t) 5-271
2026-05-31 18:31:05,322 INFO o.a.j.t.JMeterThread: Stopping because end time detected by thread: S5 Overload (500t) 5-331
2026-05-31 18:31:05,322 INFO o.a.j.t.JMeterThread: Thread finished: S5 Overload (500t) 5-271
2026-05-31 18:31:05,322 INFO o.a.j.t.JMeterThread: Thread finished: S5 Overload (500t) 5-331
2026-05-31 18:31:05,321 INFO o.a.j.t.JMeterThread: Stopping because end time detected by thread: S5 Overload (500t) 5-272
2026-05-31 18:31:05,321 INFO o.a.j.t.JMeterThread: Stopping because end time detected by thread: S5 Overload (500t) 5-192
2026-05-31 18:31:05,321 INFO o.a.j.t.JMeterThread: Stopping because end time detected by thread: S5 Overload (500t) 5-490
2026-05-31 18:31:05,322 INFO o.a.j.t.JMeterThread: Thread finished: S5 Overload (500t) 5-192
2026-05-31 18:31:05,322 INFO o.a.j.t.JMeterThread: Thread finished: S5 Overload (500t) 5-490
2026-05-31 18:31:05,321 INFO o.a.j.t.JMeterThread: Stopping because end time detected by thread: S5 Overload (500t) 5-178
2026-05-31 18:31:05,322 INFO o.a.j.t.JMeterThread: Thread finished: S5 Overload (500t) 5-272
2026-05-31 18:31:05,322 INFO o.a.j.t.JMeterThread: Thread finished: S5 Overload (500t) 5-178
2026-05-31 18:31:05,322 INFO o.a.j.t.JMeterThread: Stopping because end time detected by thread: S5 Overload (500t) 5-300
2026-05-31 18:31:05,322 INFO o.a.j.t.JMeterThread: Thread finished: S5 Overload (500t) 5-300
2026-05-31 18:31:05,323 INFO o.a.j.t.JMeterThread: Stopping because end time detected by thread: S5 Overload (500t) 5-280
2026-05-31 18:31:05,323 INFO o.a.j.t.JMeterThread: Stopping because end time detected by thread: S5 Overload (500t) 5-262
2026-05-31 18:31:05,323 INFO o.a.j.t.JMeterThread: Stopping because end time detected by thread: S5 Overload (500t) 5-360
2026-05-31 18:31:05,323 INFO o.a.j.t.JMeterThread: Thread finished: S5 Overload (500t) 5-262
2026-05-31 18:31:05,323 INFO o.a.j.t.JMeterThread: Stopping because end time detected by thread: S5 Overload (500t) 5-90
2026-05-31 18:31:05,323 INFO o.a.j.t.JMeterThread: Stopping because end time detected by thread: S5 Overload (500t) 5-285
2026-05-31 18:31:05,323 INFO o.a.j.t.JMeterThread: Stopping because end time detected by thread: S5 Overload (500t) 5-468
2026-05-31 18:31:05,323 INFO o.a.j.t.JMeterThread: Thread finished: S5 Overload (500t) 5-468
2026-05-31 18:31:05,323 INFO o.a.j.t.JMeterThread: Stopping because end time detected by thread: S5 Overload (500t) 5-306
2026-05-31 18:31:05,323 INFO o.a.j.t.JMeterThread: Stopping because end time detected by thread: S5 Overload (500t) 5-405
2026-05-31 18:31:05,323 INFO o.a.j.t.JMeterThread: Stopping because end time detected by thread: S5 Overload (500t) 5-488
2026-05-31 18:31:05,323 INFO o.a.j.t.JMeterThread: Stopping because end time detected by thread: S5 Overload (500t) 5-444
2026-05-31 18:31:05,323 INFO o.a.j.t.JMeterThread: Thread finished: S5 Overload (500t) 5-405
2026-05-31 18:31:05,323 INFO o.a.j.t.JMeterThread: Stopping because end time detected by thread: S5 Overload (500t) 5-454
2026-05-31 18:31:05,323 INFO o.a.j.t.JMeterThread: Thread finished: S5 Overload (500t) 5-444
2026-05-31 18:31:05,323 INFO o.a.j.t.JMeterThread: Stopping because end time detected by thread: S5 Overload (500t) 5-72
2026-05-31 18:31:05,323 INFO o.a.j.t.JMeterThread: Thread finished: S5 Overload (500t) 5-488
2026-05-31 18:31:05,323 INFO o.a.j.t.JMeterThread: Thread finished: S5 Overload (500t) 5-72
2026-05-31 18:31:05,323 INFO o.a.j.t.JMeterThread: Stopping because end time detected by thread: S5 Overload (500t) 5-466
2026-05-31 18:31:05,323 INFO o.a.j.t.JMeterThread: Stopping because end time detected by thread: S5 Overload (500t) 5-312
2026-05-31 18:31:05,323 INFO o.a.j.t.JMeterThread: Thread finished: S5 Overload (500t) 5-312
2026-05-31 18:31:05,323 INFO o.a.j.t.JMeterThread: Stopping because end time detected by thread: S5 Overload (500t) 5-264
2026-05-31 18:31:05,323 INFO o.a.j.t.JMeterThread: Thread finished: S5 Overload (500t) 5-264
2026-05-31 18:31:05,323 INFO o.a.j.t.JMeterThread: Stopping because end time detected by thread: S5 Overload (500t) 5-437
2026-05-31 18:31:05,323 INFO o.a.j.t.JMeterThread: Stopping because end time detected by thread: S5 Overload (500t) 5-317
2026-05-31 18:31:05,323 INFO o.a.j.t.JMeterThread: Stopping because end time detected by thread: S5 Overload (500t) 5-430
2026-05-31 18:31:05,323 INFO o.a.j.t.JMeterThread: Thread finished: S5 Overload (500t) 5-317
2026-05-31 18:31:05,323 INFO o.a.j.t.JMeterThread: Stopping because end time detected by thread: S5 Overload (500t) 5-311
2026-05-31 18:31:05,323 INFO o.a.j.t.JMeterThread: Stopping because end time detected by thread: S5 Overload (500t) 5-157
2026-05-31 18:31:05,323 INFO o.a.j.t.JMeterThread: Stopping because end time detected by thread: S5 Overload (500t) 5-294
2026-05-31 18:31:05,323 INFO o.a.j.t.JMeterThread: Stopping because end time detected by thread: S5 Overload (500t) 5-347
2026-05-31 18:31:05,323 INFO o.a.j.t.JMeterThread: Stopping because end time detected by thread: S5 Overload (500t) 5-174
2026-05-31 18:31:05,323 INFO o.a.j.t.JMeterThread: Stopping because end time detected by thread: S5 Overload (500t) 5-343
2026-05-31 18:31:05,323 INFO o.a.j.t.JMeterThread: Thread finished: S5 Overload (500t) 5-343
2026-05-31 18:31:05,323 INFO o.a.j.t.JMeterThread: Thread finished: S5 Overload (500t) 5-430
2026-05-31 18:31:05,323 INFO o.a.j.t.JMeterThread: Stopping because end time detected by thread: S5 Overload (500t) 5-428
2026-05-31 18:31:05,323 INFO o.a.j.t.JMeterThread: Stopping because end time detected by thread: S5 Overload (500t) 5-309
2026-05-31 18:31:05,323 INFO o.a.j.t.JMeterThread: Stopping because end time detected by thread: S5 Overload (500t) 5-489
2026-05-31 18:31:05,323 INFO o.a.j.t.JMeterThread: Thread finished: S5 Overload (500t) 5-437
2026-05-31 18:31:05,323 INFO o.a.j.t.JMeterThread: Stopping because end time detected by thread: S5 Overload (500t) 5-491
2026-05-31 18:31:05,323 INFO o.a.j.t.JMeterThread: Thread finished: S5 Overload (500t) 5-491
2026-05-31 18:31:05,323 INFO o.a.j.t.JMeterThread: Stopping because end time detected by thread: S5 Overload (500t) 5-217
2026-05-31 18:31:05,323 INFO o.a.j.t.JMeterThread: Stopping because end time detected by thread: S5 Overload (500t) 5-201
2026-05-31 18:31:05,323 INFO o.a.j.t.JMeterThread: Thread finished: S5 Overload (500t) 5-217
2026-05-31 18:31:05,323 INFO o.a.j.t.JMeterThread: Stopping because end time detected by thread: S5 Overload (500t) 5-458
2026-05-31 18:31:05,323 INFO o.a.j.t.JMeterThread: Thread finished: S5 Overload (500t) 5-458
2026-05-31 18:31:05,323 INFO o.a.j.t.JMeterThread: Stopping because end time detected by thread: S5 Overload (500t) 5-456
2026-05-31 18:31:05,323 INFO o.a.j.t.JMeterThread: Thread finished: S5 Overload (500t) 5-456
2026-05-31 18:31:05,323 INFO o.a.j.t.JMeterThread: Stopping because end time detected by thread: S5 Overload (500t) 5-461
2026-05-31 18:31:05,323 INFO o.a.j.t.JMeterThread: Thread finished: S5 Overload (500t) 5-461
2026-05-31 18:31:05,323 INFO o.a.j.t.JMeterThread: Stopping because end time detected by thread: S5 Overload (500t) 5-401
2026-05-31 18:31:05,324 INFO o.a.j.t.JMeterThread: Thread finished: S5 Overload (500t) 5-401
2026-05-31 18:31:05,323 INFO o.a.j.t.JMeterThread: Thread finished: S5 Overload (500t) 5-466
2026-05-31 18:31:05,323 INFO o.a.j.t.JMeterThread: Stopping because end time detected by thread: S5 Overload (500t) 5-429
2026-05-31 18:31:05,323 INFO o.a.j.t.JMeterThread: Stopping because end time detected by thread: S5 Overload (500t) 5-308
2026-05-31 18:31:05,324 INFO o.a.j.t.JMeterThread: Thread finished: S5 Overload (500t) 5-454
2026-05-31 18:31:05,324 INFO o.a.j.t.JMeterThread: Thread finished: S5 Overload (500t) 5-308
2026-05-31 18:31:05,323 INFO o.a.j.t.JMeterThread: Stopping because end time detected by thread: S5 Overload (500t) 5-398
2026-05-31 18:31:05,323 INFO o.a.j.t.JMeterThread: Stopping because end time detected by thread: S5 Overload (500t) 5-238
2026-05-31 18:31:05,324 INFO o.a.j.t.JMeterThread: Thread finished: S5 Overload (500t) 5-398
2026-05-31 18:31:05,323 INFO o.a.j.t.JMeterThread: Stopping because end time detected by thread: S5 Overload (500t) 5-448
2026-05-31 18:31:05,324 INFO o.a.j.t.JMeterThread: Thread finished: S5 Overload (500t) 5-448
2026-05-31 18:31:05,323 INFO o.a.j.t.JMeterThread: Stopping because end time detected by thread: S5 Overload (500t) 5-383
2026-05-31 18:31:05,323 INFO o.a.j.t.JMeterThread: Stopping because end time detected by thread: S5 Overload (500t) 5-473
2026-05-31 18:31:05,324 INFO o.a.j.t.JMeterThread: Thread finished: S5 Overload (500t) 5-383
2026-05-31 18:31:05,323 INFO o.a.j.t.JMeterThread: Thread finished: S5 Overload (500t) 5-306
2026-05-31 18:31:05,323 INFO o.a.j.t.JMeterThread: Stopping because end time detected by thread: S5 Overload (500t) 5-362
2026-05-31 18:31:05,323 INFO o.a.j.t.JMeterThread: Thread finished: S5 Overload (500t) 5-285
2026-05-31 18:31:05,325 INFO o.a.j.t.JMeterThread: Thread finished: S5 Overload (500t) 5-362
2026-05-31 18:31:05,323 INFO o.a.j.t.JMeterThread: Stopping because end time detected by thread: S5 Overload (500t) 5-333
2026-05-31 18:31:05,323 INFO o.a.j.t.JMeterThread: Thread finished: S5 Overload (500t) 5-90
2026-05-31 18:31:05,323 INFO o.a.j.t.JMeterThread: Stopping because end time detected by thread: S5 Overload (500t) 5-332
2026-05-31 18:31:05,323 INFO o.a.j.t.JMeterThread: Thread finished: S5 Overload (500t) 5-360
2026-05-31 18:31:05,323 INFO o.a.j.t.JMeterThread: Thread finished: S5 Overload (500t) 5-280
2026-05-31 18:31:05,325 INFO o.a.j.t.JMeterThread: Thread finished: S5 Overload (500t) 5-332
2026-05-31 18:31:05,323 INFO o.a.j.t.JMeterThread: Stopping because end time detected by thread: S5 Overload (500t) 5-200
2026-05-31 18:31:05,325 INFO o.a.j.t.JMeterThread: Thread finished: S5 Overload (500t) 5-333
2026-05-31 18:31:05,325 INFO o.a.j.t.JMeterThread: Thread finished: S5 Overload (500t) 5-200
2026-05-31 18:31:05,324 INFO o.a.j.t.JMeterThread: Thread finished: S5 Overload (500t) 5-473
2026-05-31 18:31:05,325 INFO o.a.j.t.JMeterThread: Stopping because end time detected by thread: S5 Overload (500t) 5-403
2026-05-31 18:31:05,325 INFO o.a.j.t.JMeterThread: Thread finished: S5 Overload (500t) 5-403
2026-05-31 18:31:05,325 INFO o.a.j.t.JMeterThread: Stopping because end time detected by thread: S5 Overload (500t) 5-452
2026-05-31 18:31:05,324 INFO o.a.j.t.JMeterThread: Thread finished: S5 Overload (500t) 5-238
2026-05-31 18:31:05,325 INFO o.a.j.t.JMeterThread: Thread finished: S5 Overload (500t) 5-452
2026-05-31 18:31:05,324 INFO o.a.j.t.JMeterThread: Thread finished: S5 Overload (500t) 5-429
2026-05-31 18:31:05,323 INFO o.a.j.t.JMeterThread: Thread finished: S5 Overload (500t) 5-489
2026-05-31 18:31:05,325 INFO o.a.j.t.JMeterThread: Thread finished: S5 Overload (500t) 5-201
2026-05-31 18:31:05,323 INFO o.a.j.t.JMeterThread: Thread finished: S5 Overload (500t) 5-428
2026-05-31 18:31:05,323 INFO o.a.j.t.JMeterThread: Thread finished: S5 Overload (500t) 5-309
2026-05-31 18:31:05,323 INFO o.a.j.t.JMeterThread: Stopping because end time detected by thread: S5 Overload (500t) 5-443
2026-05-31 18:31:05,323 INFO o.a.j.t.JMeterThread: Thread finished: S5 Overload (500t) 5-347
2026-05-31 18:31:05,325 INFO o.a.j.t.JMeterThread: Thread finished: S5 Overload (500t) 5-443
2026-05-31 18:31:05,323 INFO o.a.j.t.JMeterThread: Stopping because end time detected by thread: S5 Overload (500t) 5-329
2026-05-31 18:31:05,323 INFO o.a.j.t.JMeterThread: Thread finished: S5 Overload (500t) 5-294
2026-05-31 18:31:05,325 INFO o.a.j.t.JMeterThread: Thread finished: S5 Overload (500t) 5-329
2026-05-31 18:31:05,326 INFO o.a.j.t.JMeterThread: Thread finished: S5 Overload (500t) 5-174
2026-05-31 18:31:05,323 INFO o.a.j.t.JMeterThread: Stopping because end time detected by thread: S5 Overload (500t) 5-493
2026-05-31 18:31:05,323 INFO o.a.j.t.JMeterThread: Stopping because end time detected by thread: S5 Overload (500t) 5-435
2026-05-31 18:31:05,326 INFO o.a.j.t.JMeterThread: Thread finished: S5 Overload (500t) 5-493
2026-05-31 18:31:05,326 INFO o.a.j.t.JMeterThread: Thread finished: S5 Overload (500t) 5-435
2026-05-31 18:31:05,323 INFO o.a.j.t.JMeterThread: Thread finished: S5 Overload (500t) 5-311
2026-05-31 18:31:05,326 INFO o.a.j.t.JMeterThread: Thread finished: S5 Overload (500t) 5-157
2026-05-31 18:31:05,326 INFO o.a.j.t.JMeterThread: Stopping because end time detected by thread: S5 Overload (500t) 5-396
2026-05-31 18:31:05,326 INFO o.a.j.t.JMeterThread: Thread finished: S5 Overload (500t) 5-396
2026-05-31 18:31:05,327 INFO o.a.j.t.JMeterThread: Stopping because end time detected by thread: S5 Overload (500t) 5-445
2026-05-31 18:31:05,327 INFO o.a.j.t.JMeterThread: Thread finished: S5 Overload (500t) 5-445
2026-05-31 18:31:05,327 INFO o.a.j.t.JMeterThread: Stopping because end time detected by thread: S5 Overload (500t) 5-336
2026-05-31 18:31:05,327 INFO o.a.j.t.JMeterThread: Thread finished: S5 Overload (500t) 5-336
2026-05-31 18:31:05,327 INFO o.a.j.t.JMeterThread: Stopping because end time detected by thread: S5 Overload (500t) 5-184
2026-05-31 18:31:05,327 INFO o.a.j.t.JMeterThread: Thread finished: S5 Overload (500t) 5-184
2026-05-31 18:31:05,327 INFO o.a.j.t.JMeterThread: Stopping because end time detected by thread: S5 Overload (500t) 5-226
2026-05-31 18:31:05,327 INFO o.a.j.t.JMeterThread: Thread finished: S5 Overload (500t) 5-226
2026-05-31 18:31:05,329 INFO o.a.j.t.JMeterThread: Stopping because end time detected by thread: S5 Overload (500t) 5-366
2026-05-31 18:31:05,329 INFO o.a.j.t.JMeterThread: Thread finished: S5 Overload (500t) 5-366
2026-05-31 18:31:05,330 INFO o.a.j.t.JMeterThread: Stopping because end time detected by thread: S5 Overload (500t) 5-417
2026-05-31 18:31:05,330 INFO o.a.j.t.JMeterThread: Stopping because end time detected by thread: S5 Overload (500t) 5-463
2026-05-31 18:31:05,330 INFO o.a.j.t.JMeterThread: Thread finished: S5 Overload (500t) 5-417
2026-05-31 18:31:05,330 INFO o.a.j.t.JMeterThread: Thread finished: S5 Overload (500t) 5-463
2026-05-31 18:31:05,330 INFO o.a.j.t.JMeterThread: Stopping because end time detected by thread: S5 Overload (500t) 5-416
2026-05-31 18:31:05,330 INFO o.a.j.t.JMeterThread: Thread finished: S5 Overload (500t) 5-416
2026-05-31 18:31:05,330 INFO o.a.j.t.JMeterThread: Stopping because end time detected by thread: S5 Overload (500t) 5-358
2026-05-31 18:31:05,330 INFO o.a.j.t.JMeterThread: Thread finished: S5 Overload (500t) 5-358
2026-05-31 18:31:05,331 INFO o.a.j.t.JMeterThread: Stopping because end time detected by thread: S5 Overload (500t) 5-484
2026-05-31 18:31:05,331 INFO o.a.j.t.JMeterThread: Thread finished: S5 Overload (500t) 5-484
2026-05-31 18:31:05,331 INFO o.a.j.t.JMeterThread: Stopping because end time detected by thread: S5 Overload (500t) 5-369
2026-05-31 18:31:05,331 INFO o.a.j.t.JMeterThread: Thread finished: S5 Overload (500t) 5-369
2026-05-31 18:31:05,331 INFO o.a.j.t.JMeterThread: Stopping because end time detected by thread: S5 Overload (500t) 5-395
2026-05-31 18:31:05,331 INFO o.a.j.t.JMeterThread: Thread finished: S5 Overload (500t) 5-395
2026-05-31 18:31:05,331 INFO o.a.j.t.JMeterThread: Stopping because end time detected by thread: S5 Overload (500t) 5-424
2026-05-31 18:31:05,331 INFO o.a.j.t.JMeterThread: Thread finished: S5 Overload (500t) 5-424
2026-05-31 18:31:05,331 INFO o.a.j.t.JMeterThread: Stopping because end time detected by thread: S5 Overload (500t) 5-397
2026-05-31 18:31:05,331 INFO o.a.j.t.JMeterThread: Thread finished: S5 Overload (500t) 5-397
2026-05-31 18:31:05,331 INFO o.a.j.t.JMeterThread: Stopping because end time detected by thread: S5 Overload (500t) 5-467
2026-05-31 18:31:05,331 INFO o.a.j.t.JMeterThread: Thread finished: S5 Overload (500t) 5-467
2026-05-31 18:31:05,331 INFO o.a.j.t.JMeterThread: Stopping because end time detected by thread: S5 Overload (500t) 5-438
2026-05-31 18:31:05,331 INFO o.a.j.t.JMeterThread: Thread finished: S5 Overload (500t) 5-438
2026-05-31 18:31:05,331 INFO o.a.j.t.JMeterThread: Stopping because end time detected by thread: S5 Overload (500t) 5-439
2026-05-31 18:31:05,331 INFO o.a.j.t.JMeterThread: Thread finished: S5 Overload (500t) 5-439
2026-05-31 18:31:05,342 INFO o.a.j.t.JMeterThread: Stopping because end time detected by thread: S5 Overload (500t) 5-471
2026-05-31 18:31:05,342 INFO o.a.j.t.JMeterThread: Stopping because end time detected by thread: S5 Overload (500t) 5-446
2026-05-31 18:31:05,342 INFO o.a.j.t.JMeterThread: Thread finished: S5 Overload (500t) 5-471
2026-05-31 18:31:05,343 INFO o.a.j.t.JMeterThread: Thread finished: S5 Overload (500t) 5-446
2026-05-31 18:31:06,289 INFO o.a.j.t.JMeterThread: Stopping because end time detected by thread: S5 Overload (500t) 5-32
2026-05-31 18:31:06,289 INFO o.a.j.t.JMeterThread: Thread finished: S5 Overload (500t) 5-32
2026-05-31 18:31:06,290 INFO o.a.j.t.JMeterThread: Stopping because end time detected by thread: S5 Overload (500t) 5-457
2026-05-31 18:31:06,290 INFO o.a.j.t.JMeterThread: Thread finished: S5 Overload (500t) 5-457
2026-05-31 18:31:06,294 INFO o.a.j.t.JMeterThread: Stopping because end time detected by thread: S5 Overload (500t) 5-173
2026-05-31 18:31:06,294 INFO o.a.j.t.JMeterThread: Thread finished: S5 Overload (500t) 5-173
2026-05-31 18:31:06,294 INFO o.a.j.t.JMeterThread: Stopping because end time detected by thread: S5 Overload (500t) 5-26
2026-05-31 18:31:06,294 INFO o.a.j.t.JMeterThread: Thread finished: S5 Overload (500t) 5-26
2026-05-31 18:31:06,296 INFO o.a.j.t.JMeterThread: Stopping because end time detected by thread: S5 Overload (500t) 5-295
2026-05-31 18:31:06,296 INFO o.a.j.t.JMeterThread: Stopping because end time detected by thread: S5 Overload (500t) 5-250
2026-05-31 18:31:06,296 INFO o.a.j.t.JMeterThread: Thread finished: S5 Overload (500t) 5-295
2026-05-31 18:31:06,296 INFO o.a.j.t.JMeterThread: Stopping because end time detected by thread: S5 Overload (500t) 5-260
2026-05-31 18:31:06,296 INFO o.a.j.t.JMeterThread: Thread finished: S5 Overload (500t) 5-250
2026-05-31 18:31:06,296 INFO o.a.j.t.JMeterThread: Thread finished: S5 Overload (500t) 5-260
2026-05-31 18:31:06,296 INFO o.a.j.t.JMeterThread: Stopping because end time detected by thread: S5 Overload (500t) 5-464
2026-05-31 18:31:06,296 INFO o.a.j.t.JMeterThread: Thread finished: S5 Overload (500t) 5-464
2026-05-31 18:31:06,303 INFO o.a.j.t.JMeterThread: Stopping because end time detected by thread: S5 Overload (500t) 5-248
2026-05-31 18:31:06,303 INFO o.a.j.t.JMeterThread: Thread finished: S5 Overload (500t) 5-248
2026-05-31 18:31:06,310 INFO o.a.j.t.JMeterThread: Stopping because end time detected by thread: S5 Overload (500t) 5-351
2026-05-31 18:31:06,310 INFO o.a.j.t.JMeterThread: Thread finished: S5 Overload (500t) 5-351
2026-05-31 18:31:06,328 INFO o.a.j.t.JMeterThread: Stopping because end time detected by thread: S5 Overload (500t) 5-137
2026-05-31 18:31:06,328 INFO o.a.j.t.JMeterThread: Thread finished: S5 Overload (500t) 5-137
2026-05-31 18:31:06,328 INFO o.a.j.t.JMeterThread: Stopping because end time detected by thread: S5 Overload (500t) 5-163
2026-05-31 18:31:06,328 INFO o.a.j.t.JMeterThread: Thread finished: S5 Overload (500t) 5-163
2026-05-31 18:31:06,343 INFO o.a.j.t.JMeterThread: Stopping because end time detected by thread: S5 Overload (500t) 5-450
2026-05-31 18:31:06,343 INFO o.a.j.t.JMeterThread: Thread finished: S5 Overload (500t) 5-450
2026-05-31 18:31:06,344 INFO o.a.j.t.JMeterThread: Stopping because end time detected by thread: S5 Overload (500t) 5-199
2026-05-31 18:31:06,344 INFO o.a.j.t.JMeterThread: Stopping because end time detected by thread: S5 Overload (500t) 5-96
2026-05-31 18:31:06,344 INFO o.a.j.t.JMeterThread: Thread finished: S5 Overload (500t) 5-199
2026-05-31 18:31:06,344 INFO o.a.j.t.JMeterThread: Thread finished: S5 Overload (500t) 5-96
2026-05-31 18:31:06,346 INFO o.a.j.t.JMeterThread: Stopping because end time detected by thread: S5 Overload (500t) 5-282
2026-05-31 18:31:06,346 INFO o.a.j.t.JMeterThread: Thread finished: S5 Overload (500t) 5-282
2026-05-31 18:31:06,346 INFO o.a.j.t.JMeterThread: Stopping because end time detected by thread: S5 Overload (500t) 5-323
2026-05-31 18:31:06,346 INFO o.a.j.t.JMeterThread: Thread finished: S5 Overload (500t) 5-323
2026-05-31 18:31:06,346 INFO o.a.j.t.JMeterThread: Stopping because end time detected by thread: S5 Overload (500t) 5-291
2026-05-31 18:31:06,346 INFO o.a.j.t.JMeterThread: Thread finished: S5 Overload (500t) 5-291
2026-05-31 18:31:06,347 INFO o.a.j.t.JMeterThread: Stopping because end time detected by thread: S5 Overload (500t) 5-378
2026-05-31 18:31:06,347 INFO o.a.j.t.JMeterThread: Thread finished: S5 Overload (500t) 5-378
2026-05-31 18:31:06,474 INFO o.a.j.t.JMeterThread: Stopping because end time detected by thread: S5 Overload (500t) 5-290
2026-05-31 18:31:06,474 INFO o.a.j.t.JMeterThread: Thread finished: S5 Overload (500t) 5-290
2026-05-31 18:31:06,632 INFO o.a.j.t.JMeterThread: Stopping because end time detected by thread: S5 Overload (500t) 5-478
2026-05-31 18:31:06,632 INFO o.a.j.t.JMeterThread: Thread finished: S5 Overload (500t) 5-478
2026-05-31 18:31:06,812 INFO o.a.j.t.JMeterThread: Stopping because end time detected by thread: S5 Overload (500t) 5-377
2026-05-31 18:31:06,812 INFO o.a.j.t.JMeterThread: Thread finished: S5 Overload (500t) 5-377
2026-05-31 18:31:06,835 INFO o.a.j.t.JMeterThread: Stopping because end time detected by thread: S5 Overload (500t) 5-289
2026-05-31 18:31:06,835 INFO o.a.j.t.JMeterThread: Thread finished: S5 Overload (500t) 5-289
2026-05-31 18:31:06,985 INFO o.a.j.t.JMeterThread: Stopping because end time detected by thread: S5 Overload (500t) 5-498
2026-05-31 18:31:06,985 INFO o.a.j.t.JMeterThread: Thread finished: S5 Overload (500t) 5-498
2026-05-31 18:31:07,155 INFO o.a.j.t.JMeterThread: Stopping because end time detected by thread: S5 Overload (500t) 5-314
2026-05-31 18:31:07,155 INFO o.a.j.t.JMeterThread: Thread finished: S5 Overload (500t) 5-314
2026-05-31 18:31:07,191 INFO o.a.j.t.JMeterThread: Stopping because end time detected by thread: S5 Overload (500t) 5-441
2026-05-31 18:31:07,191 INFO o.a.j.t.JMeterThread: Thread finished: S5 Overload (500t) 5-441
2026-05-31 18:31:07,191 INFO o.a.j.t.JMeterThread: Stopping because end time detected by thread: S5 Overload (500t) 5-382
2026-05-31 18:31:07,191 INFO o.a.j.t.JMeterThread: Thread finished: S5 Overload (500t) 5-382
2026-05-31 18:31:07,312 INFO o.a.j.t.JMeterThread: Stopping because end time detected by thread: S5 Overload (500t) 5-335
2026-05-31 18:31:07,312 INFO o.a.j.t.JMeterThread: Thread finished: S5 Overload (500t) 5-335
2026-05-31 18:31:07,358 INFO o.a.j.t.JMeterThread: Stopping because end time detected by thread: S5 Overload (500t) 5-87
2026-05-31 18:31:07,358 INFO o.a.j.t.JMeterThread: Thread finished: S5 Overload (500t) 5-87
2026-05-31 18:31:07,388 INFO o.a.j.t.JMeterThread: Stopping because end time detected by thread: S5 Overload (500t) 5-180
2026-05-31 18:31:07,388 INFO o.a.j.t.JMeterThread: Thread finished: S5 Overload (500t) 5-180
2026-05-31 18:31:07,553 INFO o.a.j.t.JMeterThread: Stopping because end time detected by thread: S5 Overload (500t) 5-425
2026-05-31 18:31:07,553 INFO o.a.j.t.JMeterThread: Thread finished: S5 Overload (500t) 5-425
2026-05-31 18:31:07,637 INFO o.a.j.t.JMeterThread: Stopping because end time detected by thread: S5 Overload (500t) 5-256
2026-05-31 18:31:07,637 INFO o.a.j.t.JMeterThread: Thread finished: S5 Overload (500t) 5-256
2026-05-31 18:31:07,738 INFO o.a.j.t.JMeterThread: Stopping because end time detected by thread: S5 Overload (500t) 5-477
2026-05-31 18:31:07,738 INFO o.a.j.t.JMeterThread: Thread finished: S5 Overload (500t) 5-477
2026-05-31 18:31:07,773 INFO o.a.j.t.JMeterThread: Stopping because end time detected by thread: S5 Overload (500t) 5-268
2026-05-31 18:31:07,774 INFO o.a.j.t.JMeterThread: Thread finished: S5 Overload (500t) 5-268
2026-05-31 18:31:07,862 INFO o.a.j.t.JMeterThread: Stopping because end time detected by thread: S5 Overload (500t) 5-187
2026-05-31 18:31:07,862 INFO o.a.j.t.JMeterThread: Thread finished: S5 Overload (500t) 5-187
2026-05-31 18:31:07,974 INFO o.a.j.t.JMeterThread: Stopping because end time detected by thread: S5 Overload (500t) 5-278
2026-05-31 18:31:07,974 INFO o.a.j.t.JMeterThread: Thread finished: S5 Overload (500t) 5-278
2026-05-31 18:31:07,989 INFO o.a.j.t.JMeterThread: Stopping because end time detected by thread: S5 Overload (500t) 5-389
2026-05-31 18:31:07,989 INFO o.a.j.t.JMeterThread: Thread finished: S5 Overload (500t) 5-389
2026-05-31 18:31:08,038 INFO o.a.j.t.JMeterThread: Stopping because end time detected by thread: S5 Overload (500t) 5-147
2026-05-31 18:31:08,038 INFO o.a.j.t.JMeterThread: Thread finished: S5 Overload (500t) 5-147
2026-05-31 18:31:08,139 INFO o.a.j.t.JMeterThread: Stopping because end time detected by thread: S5 Overload (500t) 5-421
2026-05-31 18:31:08,139 INFO o.a.j.t.JMeterThread: Thread finished: S5 Overload (500t) 5-421
2026-05-31 18:31:08,195 INFO o.a.j.t.JMeterThread: Stopping because end time detected by thread: S5 Overload (500t) 5-476
2026-05-31 18:31:08,195 INFO o.a.j.t.JMeterThread: Thread finished: S5 Overload (500t) 5-476
2026-05-31 18:31:08,203 INFO o.a.j.t.JMeterThread: Stopping because end time detected by thread: S5 Overload (500t) 5-223
2026-05-31 18:31:08,203 INFO o.a.j.t.JMeterThread: Thread finished: S5 Overload (500t) 5-223
2026-05-31 18:31:08,240 INFO o.a.j.t.JMeterThread: Stopping because end time detected by thread: S5 Overload (500t) 5-242
2026-05-31 18:31:08,240 INFO o.a.j.t.JMeterThread: Thread finished: S5 Overload (500t) 5-242
2026-05-31 18:31:08,420 INFO o.a.j.t.JMeterThread: Stopping because end time detected by thread: S5 Overload (500t) 5-234
2026-05-31 18:31:08,420 INFO o.a.j.t.JMeterThread: Thread finished: S5 Overload (500t) 5-234
2026-05-31 18:31:08,503 INFO o.a.j.t.JMeterThread: Stopping because end time detected by thread: S5 Overload (500t) 5-263
2026-05-31 18:31:08,503 INFO o.a.j.t.JMeterThread: Thread finished: S5 Overload (500t) 5-263
2026-05-31 18:31:08,795 INFO o.a.j.t.JMeterThread: Stopping because end time detected by thread: S5 Overload (500t) 5-367
2026-05-31 18:31:08,795 INFO o.a.j.t.JMeterThread: Thread finished: S5 Overload (500t) 5-367
2026-05-31 18:31:08,807 INFO o.a.j.t.JMeterThread: Stopping because end time detected by thread: S5 Overload (500t) 5-407
2026-05-31 18:31:08,807 INFO o.a.j.t.JMeterThread: Thread finished: S5 Overload (500t) 5-407
2026-05-31 18:31:08,888 INFO o.a.j.t.JMeterThread: Stopping because end time detected by thread: S5 Overload (500t) 5-410
2026-05-31 18:31:08,888 INFO o.a.j.t.JMeterThread: Thread finished: S5 Overload (500t) 5-410
2026-05-31 18:31:08,962 INFO o.a.j.t.JMeterThread: Stopping because end time detected by thread: S5 Overload (500t) 5-359
2026-05-31 18:31:08,962 INFO o.a.j.t.JMeterThread: Thread finished: S5 Overload (500t) 5-359
2026-05-31 18:31:09,067 INFO o.a.j.t.JMeterThread: Stopping because end time detected by thread: S5 Overload (500t) 5-88
2026-05-31 18:31:09,068 INFO o.a.j.t.JMeterThread: Thread finished: S5 Overload (500t) 5-88
2026-05-31 18:31:09,119 INFO o.a.j.t.JMeterThread: Stopping because end time detected by thread: S5 Overload (500t) 5-4
2026-05-31 18:31:09,120 INFO o.a.j.t.JMeterThread: Thread finished: S5 Overload (500t) 5-4
2026-05-31 18:31:09,180 INFO o.a.j.t.JMeterThread: Stopping because end time detected by thread: S5 Overload (500t) 5-345
2026-05-31 18:31:09,180 INFO o.a.j.t.JMeterThread: Thread finished: S5 Overload (500t) 5-345
2026-05-31 18:31:09,231 INFO o.a.j.t.JMeterThread: Stopping because end time detected by thread: S5 Overload (500t) 5-255
2026-05-31 18:31:09,232 INFO o.a.j.t.JMeterThread: Thread finished: S5 Overload (500t) 5-255
2026-05-31 18:31:09,311 INFO o.a.j.t.JMeterThread: Stopping because end time detected by thread: S5 Overload (500t) 5-212
2026-05-31 18:31:09,311 INFO o.a.j.t.JMeterThread: Thread finished: S5 Overload (500t) 5-212
2026-05-31 18:31:09,392 INFO o.a.j.t.JMeterThread: Stopping because end time detected by thread: S5 Overload (500t) 5-158
2026-05-31 18:31:09,392 INFO o.a.j.t.JMeterThread: Thread finished: S5 Overload (500t) 5-158
2026-05-31 18:31:09,515 INFO o.a.j.t.JMeterThread: Stopping because end time detected by thread: S5 Overload (500t) 5-243
2026-05-31 18:31:09,515 INFO o.a.j.t.JMeterThread: Thread finished: S5 Overload (500t) 5-243
2026-05-31 18:31:09,639 INFO o.a.j.t.JMeterThread: Stopping because end time detected by thread: S5 Overload (500t) 5-431
2026-05-31 18:31:09,639 INFO o.a.j.t.JMeterThread: Thread finished: S5 Overload (500t) 5-431
2026-05-31 18:31:09,658 INFO o.a.j.t.JMeterThread: Stopping because end time detected by thread: S5 Overload (500t) 5-266
2026-05-31 18:31:09,658 INFO o.a.j.t.JMeterThread: Thread finished: S5 Overload (500t) 5-266
2026-05-31 18:31:09,756 INFO o.a.j.t.JMeterThread: Stopping because end time detected by thread: S5 Overload (500t) 5-177
2026-05-31 18:31:09,756 INFO o.a.j.t.JMeterThread: Thread finished: S5 Overload (500t) 5-177
2026-05-31 18:31:09,800 INFO o.a.j.t.JMeterThread: Stopping because end time detected by thread: S5 Overload (500t) 5-77
2026-05-31 18:31:09,800 INFO o.a.j.t.JMeterThread: Thread finished: S5 Overload (500t) 5-77
2026-05-31 18:31:09,849 INFO o.a.j.t.JMeterThread: Stopping because end time detected by thread: S5 Overload (500t) 5-168
2026-05-31 18:31:09,849 INFO o.a.j.t.JMeterThread: Thread finished: S5 Overload (500t) 5-168
2026-05-31 18:31:09,959 INFO o.a.j.t.JMeterThread: Stopping because end time detected by thread: S5 Overload (500t) 5-186
2026-05-31 18:31:09,959 INFO o.a.j.t.JMeterThread: Thread finished: S5 Overload (500t) 5-186
2026-05-31 18:31:09,995 INFO o.a.j.t.JMeterThread: Stopping because end time detected by thread: S5 Overload (500t) 5-149
2026-05-31 18:31:09,996 INFO o.a.j.t.JMeterThread: Thread finished: S5 Overload (500t) 5-149
2026-05-31 18:31:10,047 INFO o.a.j.t.JMeterThread: Stopping because end time detected by thread: S5 Overload (500t) 5-465
2026-05-31 18:31:10,048 INFO o.a.j.t.JMeterThread: Thread finished: S5 Overload (500t) 5-465
2026-05-31 18:31:10,103 INFO o.a.j.t.JMeterThread: Stopping because end time detected by thread: S5 Overload (500t) 5-107
2026-05-31 18:31:10,103 INFO o.a.j.t.JMeterThread: Thread finished: S5 Overload (500t) 5-107
2026-05-31 18:31:10,325 INFO o.a.j.t.JMeterThread: Stopping because end time detected by thread: S5 Overload (500t) 5-254
2026-05-31 18:31:10,325 INFO o.a.j.t.JMeterThread: Thread finished: S5 Overload (500t) 5-254
2026-05-31 18:31:10,337 INFO o.a.j.t.JMeterThread: Stopping because end time detected by thread: S5 Overload (500t) 5-485
2026-05-31 18:31:10,337 INFO o.a.j.t.JMeterThread: Thread finished: S5 Overload (500t) 5-485
2026-05-31 18:31:10,338 INFO o.a.j.t.JMeterThread: Stopping because end time detected by thread: S5 Overload (500t) 5-451
2026-05-31 18:31:10,338 INFO o.a.j.t.JMeterThread: Thread finished: S5 Overload (500t) 5-451
2026-05-31 18:31:10,469 INFO o.a.j.t.JMeterThread: Stopping because end time detected by thread: S5 Overload (500t) 5-14
2026-05-31 18:31:10,469 INFO o.a.j.t.JMeterThread: Thread finished: S5 Overload (500t) 5-14
2026-05-31 18:31:10,506 INFO o.a.j.t.JMeterThread: Stopping because end time detected by thread: S5 Overload (500t) 5-363
2026-05-31 18:31:10,506 INFO o.a.j.t.JMeterThread: Thread finished: S5 Overload (500t) 5-363
2026-05-31 18:31:10,753 INFO o.a.j.t.JMeterThread: Stopping because end time detected by thread: S5 Overload (500t) 5-252
2026-05-31 18:31:10,754 INFO o.a.j.t.JMeterThread: Thread finished: S5 Overload (500t) 5-252
2026-05-31 18:31:10,780 INFO o.a.j.t.JMeterThread: Stopping because end time detected by thread: S5 Overload (500t) 5-265
2026-05-31 18:31:10,780 INFO o.a.j.t.JMeterThread: Thread finished: S5 Overload (500t) 5-265
2026-05-31 18:31:10,817 INFO o.a.j.t.JMeterThread: Stopping because end time detected by thread: S5 Overload (500t) 5-235
2026-05-31 18:31:10,817 INFO o.a.j.t.JMeterThread: Thread finished: S5 Overload (500t) 5-235
2026-05-31 18:31:10,884 INFO o.a.j.t.JMeterThread: Stopping because end time detected by thread: S5 Overload (500t) 5-427
2026-05-31 18:31:10,884 INFO o.a.j.t.JMeterThread: Thread finished: S5 Overload (500t) 5-427
2026-05-31 18:31:10,916 INFO o.a.j.t.JMeterThread: Stopping because end time detected by thread: S5 Overload (500t) 5-355
2026-05-31 18:31:10,916 INFO o.a.j.t.JMeterThread: Thread finished: S5 Overload (500t) 5-355
2026-05-31 18:31:10,935 INFO o.a.j.t.JMeterThread: Stopping because end time detected by thread: S5 Overload (500t) 5-232
2026-05-31 18:31:10,935 INFO o.a.j.t.JMeterThread: Thread finished: S5 Overload (500t) 5-232
2026-05-31 18:31:10,974 INFO o.a.j.t.JMeterThread: Stopping because end time detected by thread: S5 Overload (500t) 5-18
2026-05-31 18:31:10,974 INFO o.a.j.t.JMeterThread: Thread finished: S5 Overload (500t) 5-18
2026-05-31 18:31:11,053 INFO o.a.j.t.JMeterThread: Stopping because end time detected by thread: S5 Overload (500t) 5-460
2026-05-31 18:31:11,054 INFO o.a.j.t.JMeterThread: Thread finished: S5 Overload (500t) 5-460
2026-05-31 18:31:11,285 INFO o.a.j.t.JMeterThread: Stopping because end time detected by thread: S5 Overload (500t) 5-339
2026-05-31 18:31:11,285 INFO o.a.j.t.JMeterThread: Thread finished: S5 Overload (500t) 5-339
2026-05-31 18:31:11,298 INFO o.a.j.t.JMeterThread: Stopping because end time detected by thread: S5 Overload (500t) 5-399
2026-05-31 18:31:11,299 INFO o.a.j.t.JMeterThread: Thread finished: S5 Overload (500t) 5-399
2026-05-31 18:31:11,322 INFO o.a.j.t.JMeterThread: Stopping because end time detected by thread: S5 Overload (500t) 5-126
2026-05-31 18:31:11,322 INFO o.a.j.t.JMeterThread: Thread finished: S5 Overload (500t) 5-126
2026-05-31 18:31:11,322 INFO o.a.j.t.JMeterThread: Stopping because end time detected by thread: S5 Overload (500t) 5-482
2026-05-31 18:31:11,322 INFO o.a.j.t.JMeterThread: Thread finished: S5 Overload (500t) 5-482
2026-05-31 18:31:11,482 INFO o.a.j.t.JMeterThread: Stopping because end time detected by thread: S5 Overload (500t) 5-141
2026-05-31 18:31:11,482 INFO o.a.j.t.JMeterThread: Thread finished: S5 Overload (500t) 5-141
2026-05-31 18:31:11,541 INFO o.a.j.t.JMeterThread: Stopping because end time detected by thread: S5 Overload (500t) 5-313
2026-05-31 18:31:11,541 INFO o.a.j.t.JMeterThread: Thread finished: S5 Overload (500t) 5-313
2026-05-31 18:31:11,667 INFO o.a.j.t.JMeterThread: Stopping because end time detected by thread: S5 Overload (500t) 5-45
2026-05-31 18:31:11,667 INFO o.a.j.t.JMeterThread: Thread finished: S5 Overload (500t) 5-45
2026-05-31 18:31:11,843 INFO o.a.j.t.JMeterThread: Stopping because end time detected by thread: S5 Overload (500t) 5-310
2026-05-31 18:31:11,843 INFO o.a.j.t.JMeterThread: Thread finished: S5 Overload (500t) 5-310
2026-05-31 18:31:11,865 INFO o.a.j.t.JMeterThread: Stopping because end time detected by thread: S5 Overload (500t) 5-344
2026-05-31 18:31:11,865 INFO o.a.j.t.JMeterThread: Thread finished: S5 Overload (500t) 5-344
2026-05-31 18:31:11,883 INFO o.a.j.t.JMeterThread: Stopping because end time detected by thread: S5 Overload (500t) 5-159
2026-05-31 18:31:11,883 INFO o.a.j.t.JMeterThread: Thread finished: S5 Overload (500t) 5-159
2026-05-31 18:31:11,957 INFO o.a.j.t.JMeterThread: Stopping because end time detected by thread: S5 Overload (500t) 5-116
2026-05-31 18:31:11,957 INFO o.a.j.t.JMeterThread: Thread finished: S5 Overload (500t) 5-116
2026-05-31 18:31:11,969 INFO o.a.j.t.JMeterThread: Stopping because end time detected by thread: S5 Overload (500t) 5-288
2026-05-31 18:31:11,969 INFO o.a.j.t.JMeterThread: Thread finished: S5 Overload (500t) 5-288
2026-05-31 18:31:12,011 INFO o.a.j.t.JMeterThread: Stopping because end time detected by thread: S5 Overload (500t) 5-455
2026-05-31 18:31:12,011 INFO o.a.j.t.JMeterThread: Thread finished: S5 Overload (500t) 5-455
2026-05-31 18:31:12,011 INFO o.a.j.t.JMeterThread: Stopping because end time detected by thread: S5 Overload (500t) 5-253
2026-05-31 18:31:12,011 INFO o.a.j.t.JMeterThread: Thread finished: S5 Overload (500t) 5-253
2026-05-31 18:31:12,079 INFO o.a.j.t.JMeterThread: Stopping because end time detected by thread: S5 Overload (500t) 5-374
2026-05-31 18:31:12,079 INFO o.a.j.t.JMeterThread: Thread finished: S5 Overload (500t) 5-374
2026-05-31 18:31:12,130 INFO o.a.j.t.JMeterThread: Stopping because end time detected by thread: S5 Overload (500t) 5-442
2026-05-31 18:31:12,130 INFO o.a.j.t.JMeterThread: Thread finished: S5 Overload (500t) 5-442
2026-05-31 18:31:12,163 INFO o.a.j.t.JMeterThread: Stopping because end time detected by thread: S5 Overload (500t) 5-228
2026-05-31 18:31:12,163 INFO o.a.j.t.JMeterThread: Thread finished: S5 Overload (500t) 5-228
2026-05-31 18:31:12,253 INFO o.a.j.t.JMeterThread: Stopping because end time detected by thread: S5 Overload (500t) 5-286
2026-05-31 18:31:12,253 INFO o.a.j.t.JMeterThread: Thread finished: S5 Overload (500t) 5-286
2026-05-31 18:31:12,368 INFO o.a.j.t.JMeterThread: Stopping because end time detected by thread: S5 Overload (500t) 5-440
2026-05-31 18:31:12,368 INFO o.a.j.t.JMeterThread: Thread finished: S5 Overload (500t) 5-440
2026-05-31 18:31:12,438 INFO o.a.j.t.JMeterThread: Stopping because end time detected by thread: S5 Overload (500t) 5-106
2026-05-31 18:31:12,438 INFO o.a.j.t.JMeterThread: Thread finished: S5 Overload (500t) 5-106
2026-05-31 18:31:12,534 INFO o.a.j.t.JMeterThread: Stopping because end time detected by thread: S5 Overload (500t) 5-5
2026-05-31 18:31:12,534 INFO o.a.j.t.JMeterThread: Thread finished: S5 Overload (500t) 5-5
2026-05-31 18:31:12,541 INFO o.a.j.t.JMeterThread: Stopping because end time detected by thread: S5 Overload (500t) 5-43
2026-05-31 18:31:12,541 INFO o.a.j.t.JMeterThread: Thread finished: S5 Overload (500t) 5-43
2026-05-31 18:31:12,629 INFO o.a.j.t.JMeterThread: Stopping because end time detected by thread: S5 Overload (500t) 5-152
2026-05-31 18:31:12,629 INFO o.a.j.t.JMeterThread: Thread finished: S5 Overload (500t) 5-152
2026-05-31 18:31:12,698 INFO o.a.j.t.JMeterThread: Stopping because end time detected by thread: S5 Overload (500t) 5-497
2026-05-31 18:31:12,698 INFO o.a.j.t.JMeterThread: Thread finished: S5 Overload (500t) 5-497
2026-05-31 18:31:12,826 INFO o.a.j.t.JMeterThread: Stopping because end time detected by thread: S5 Overload (500t) 5-245
2026-05-31 18:31:12,826 INFO o.a.j.t.JMeterThread: Thread finished: S5 Overload (500t) 5-245
2026-05-31 18:31:13,011 INFO o.a.j.t.JMeterThread: Stopping because end time detected by thread: S5 Overload (500t) 5-22
2026-05-31 18:31:13,012 INFO o.a.j.t.JMeterThread: Thread finished: S5 Overload (500t) 5-22
2026-05-31 18:31:13,177 INFO o.a.j.t.JMeterThread: Stopping because end time detected by thread: S5 Overload (500t) 5-436
2026-05-31 18:31:13,177 INFO o.a.j.t.JMeterThread: Thread finished: S5 Overload (500t) 5-436
2026-05-31 18:31:13,214 INFO o.a.j.t.JMeterThread: Stopping because end time detected by thread: S5 Overload (500t) 5-449
2026-05-31 18:31:13,214 INFO o.a.j.t.JMeterThread: Thread finished: S5 Overload (500t) 5-449
2026-05-31 18:31:13,306 INFO o.a.j.t.JMeterThread: Stopping because end time detected by thread: S5 Overload (500t) 5-258
2026-05-31 18:31:13,306 INFO o.a.j.t.JMeterThread: Thread finished: S5 Overload (500t) 5-258
2026-05-31 18:31:13,422 INFO o.a.j.t.JMeterThread: Stopping because end time detected by thread: S5 Overload (500t) 5-338
2026-05-31 18:31:13,422 INFO o.a.j.t.JMeterThread: Thread finished: S5 Overload (500t) 5-338
2026-05-31 18:31:13,515 INFO o.a.j.t.JMeterThread: Stopping because end time detected by thread: S5 Overload (500t) 5-167
2026-05-31 18:31:13,515 INFO o.a.j.t.JMeterThread: Thread finished: S5 Overload (500t) 5-167
2026-05-31 18:31:13,523 INFO o.a.j.t.JMeterThread: Stopping because end time detected by thread: S5 Overload (500t) 5-349
2026-05-31 18:31:13,523 INFO o.a.j.t.JMeterThread: Thread finished: S5 Overload (500t) 5-349
2026-05-31 18:31:13,717 INFO o.a.j.t.JMeterThread: Stopping because end time detected by thread: S5 Overload (500t) 5-123
2026-05-31 18:31:13,717 INFO o.a.j.t.JMeterThread: Thread finished: S5 Overload (500t) 5-123
2026-05-31 18:31:13,788 INFO o.a.j.t.JMeterThread: Stopping because end time detected by thread: S5 Overload (500t) 5-302
2026-05-31 18:31:13,788 INFO o.a.j.t.JMeterThread: Thread finished: S5 Overload (500t) 5-302
2026-05-31 18:31:13,842 INFO o.a.j.t.JMeterThread: Stopping because end time detected by thread: S5 Overload (500t) 5-81
2026-05-31 18:31:13,842 INFO o.a.j.t.JMeterThread: Thread finished: S5 Overload (500t) 5-81
2026-05-31 18:31:13,876 INFO o.a.j.t.JMeterThread: Stopping because end time detected by thread: S5 Overload (500t) 5-328
2026-05-31 18:31:13,876 INFO o.a.j.t.JMeterThread: Thread finished: S5 Overload (500t) 5-328
2026-05-31 18:31:13,950 INFO o.a.j.t.JMeterThread: Stopping because end time detected by thread: S5 Overload (500t) 5-221
2026-05-31 18:31:13,950 INFO o.a.j.t.JMeterThread: Thread finished: S5 Overload (500t) 5-221
2026-05-31 18:31:13,993 INFO o.a.j.t.JMeterThread: Stopping because end time detected by thread: S5 Overload (500t) 5-54
2026-05-31 18:31:13,993 INFO o.a.j.t.JMeterThread: Thread finished: S5 Overload (500t) 5-54
2026-05-31 18:31:14,012 INFO o.a.j.t.JMeterThread: Stopping because end time detected by thread: S5 Overload (500t) 5-301
2026-05-31 18:31:14,012 INFO o.a.j.t.JMeterThread: Thread finished: S5 Overload (500t) 5-301
2026-05-31 18:31:14,081 INFO o.a.j.t.JMeterThread: Stopping because end time detected by thread: S5 Overload (500t) 5-206
2026-05-31 18:31:14,081 INFO o.a.j.t.JMeterThread: Thread finished: S5 Overload (500t) 5-206
2026-05-31 18:31:14,120 INFO o.a.j.t.JMeterThread: Stopping because end time detected by thread: S5 Overload (500t) 5-423
2026-05-31 18:31:14,120 INFO o.a.j.t.JMeterThread: Thread finished: S5 Overload (500t) 5-423
2026-05-31 18:31:14,176 INFO o.a.j.t.JMeterThread: Stopping because end time detected by thread: S5 Overload (500t) 5-251
2026-05-31 18:31:14,176 INFO o.a.j.t.JMeterThread: Thread finished: S5 Overload (500t) 5-251
2026-05-31 18:31:14,242 INFO o.a.j.t.JMeterThread: Stopping because end time detected by thread: S5 Overload (500t) 5-214
2026-05-31 18:31:14,242 INFO o.a.j.t.JMeterThread: Thread finished: S5 Overload (500t) 5-214
2026-05-31 18:31:14,251 INFO o.a.j.t.JMeterThread: Stopping because end time detected by thread: S5 Overload (500t) 5-2
2026-05-31 18:31:14,251 INFO o.a.j.t.JMeterThread: Thread finished: S5 Overload (500t) 5-2
2026-05-31 18:31:14,253 INFO o.a.j.t.JMeterThread: Stopping because end time detected by thread: S5 Overload (500t) 5-119
2026-05-31 18:31:14,253 INFO o.a.j.t.JMeterThread: Thread finished: S5 Overload (500t) 5-119
2026-05-31 18:31:14,301 INFO o.a.j.t.JMeterThread: Stopping because end time detected by thread: S5 Overload (500t) 5-487
2026-05-31 18:31:14,301 INFO o.a.j.t.JMeterThread: Thread finished: S5 Overload (500t) 5-487
2026-05-31 18:31:14,347 INFO o.a.j.t.JMeterThread: Stopping because end time detected by thread: S5 Overload (500t) 5-414
2026-05-31 18:31:14,347 INFO o.a.j.t.JMeterThread: Thread finished: S5 Overload (500t) 5-414
2026-05-31 18:31:14,421 INFO o.a.j.t.JMeterThread: Stopping because end time detected by thread: S5 Overload (500t) 5-324
2026-05-31 18:31:14,421 INFO o.a.j.t.JMeterThread: Thread finished: S5 Overload (500t) 5-324
2026-05-31 18:31:14,446 INFO o.a.j.t.JMeterThread: Stopping because end time detected by thread: S5 Overload (500t) 5-402
2026-05-31 18:31:14,446 INFO o.a.j.t.JMeterThread: Thread finished: S5 Overload (500t) 5-402
2026-05-31 18:31:14,495 INFO o.a.j.t.JMeterThread: Stopping because end time detected by thread: S5 Overload (500t) 5-236
2026-05-31 18:31:14,495 INFO o.a.j.t.JMeterThread: Thread finished: S5 Overload (500t) 5-236
2026-05-31 18:31:14,656 INFO o.a.j.t.JMeterThread: Stopping because end time detected by thread: S5 Overload (500t) 5-346
2026-05-31 18:31:14,656 INFO o.a.j.t.JMeterThread: Thread finished: S5 Overload (500t) 5-346
2026-05-31 18:31:14,834 INFO o.a.j.t.JMeterThread: Stopping because end time detected by thread: S5 Overload (500t) 5-57
2026-05-31 18:31:14,834 INFO o.a.j.t.JMeterThread: Thread finished: S5 Overload (500t) 5-57
2026-05-31 18:31:14,853 INFO o.a.j.t.JMeterThread: Stopping because end time detected by thread: S5 Overload (500t) 5-241
2026-05-31 18:31:14,853 INFO o.a.j.t.JMeterThread: Thread finished: S5 Overload (500t) 5-241
2026-05-31 18:31:14,917 INFO o.a.j.t.JMeterThread: Stopping because end time detected by thread: S5 Overload (500t) 5-415
2026-05-31 18:31:14,917 INFO o.a.j.t.JMeterThread: Thread finished: S5 Overload (500t) 5-415
2026-05-31 18:31:15,009 INFO o.a.j.t.JMeterThread: Stopping because end time detected by thread: S5 Overload (500t) 5-293
2026-05-31 18:31:15,009 INFO o.a.j.t.JMeterThread: Thread finished: S5 Overload (500t) 5-293
2026-05-31 18:31:15,136 INFO o.a.j.t.JMeterThread: Stopping because end time detected by thread: S5 Overload (500t) 5-82
2026-05-31 18:31:15,136 INFO o.a.j.t.JMeterThread: Thread finished: S5 Overload (500t) 5-82
2026-05-31 18:31:15,136 INFO o.a.j.t.JMeterThread: Stopping because end time detected by thread: S5 Overload (500t) 5-316
2026-05-31 18:31:15,136 INFO o.a.j.t.JMeterThread: Thread finished: S5 Overload (500t) 5-316
2026-05-31 18:31:15,153 INFO o.a.j.t.JMeterThread: Stopping because end time detected by thread: S5 Overload (500t) 5-481
2026-05-31 18:31:15,153 INFO o.a.j.t.JMeterThread: Thread finished: S5 Overload (500t) 5-481
2026-05-31 18:31:15,284 INFO o.a.j.t.JMeterThread: Stopping because end time detected by thread: S5 Overload (500t) 5-142
2026-05-31 18:31:15,284 INFO o.a.j.t.JMeterThread: Thread finished: S5 Overload (500t) 5-142
2026-05-31 18:31:15,313 INFO o.a.j.t.JMeterThread: Stopping because end time detected by thread: S5 Overload (500t) 5-247
2026-05-31 18:31:15,313 INFO o.a.j.t.JMeterThread: Thread finished: S5 Overload (500t) 5-247
2026-05-31 18:31:15,371 INFO o.a.j.t.JMeterThread: Stopping because end time detected by thread: S5 Overload (500t) 5-474
2026-05-31 18:31:15,371 INFO o.a.j.t.JMeterThread: Thread finished: S5 Overload (500t) 5-474
2026-05-31 18:31:15,402 INFO o.a.j.t.JMeterThread: Stopping because end time detected by thread: S5 Overload (500t) 5-472
2026-05-31 18:31:15,402 INFO o.a.j.t.JMeterThread: Thread finished: S5 Overload (500t) 5-472
2026-05-31 18:31:15,404 INFO o.a.j.t.JMeterThread: Stopping because end time detected by thread: S5 Overload (500t) 5-434
2026-05-31 18:31:15,404 INFO o.a.j.t.JMeterThread: Thread finished: S5 Overload (500t) 5-434
2026-05-31 18:31:15,661 INFO o.a.j.t.JMeterThread: Stopping because end time detected by thread: S5 Overload (500t) 5-275
2026-05-31 18:31:15,661 INFO o.a.j.t.JMeterThread: Thread finished: S5 Overload (500t) 5-275
2026-05-31 18:31:15,867 INFO o.a.j.t.JMeterThread: Stopping because end time detected by thread: S5 Overload (500t) 5-56
2026-05-31 18:31:15,867 INFO o.a.j.t.JMeterThread: Thread finished: S5 Overload (500t) 5-56
2026-05-31 18:31:15,879 INFO o.a.j.t.JMeterThread: Stopping because end time detected by thread: S5 Overload (500t) 5-71
2026-05-31 18:31:15,879 INFO o.a.j.t.JMeterThread: Thread finished: S5 Overload (500t) 5-71
2026-05-31 18:31:15,879 INFO o.a.j.t.JMeterThread: Stopping because end time detected by thread: S5 Overload (500t) 5-48
2026-05-31 18:31:15,879 INFO o.a.j.t.JMeterThread: Thread finished: S5 Overload (500t) 5-48
2026-05-31 18:31:15,956 INFO o.a.j.t.JMeterThread: Stopping because end time detected by thread: S5 Overload (500t) 5-84
2026-05-31 18:31:15,956 INFO o.a.j.t.JMeterThread: Thread finished: S5 Overload (500t) 5-84
2026-05-31 18:31:16,054 INFO o.a.j.t.JMeterThread: Stopping because end time detected by thread: S5 Overload (500t) 5-297
2026-05-31 18:31:16,054 INFO o.a.j.t.JMeterThread: Thread finished: S5 Overload (500t) 5-297
2026-05-31 18:31:16,092 INFO o.a.j.t.JMeterThread: Stopping because end time detected by thread: S5 Overload (500t) 5-432
2026-05-31 18:31:16,092 INFO o.a.j.t.JMeterThread: Thread finished: S5 Overload (500t) 5-432
2026-05-31 18:31:16,399 INFO o.a.j.t.JMeterThread: Stopping because end time detected by thread: S5 Overload (500t) 5-74
2026-05-31 18:31:16,399 INFO o.a.j.t.JMeterThread: Thread finished: S5 Overload (500t) 5-74
2026-05-31 18:31:16,491 INFO o.a.j.t.JMeterThread: Stopping because end time detected by thread: S5 Overload (500t) 5-350
2026-05-31 18:31:16,491 INFO o.a.j.t.JMeterThread: Thread finished: S5 Overload (500t) 5-350
2026-05-31 18:31:16,491 INFO o.a.j.t.JMeterThread: Stopping because end time detected by thread: S5 Overload (500t) 5-103
2026-05-31 18:31:16,491 INFO o.a.j.t.JMeterThread: Thread finished: S5 Overload (500t) 5-103
2026-05-31 18:31:16,615 INFO o.a.j.t.JMeterThread: Stopping because end time detected by thread: S5 Overload (500t) 5-83
2026-05-31 18:31:16,615 INFO o.a.j.t.JMeterThread: Thread finished: S5 Overload (500t) 5-83
2026-05-31 18:31:16,710 INFO o.a.j.t.JMeterThread: Stopping because end time detected by thread: S5 Overload (500t) 5-244
2026-05-31 18:31:16,710 INFO o.a.j.t.JMeterThread: Thread finished: S5 Overload (500t) 5-244
2026-05-31 18:31:16,963 INFO o.a.j.t.JMeterThread: Stopping because end time detected by thread: S5 Overload (500t) 5-384
2026-05-31 18:31:16,963 INFO o.a.j.t.JMeterThread: Thread finished: S5 Overload (500t) 5-384
2026-05-31 18:31:16,993 INFO o.a.j.t.JMeterThread: Stopping because end time detected by thread: S5 Overload (500t) 5-412
2026-05-31 18:31:16,993 INFO o.a.j.t.JMeterThread: Thread finished: S5 Overload (500t) 5-412
2026-05-31 18:31:17,093 INFO o.a.j.t.JMeterThread: Stopping because end time detected by thread: S5 Overload (500t) 5-210
2026-05-31 18:31:17,093 INFO o.a.j.t.JMeterThread: Thread finished: S5 Overload (500t) 5-210
2026-05-31 18:31:17,145 INFO o.a.j.t.JMeterThread: Stopping because end time detected by thread: S5 Overload (500t) 5-372
2026-05-31 18:31:17,145 INFO o.a.j.t.JMeterThread: Thread finished: S5 Overload (500t) 5-372
2026-05-31 18:31:17,170 INFO o.a.j.t.JMeterThread: Stopping because end time detected by thread: S5 Overload (500t) 5-447
2026-05-31 18:31:17,170 INFO o.a.j.t.JMeterThread: Thread finished: S5 Overload (500t) 5-447
2026-05-31 18:31:17,418 INFO o.a.j.t.JMeterThread: Stopping because end time detected by thread: S5 Overload (500t) 5-261
2026-05-31 18:31:17,418 INFO o.a.j.t.JMeterThread: Thread finished: S5 Overload (500t) 5-261
2026-05-31 18:31:17,437 INFO o.a.j.t.JMeterThread: Stopping because end time detected by thread: S5 Overload (500t) 5-239
2026-05-31 18:31:17,437 INFO o.a.j.t.JMeterThread: Thread finished: S5 Overload (500t) 5-239
2026-05-31 18:31:17,592 INFO o.a.j.t.JMeterThread: Stopping because end time detected by thread: S5 Overload (500t) 5-249
2026-05-31 18:31:17,593 INFO o.a.j.t.JMeterThread: Thread finished: S5 Overload (500t) 5-249
2026-05-31 18:31:17,625 INFO o.a.j.t.JMeterThread: Stopping because end time detected by thread: S5 Overload (500t) 5-109
2026-05-31 18:31:17,625 INFO o.a.j.t.JMeterThread: Thread finished: S5 Overload (500t) 5-109
2026-05-31 18:31:17,638 INFO o.a.j.t.JMeterThread: Stopping because end time detected by thread: S5 Overload (500t) 5-353
2026-05-31 18:31:17,638 INFO o.a.j.t.JMeterThread: Thread finished: S5 Overload (500t) 5-353
2026-05-31 18:31:17,791 INFO o.a.j.t.JMeterThread: Stopping because end time detected by thread: S5 Overload (500t) 5-304
2026-05-31 18:31:17,791 INFO o.a.j.t.JMeterThread: Thread finished: S5 Overload (500t) 5-304
2026-05-31 18:31:17,797 INFO o.a.j.t.JMeterThread: Stopping because end time detected by thread: S5 Overload (500t) 5-100
2026-05-31 18:31:17,797 INFO o.a.j.t.JMeterThread: Thread finished: S5 Overload (500t) 5-100
2026-05-31 18:31:17,797 INFO o.a.j.t.JMeterThread: Stopping because end time detected by thread: S5 Overload (500t) 5-169
2026-05-31 18:31:17,797 INFO o.a.j.t.JMeterThread: Thread finished: S5 Overload (500t) 5-169
2026-05-31 18:31:17,854 INFO o.a.j.t.JMeterThread: Stopping because end time detected by thread: S5 Overload (500t) 5-99
2026-05-31 18:31:17,855 INFO o.a.j.t.JMeterThread: Thread finished: S5 Overload (500t) 5-99
2026-05-31 18:31:17,906 INFO o.a.j.t.JMeterThread: Stopping because end time detected by thread: S5 Overload (500t) 5-24
2026-05-31 18:31:17,906 INFO o.a.j.t.JMeterThread: Thread finished: S5 Overload (500t) 5-24
2026-05-31 18:31:17,907 INFO o.a.j.t.JMeterThread: Stopping because end time detected by thread: S5 Overload (500t) 5-112
2026-05-31 18:31:17,907 INFO o.a.j.t.JMeterThread: Thread finished: S5 Overload (500t) 5-112
2026-05-31 18:31:18,066 INFO o.a.j.t.JMeterThread: Stopping because end time detected by thread: S5 Overload (500t) 5-385
2026-05-31 18:31:18,066 INFO o.a.j.t.JMeterThread: Thread finished: S5 Overload (500t) 5-385
2026-05-31 18:31:18,121 INFO o.a.j.t.JMeterThread: Stopping because end time detected by thread: S5 Overload (500t) 5-373
2026-05-31 18:31:18,122 INFO o.a.j.t.JMeterThread: Thread finished: S5 Overload (500t) 5-373
2026-05-31 18:31:18,216 INFO o.a.j.t.JMeterThread: Stopping because end time detected by thread: S5 Overload (500t) 5-146
2026-05-31 18:31:18,216 INFO o.a.j.t.JMeterThread: Thread finished: S5 Overload (500t) 5-146
2026-05-31 18:31:18,386 INFO o.a.j.t.JMeterThread: Stopping because end time detected by thread: S5 Overload (500t) 5-94
2026-05-31 18:31:18,386 INFO o.a.j.t.JMeterThread: Thread finished: S5 Overload (500t) 5-94
2026-05-31 18:31:18,487 INFO o.a.j.t.JMeterThread: Stopping because end time detected by thread: S5 Overload (500t) 5-388
2026-05-31 18:31:18,487 INFO o.a.j.t.JMeterThread: Thread finished: S5 Overload (500t) 5-388
2026-05-31 18:31:18,487 INFO o.a.j.t.JMeterThread: Stopping because end time detected by thread: S5 Overload (500t) 5-409
2026-05-31 18:31:18,487 INFO o.a.j.t.JMeterThread: Thread finished: S5 Overload (500t) 5-409
2026-05-31 18:31:18,591 INFO o.a.j.t.JMeterThread: Stopping because end time detected by thread: S5 Overload (500t) 5-117
2026-05-31 18:31:18,591 INFO o.a.j.t.JMeterThread: Thread finished: S5 Overload (500t) 5-117
2026-05-31 18:31:19,191 INFO o.a.j.t.JMeterThread: Stopping because end time detected by thread: S5 Overload (500t) 5-175
2026-05-31 18:31:19,192 INFO o.a.j.t.JMeterThread: Thread finished: S5 Overload (500t) 5-175
2026-05-31 18:31:19,213 INFO o.a.j.t.JMeterThread: Stopping because end time detected by thread: S5 Overload (500t) 5-361
2026-05-31 18:31:19,213 INFO o.a.j.t.JMeterThread: Thread finished: S5 Overload (500t) 5-361
2026-05-31 18:31:19,272 INFO o.a.j.t.JMeterThread: Stopping because end time detected by thread: S5 Overload (500t) 5-380
2026-05-31 18:31:19,272 INFO o.a.j.t.JMeterThread: Thread finished: S5 Overload (500t) 5-380
2026-05-31 18:31:19,275 INFO o.a.j.t.JMeterThread: Stopping because end time detected by thread: S5 Overload (500t) 5-229
2026-05-31 18:31:19,275 INFO o.a.j.t.JMeterThread: Thread finished: S5 Overload (500t) 5-229
2026-05-31 18:31:19,282 INFO o.a.j.t.JMeterThread: Stopping because end time detected by thread: S5 Overload (500t) 5-381
2026-05-31 18:31:19,282 INFO o.a.j.t.JMeterThread: Thread finished: S5 Overload (500t) 5-381
2026-05-31 18:31:19,289 INFO o.a.j.t.JMeterThread: Stopping because end time detected by thread: S5 Overload (500t) 5-208
2026-05-31 18:31:19,289 INFO o.a.j.t.JMeterThread: Thread finished: S5 Overload (500t) 5-208
2026-05-31 18:31:19,323 INFO o.a.j.t.JMeterThread: Stopping because end time detected by thread: S5 Overload (500t) 5-53
2026-05-31 18:31:19,323 INFO o.a.j.t.JMeterThread: Thread finished: S5 Overload (500t) 5-53
2026-05-31 18:31:19,335 INFO o.a.j.t.JMeterThread: Stopping because end time detected by thread: S5 Overload (500t) 5-130
2026-05-31 18:31:19,335 INFO o.a.j.t.JMeterThread: Thread finished: S5 Overload (500t) 5-130
2026-05-31 18:31:19,341 INFO o.a.j.t.JMeterThread: Stopping because end time detected by thread: S5 Overload (500t) 5-296
2026-05-31 18:31:19,341 INFO o.a.j.t.JMeterThread: Thread finished: S5 Overload (500t) 5-296
2026-05-31 18:31:19,375 INFO o.a.j.t.JMeterThread: Stopping because end time detected by thread: S5 Overload (500t) 5-151
2026-05-31 18:31:19,375 INFO o.a.j.t.JMeterThread: Thread finished: S5 Overload (500t) 5-151
2026-05-31 18:31:19,447 INFO o.a.j.t.JMeterThread: Stopping because end time detected by thread: S5 Overload (500t) 5-276
2026-05-31 18:31:19,447 INFO o.a.j.t.JMeterThread: Thread finished: S5 Overload (500t) 5-276
2026-05-31 18:31:19,490 INFO o.a.j.t.JMeterThread: Stopping because end time detected by thread: S5 Overload (500t) 5-114
2026-05-31 18:31:19,490 INFO o.a.j.t.JMeterThread: Thread finished: S5 Overload (500t) 5-114
2026-05-31 18:31:19,495 INFO o.a.j.t.JMeterThread: Stopping because end time detected by thread: S5 Overload (500t) 5-392
2026-05-31 18:31:19,495 INFO o.a.j.t.JMeterThread: Thread finished: S5 Overload (500t) 5-392
2026-05-31 18:31:19,496 INFO o.a.j.t.JMeterThread: Stopping because end time detected by thread: S5 Overload (500t) 5-91
2026-05-31 18:31:19,496 INFO o.a.j.t.JMeterThread: Thread finished: S5 Overload (500t) 5-91
2026-05-31 18:31:19,535 INFO o.a.j.t.JMeterThread: Stopping because end time detected by thread: S5 Overload (500t) 5-203
2026-05-31 18:31:19,535 INFO o.a.j.t.JMeterThread: Thread finished: S5 Overload (500t) 5-203
2026-05-31 18:31:19,738 INFO o.a.j.t.JMeterThread: Stopping because end time detected by thread: S5 Overload (500t) 5-426
2026-05-31 18:31:19,738 INFO o.a.j.t.JMeterThread: Thread finished: S5 Overload (500t) 5-426
2026-05-31 18:31:19,767 INFO o.a.j.t.JMeterThread: Stopping because end time detected by thread: S5 Overload (500t) 5-495
2026-05-31 18:31:19,767 INFO o.a.j.t.JMeterThread: Thread finished: S5 Overload (500t) 5-495
2026-05-31 18:31:19,811 INFO o.a.j.t.JMeterThread: Stopping because end time detected by thread: S5 Overload (500t) 5-375
2026-05-31 18:31:19,811 INFO o.a.j.t.JMeterThread: Thread finished: S5 Overload (500t) 5-375
2026-05-31 18:31:19,855 INFO o.a.j.t.JMeterThread: Stopping because end time detected by thread: S5 Overload (500t) 5-387
2026-05-31 18:31:19,855 INFO o.a.j.t.JMeterThread: Thread finished: S5 Overload (500t) 5-387
2026-05-31 18:31:19,995 INFO o.a.j.t.JMeterThread: Stopping because end time detected by thread: S5 Overload (500t) 5-111
2026-05-31 18:31:19,995 INFO o.a.j.t.JMeterThread: Thread finished: S5 Overload (500t) 5-111
2026-05-31 18:31:20,018 INFO o.a.j.t.JMeterThread: Stopping because end time detected by thread: S5 Overload (500t) 5-25
2026-05-31 18:31:20,018 INFO o.a.j.t.JMeterThread: Thread finished: S5 Overload (500t) 5-25
2026-05-31 18:31:20,094 INFO o.a.j.t.JMeterThread: Stopping because end time detected by thread: S5 Overload (500t) 5-365
2026-05-31 18:31:20,094 INFO o.a.j.t.JMeterThread: Thread finished: S5 Overload (500t) 5-365
2026-05-31 18:31:20,128 INFO o.a.j.t.JMeterThread: Stopping because end time detected by thread: S5 Overload (500t) 5-15
2026-05-31 18:31:20,128 INFO o.a.j.t.JMeterThread: Thread finished: S5 Overload (500t) 5-15
2026-05-31 18:31:20,147 INFO o.a.j.t.JMeterThread: Stopping because end time detected by thread: S5 Overload (500t) 5-60
2026-05-31 18:31:20,147 INFO o.a.j.t.JMeterThread: Thread finished: S5 Overload (500t) 5-60
2026-05-31 18:31:20,279 INFO o.a.j.t.JMeterThread: Stopping because end time detected by thread: S5 Overload (500t) 5-213
2026-05-31 18:31:20,279 INFO o.a.j.t.JMeterThread: Thread finished: S5 Overload (500t) 5-213
2026-05-31 18:31:20,293 INFO o.a.j.t.JMeterThread: Stopping because end time detected by thread: S5 Overload (500t) 5-13
2026-05-31 18:31:20,293 INFO o.a.j.t.JMeterThread: Thread finished: S5 Overload (500t) 5-13
2026-05-31 18:31:20,476 INFO o.a.j.t.JMeterThread: Stopping because end time detected by thread: S5 Overload (500t) 5-499
2026-05-31 18:31:20,477 INFO o.a.j.t.JMeterThread: Thread finished: S5 Overload (500t) 5-499
2026-05-31 18:31:20,555 INFO o.a.j.t.JMeterThread: Stopping because end time detected by thread: S5 Overload (500t) 5-368
2026-05-31 18:31:20,555 INFO o.a.j.t.JMeterThread: Thread finished: S5 Overload (500t) 5-368
2026-05-31 18:31:20,654 INFO o.a.j.t.JMeterThread: Stopping because end time detected by thread: S5 Overload (500t) 5-480
2026-05-31 18:31:20,654 INFO o.a.j.t.JMeterThread: Thread finished: S5 Overload (500t) 5-480
2026-05-31 18:31:20,716 INFO o.a.j.t.JMeterThread: Stopping because end time detected by thread: S5 Overload (500t) 5-406
2026-05-31 18:31:20,716 INFO o.a.j.t.JMeterThread: Thread finished: S5 Overload (500t) 5-406
2026-05-31 18:31:20,811 INFO o.a.j.t.JMeterThread: Stopping because end time detected by thread: S5 Overload (500t) 5-494
2026-05-31 18:31:20,811 INFO o.a.j.t.JMeterThread: Thread finished: S5 Overload (500t) 5-494
2026-05-31 18:31:20,834 INFO o.a.j.t.JMeterThread: Stopping because end time detected by thread: S5 Overload (500t) 5-459
2026-05-31 18:31:20,834 INFO o.a.j.t.JMeterThread: Stopping because end time detected by thread: S5 Overload (500t) 5-19
2026-05-31 18:31:20,834 INFO o.a.j.t.JMeterThread: Thread finished: S5 Overload (500t) 5-459
2026-05-31 18:31:20,834 INFO o.a.j.t.JMeterThread: Thread finished: S5 Overload (500t) 5-19
2026-05-31 18:31:20,835 INFO o.a.j.t.JMeterThread: Stopping because end time detected by thread: S5 Overload (500t) 5-78
2026-05-31 18:31:20,835 INFO o.a.j.t.JMeterThread: Thread finished: S5 Overload (500t) 5-78
2026-05-31 18:31:21,110 INFO o.a.j.t.JMeterThread: Stopping because end time detected by thread: S5 Overload (500t) 5-7
2026-05-31 18:31:21,110 INFO o.a.j.t.JMeterThread: Thread finished: S5 Overload (500t) 5-7
2026-05-31 18:31:21,131 INFO o.a.j.t.JMeterThread: Stopping because end time detected by thread: S5 Overload (500t) 5-140
2026-05-31 18:31:21,131 INFO o.a.j.t.JMeterThread: Thread finished: S5 Overload (500t) 5-140
2026-05-31 18:31:21,270 INFO o.a.j.t.JMeterThread: Stopping because end time detected by thread: S5 Overload (500t) 5-79
2026-05-31 18:31:21,270 INFO o.a.j.t.JMeterThread: Thread finished: S5 Overload (500t) 5-79
2026-05-31 18:31:21,307 INFO o.a.j.t.JMeterThread: Stopping because end time detected by thread: S5 Overload (500t) 5-334
2026-05-31 18:31:21,307 INFO o.a.j.t.JMeterThread: Thread finished: S5 Overload (500t) 5-334
2026-05-31 18:31:21,546 INFO o.a.j.t.JMeterThread: Stopping because end time detected by thread: S5 Overload (500t) 5-469
2026-05-31 18:31:21,546 INFO o.a.j.t.JMeterThread: Thread finished: S5 Overload (500t) 5-469
2026-05-31 18:31:21,598 INFO o.a.j.t.JMeterThread: Stopping because end time detected by thread: S5 Overload (500t) 5-400
2026-05-31 18:31:21,598 INFO o.a.j.t.JMeterThread: Thread finished: S5 Overload (500t) 5-400
2026-05-31 18:31:21,643 INFO o.a.j.t.JMeterThread: Stopping because end time detected by thread: S5 Overload (500t) 5-404
2026-05-31 18:31:21,643 INFO o.a.j.t.JMeterThread: Thread finished: S5 Overload (500t) 5-404
2026-05-31 18:31:21,767 INFO o.a.j.t.JMeterThread: Stopping because end time detected by thread: S5 Overload (500t) 5-176
2026-05-31 18:31:21,767 INFO o.a.j.t.JMeterThread: Thread finished: S5 Overload (500t) 5-176
2026-05-31 18:31:21,779 INFO o.a.j.t.JMeterThread: Stopping because end time detected by thread: S5 Overload (500t) 5-500
2026-05-31 18:31:21,779 INFO o.a.j.t.JMeterThread: Thread finished: S5 Overload (500t) 5-500
2026-05-31 18:31:21,780 INFO o.a.j.t.JMeterThread: Stopping because end time detected by thread: S5 Overload (500t) 5-475
2026-05-31 18:31:21,780 INFO o.a.j.t.JMeterThread: Thread finished: S5 Overload (500t) 5-475
2026-05-31 18:31:21,852 INFO o.a.j.t.JMeterThread: Stopping because end time detected by thread: S5 Overload (500t) 5-386
2026-05-31 18:31:21,852 INFO o.a.j.t.JMeterThread: Thread finished: S5 Overload (500t) 5-386
2026-05-31 18:31:21,894 INFO o.a.j.t.JMeterThread: Stopping because end time detected by thread: S5 Overload (500t) 5-47
2026-05-31 18:31:21,894 INFO o.a.j.t.JMeterThread: Thread finished: S5 Overload (500t) 5-47
2026-05-31 18:31:21,945 INFO o.a.j.t.JMeterThread: Stopping because end time detected by thread: S5 Overload (500t) 5-131
2026-05-31 18:31:21,945 INFO o.a.j.t.JMeterThread: Thread finished: S5 Overload (500t) 5-131
2026-05-31 18:31:22,091 INFO o.a.j.t.JMeterThread: Stopping because end time detected by thread: S5 Overload (500t) 5-462
2026-05-31 18:31:22,091 INFO o.a.j.t.JMeterThread: Thread finished: S5 Overload (500t) 5-462
2026-05-31 18:31:22,116 INFO o.a.j.t.JMeterThread: Stopping because end time detected by thread: S5 Overload (500t) 5-496
2026-05-31 18:31:22,116 INFO o.a.j.t.JMeterThread: Thread finished: S5 Overload (500t) 5-496
2026-05-31 18:31:22,117 INFO o.a.j.t.JMeterThread: Stopping because end time detected by thread: S5 Overload (500t) 5-281
2026-05-31 18:31:22,117 INFO o.a.j.t.JMeterThread: Thread finished: S5 Overload (500t) 5-281
2026-05-31 18:31:22,149 INFO o.a.j.t.JMeterThread: Stopping because end time detected by thread: S5 Overload (500t) 5-267
2026-05-31 18:31:22,149 INFO o.a.j.t.JMeterThread: Thread finished: S5 Overload (500t) 5-267
2026-05-31 18:31:22,416 INFO o.a.j.t.JMeterThread: Stopping because end time detected by thread: S5 Overload (500t) 5-352
2026-05-31 18:31:22,416 INFO o.a.j.t.JMeterThread: Thread finished: S5 Overload (500t) 5-352
2026-05-31 18:31:22,651 INFO o.a.j.t.JMeterThread: Stopping because end time detected by thread: S5 Overload (500t) 5-215
2026-05-31 18:31:22,651 INFO o.a.j.t.JMeterThread: Thread finished: S5 Overload (500t) 5-215
2026-05-31 18:31:22,667 INFO o.a.j.t.JMeterThread: Stopping because end time detected by thread: S5 Overload (500t) 5-342
2026-05-31 18:31:22,667 INFO o.a.j.t.JMeterThread: Thread finished: S5 Overload (500t) 5-342
2026-05-31 18:31:22,751 INFO o.a.j.t.JMeterThread: Stopping because end time detected by thread: S5 Overload (500t) 5-325
2026-05-31 18:31:22,751 INFO o.a.j.t.JMeterThread: Thread finished: S5 Overload (500t) 5-325
2026-05-31 18:31:22,806 INFO o.a.j.t.JMeterThread: Stopping because end time detected by thread: S5 Overload (500t) 5-479
2026-05-31 18:31:22,807 INFO o.a.j.t.JMeterThread: Thread finished: S5 Overload (500t) 5-479
2026-05-31 18:31:22,813 INFO o.a.j.t.JMeterThread: Stopping because end time detected by thread: S5 Overload (500t) 5-1
2026-05-31 18:31:22,813 INFO o.a.j.t.JMeterThread: Thread finished: S5 Overload (500t) 5-1
2026-05-31 18:31:23,053 INFO o.a.j.t.JMeterThread: Stopping because end time detected by thread: S5 Overload (500t) 5-205
2026-05-31 18:31:23,053 INFO o.a.j.t.JMeterThread: Thread finished: S5 Overload (500t) 5-205
2026-05-31 18:31:23,214 INFO o.a.j.t.JMeterThread: Stopping because end time detected by thread: S5 Overload (500t) 5-370
2026-05-31 18:31:23,214 INFO o.a.j.t.JMeterThread: Thread finished: S5 Overload (500t) 5-370
2026-05-31 18:31:23,240 INFO o.a.j.t.JMeterThread: Stopping because end time detected by thread: S5 Overload (500t) 5-97
2026-05-31 18:31:23,240 INFO o.a.j.t.JMeterThread: Thread finished: S5 Overload (500t) 5-97
2026-05-31 18:31:23,416 INFO o.a.j.t.JMeterThread: Stopping because end time detected by thread: S5 Overload (500t) 5-125
2026-05-31 18:31:23,416 INFO o.a.j.t.JMeterThread: Thread finished: S5 Overload (500t) 5-125
2026-05-31 18:31:23,526 INFO o.a.j.t.JMeterThread: Stopping because end time detected by thread: S5 Overload (500t) 5-411
2026-05-31 18:31:23,526 INFO o.a.j.t.JMeterThread: Thread finished: S5 Overload (500t) 5-411
2026-05-31 18:31:23,708 INFO o.a.j.t.JMeterThread: Stopping because end time detected by thread: S5 Overload (500t) 5-298
2026-05-31 18:31:23,708 INFO o.a.j.t.JMeterThread: Thread finished: S5 Overload (500t) 5-298
2026-05-31 18:31:23,767 INFO o.a.j.t.JMeterThread: Stopping because end time detected by thread: S5 Overload (500t) 5-164
2026-05-31 18:31:23,767 INFO o.a.j.t.JMeterThread: Thread finished: S5 Overload (500t) 5-164
2026-05-31 18:31:23,781 INFO o.a.j.t.JMeterThread: Stopping because end time detected by thread: S5 Overload (500t) 5-393
2026-05-31 18:31:23,781 INFO o.a.j.t.JMeterThread: Thread finished: S5 Overload (500t) 5-393
2026-05-31 18:31:24,041 INFO o.a.j.t.JMeterThread: Stopping because end time detected by thread: S5 Overload (500t) 5-139
2026-05-31 18:31:24,041 INFO o.a.j.t.JMeterThread: Thread finished: S5 Overload (500t) 5-139
2026-05-31 18:31:24,692 INFO o.a.j.t.JMeterThread: Stopping because end time detected by thread: S5 Overload (500t) 5-166
2026-05-31 18:31:24,692 INFO o.a.j.t.JMeterThread: Thread finished: S5 Overload (500t) 5-166
2026-05-31 18:31:25,030 INFO o.a.j.t.JMeterThread: Stopping because end time detected by thread: S5 Overload (500t) 5-483
2026-05-31 18:31:25,031 INFO o.a.j.t.JMeterThread: Thread finished: S5 Overload (500t) 5-483
2026-05-31 18:31:25,032 INFO o.a.j.t.JMeterThread: Stopping because end time detected by thread: S5 Overload (500t) 5-104
2026-05-31 18:31:25,032 INFO o.a.j.t.JMeterThread: Thread finished: S5 Overload (500t) 5-104
2026-05-31 18:31:25,937 INFO o.a.j.t.JMeterThread: Stopping because end time detected by thread: S5 Overload (500t) 5-413
2026-05-31 18:31:25,937 INFO o.a.j.t.JMeterThread: Thread finished: S5 Overload (500t) 5-413
2026-05-31 18:31:26,025 INFO o.a.j.t.JMeterThread: Stopping because end time detected by thread: S5 Overload (500t) 5-418
2026-05-31 18:31:26,025 INFO o.a.j.t.JMeterThread: Thread finished: S5 Overload (500t) 5-418
2026-05-31 18:31:26,601 INFO o.a.j.t.JMeterThread: Stopping because end time detected by thread: S5 Overload (500t) 5-315
2026-05-31 18:31:26,601 INFO o.a.j.t.JMeterThread: Thread finished: S5 Overload (500t) 5-315
2026-05-31 18:31:26,990 INFO o.a.j.t.JMeterThread: Stopping because end time detected by thread: S5 Overload (500t) 5-12
2026-05-31 18:31:26,990 INFO o.a.j.t.JMeterThread: Thread finished: S5 Overload (500t) 5-12
2026-05-31 18:31:27,119 INFO o.a.j.t.JMeterThread: Stopping because end time detected by thread: S5 Overload (500t) 5-492
2026-05-31 18:31:27,119 INFO o.a.j.t.JMeterThread: Thread finished: S5 Overload (500t) 5-492
2026-05-31 18:31:27,449 INFO o.a.j.t.JMeterThread: Stopping because end time detected by thread: S5 Overload (500t) 5-299
2026-05-31 18:31:27,449 INFO o.a.j.t.JMeterThread: Thread finished: S5 Overload (500t) 5-299
2026-05-31 18:31:27,545 INFO o.a.j.t.JMeterThread: Stopping because end time detected by thread: S5 Overload (500t) 5-209
2026-05-31 18:31:27,545 INFO o.a.j.t.JMeterThread: Thread finished: S5 Overload (500t) 5-209
2026-05-31 18:32:06,846 INFO o.a.j.t.JMeterThread: Stopping because end time detected by thread: S5 Overload (500t) 5-21
2026-05-31 18:32:06,846 INFO o.a.j.t.JMeterThread: Thread finished: S5 Overload (500t) 5-21
2026-05-31 18:32:13,593 INFO o.a.j.t.JMeterThread: Stopping because end time detected by thread: S5 Overload (500t) 5-70
2026-05-31 18:32:13,593 INFO o.a.j.t.JMeterThread: Thread finished: S5 Overload (500t) 5-70
2026-05-31 18:32:25,443 INFO o.a.j.t.JMeterThread: Stopping because end time detected by thread: S5 Overload (500t) 5-394
2026-05-31 18:32:25,443 INFO o.a.j.t.JMeterThread: Thread finished: S5 Overload (500t) 5-394
2026-05-31 18:32:28,950 INFO o.a.j.t.JMeterThread: Stopping because end time detected by thread: S5 Overload (500t) 5-326
2026-05-31 18:32:28,950 INFO o.a.j.t.JMeterThread: Thread finished: S5 Overload (500t) 5-326
2026-05-31 18:32:34,847 INFO o.a.j.r.Summariser: summary +   8343 in 00:01:35 =   88.0/s Avg:   920 Min:     1 Max: 144012 Err:  8015 (96.07%) Active: 1 Started: 1250 Finished: 1249
2026-05-31 18:32:34,847 INFO o.a.j.r.Summariser: summary = 229798 in 00:22:22 =  171.3/s Avg:   914 Min:     1 Max: 144012 Err: 145919 (63.50%)
2026-05-31 18:32:34,847 INFO o.a.j.t.JMeterThread: Stopping because end time detected by thread: S5 Overload (500t) 5-16
2026-05-31 18:32:34,847 INFO o.a.j.t.JMeterThread: Thread finished: S5 Overload (500t) 5-16
2026-05-31 18:32:34,848 INFO o.a.j.e.StandardJMeterEngine: Notifying test listeners of end of test
2026-05-31 18:32:34,853 INFO o.a.j.r.Summariser: summary = 229798 in 00:22:22 =  171.3/s Avg:   914 Min:     1 Max: 144012 Err: 145919 (63.50%)
